<?xml version="1.0" encoding="UTF-8"?>
<gpx creator="Garmin Connect" version="1.1"
  xsi:schemaLocation="http://www.topografix.com/GPX/1/1 http://www.topografix.com/GPX/11.xsd"
  xmlns:ns3="http://www.garmin.com/xmlschemas/TrackPointExtension/v1"
  xmlns="http://www.topografix.com/GPX/1/1"
  xmlns:xsi="http://www.w3.org/2001/XMLSchema-instance" xmlns:ns2="http://www.garmin.com/xmlschemas/GpxExtensions/v3">
  <metadata>
    <name>Maidstone Charing Heath</name>
    <link href="connect.garmin.com">
      <text>Garmin Connect</text>
    </link>
    <time>2026-08-22T14:27:23.000Z</time>
  </metadata>
  <wpt lat="51.31458291179703" lon="0.51200722351902">
    <ele>0.0</ele>
    <name>Hulppost</name>
    <cmt>Shell Bluebell Hill</cmt>
    <type>AID STATION</type>
  </wpt>
  <wpt lat="51.26754024255023" lon="0.64321676354356">
    <ele>0.0</ele>
    <name>Hulppost</name>
    <cmt>The Dirty Habit</cmt>
    <type>AID STATION</type>
  </wpt>
  <trk>
    <name>Maidstone Charing Heath</name>
    <trkseg>
      <trkpt lat="51.30085992626846" lon="0.3368299640715122">
        <ele>75.67</ele>
      </trkpt>
      <trkpt lat="51.30076998844743" lon="0.33694999292492867">
        <ele>76.36</ele>
      </trkpt>
      <trkpt lat="51.30058969371021" lon="0.33718024380505085">
        <ele>77.11</ele>
      </trkpt>
      <trkpt lat="51.30040998570621" lon="0.33740999177098274">
        <ele>77.88</ele>
      </trkpt>
      <trkpt lat="51.3003499712795" lon="0.33727998845279217">
        <ele>78.75</ele>
      </trkpt>
      <trkpt lat="51.30020479671657" lon="0.3374501410871744">
        <ele>79.63</ele>
      </trkpt>
      <trkpt lat="51.30005995742977" lon="0.3376199584454298">
        <ele>80.69</ele>
      </trkpt>
      <trkpt lat="51.30007999017835" lon="0.3377799689769745">
        <ele>81.39</ele>
      </trkpt>
      <trkpt lat="51.299919644370675" lon="0.3382009081542492">
        <ele>82.2</ele>
      </trkpt>
      <trkpt lat="51.29975996911526" lon="0.33861991949379444">
        <ele>83.1</ele>
      </trkpt>
      <trkpt lat="51.299643041566014" lon="0.33899081870913506">
        <ele>83.91</ele>
      </trkpt>
      <trkpt lat="51.29952611401677" lon="0.33936171792447567">
        <ele>84.66</ele>
      </trkpt>
      <trkpt lat="51.299409940838814" lon="0.3397299349308014">
        <ele>85.18</ele>
      </trkpt>
      <trkpt lat="51.299389991909266" lon="0.33985993824899197">
        <ele>85.44</ele>
      </trkpt>
      <trkpt lat="51.29943257197738" lon="0.34029873088002205">
        <ele>85.26</ele>
      </trkpt>
      <trkpt lat="51.299474984407425" lon="0.34073492512106895">
        <ele>84.95</ele>
      </trkpt>
      <trkpt lat="51.299517564475536" lon="0.34117371775209904">
        <ele>84.48</ele>
      </trkpt>
      <trkpt lat="51.299559976905584" lon="0.34160999581217766">
        <ele>83.94</ele>
      </trkpt>
      <trkpt lat="51.29950993694365" lon="0.3419199585914612">
        <ele>83.32</ele>
      </trkpt>
      <trkpt lat="51.299439780414104" lon="0.34220066852867603">
        <ele>82.6</ele>
      </trkpt>
      <trkpt lat="51.299369959160686" lon="0.3424799535423517">
        <ele>81.82</ele>
      </trkpt>
      <trkpt lat="51.29926476627588" lon="0.3426953684538603">
        <ele>80.96</ele>
      </trkpt>
      <trkpt lat="51.29915999248624" lon="0.3429099451750517">
        <ele>80.24</ele>
      </trkpt>
      <trkpt lat="51.29918999969959" lon="0.34292997792363167">
        <ele>79.47</ele>
      </trkpt>
      <trkpt lat="51.299420250579715" lon="0.34326542168855667">
        <ele>78.56</ele>
      </trkpt>
      <trkpt lat="51.29964999854565" lon="0.3435999434441328">
        <ele>77.66</ele>
      </trkpt>
      <trkpt lat="51.299825347959995" lon="0.34401576966047287">
        <ele>76.86</ele>
      </trkpt>
      <trkpt lat="51.29999994300306" lon="0.3444299194961786">
        <ele>76.04</ele>
      </trkpt>
      <trkpt lat="51.299989968538284" lon="0.3444299194961786">
        <ele>75.34</ele>
      </trkpt>
      <trkpt lat="51.300107734277844" lon="0.34475564025342464">
        <ele>74.65</ele>
      </trkpt>
      <trkpt lat="51.300224997103214" lon="0.3450799360871315">
        <ele>74.04</ele>
      </trkpt>
      <trkpt lat="51.30034267902374" lon="0.3454056568443775">
        <ele>73.45</ele>
      </trkpt>
      <trkpt lat="51.30045994184911" lon="0.3457299526780844">
        <ele>72.84</ele>
      </trkpt>
      <trkpt lat="51.3005399890244" lon="0.34610998816788197">
        <ele>72.27</ele>
      </trkpt>
      <trkpt lat="51.30061014555395" lon="0.34654115326702595">
        <ele>71.79</ele>
      </trkpt>
      <trkpt lat="51.300679966807365" lon="0.3469699714332819">
        <ele>71.33</ele>
      </trkpt>
      <trkpt lat="51.30073009058833" lon="0.34734263084828854">
        <ele>70.83</ele>
      </trkpt>
      <trkpt lat="51.3007802143693" lon="0.3477153740823269">
        <ele>70.4</ele>
      </trkpt>
      <trkpt lat="51.300830002874136" lon="0.34808493219316006">
        <ele>70.02</ele>
      </trkpt>
      <trkpt lat="51.3008801266551" lon="0.3484576754271984">
        <ele>69.66</ele>
      </trkpt>
      <trkpt lat="51.30093025043607" lon="0.34883033484220505">
        <ele>69.24</ele>
      </trkpt>
      <trkpt lat="51.300979955121875" lon="0.34919997677206993">
        <ele>68.78</ele>
      </trkpt>
      <trkpt lat="51.30102010443807" lon="0.349606079980731">
        <ele>68.23</ele>
      </trkpt>
      <trkpt lat="51.30105991847813" lon="0.3500099200755358">
        <ele>67.71</ele>
      </trkpt>
      <trkpt lat="51.30113996565342" lon="0.3502699267119169">
        <ele>67.32</ele>
      </trkpt>
      <trkpt lat="51.301255133002996" lon="0.35048031248152256">
        <ele>66.99</ele>
      </trkpt>
      <trkpt lat="51.30136996507645" lon="0.35068994387984276">
        <ele>66.69</ele>
      </trkpt>
      <trkpt lat="51.30145512521267" lon="0.35098062828183174">
        <ele>66.43</ele>
      </trkpt>
      <trkpt lat="51.301539950072765" lon="0.3512699715793133">
        <ele>66.17</ele>
      </trkpt>
      <trkpt lat="51.301539950072765" lon="0.35162100568413734">
        <ele>66.08</ele>
      </trkpt>
      <trkpt lat="51.301539950072765" lon="0.3519699443131685">
        <ele>65.94</ele>
      </trkpt>
      <trkpt lat="51.30146979354322" lon="0.35235350020229816">
        <ele>65.83</ele>
      </trkpt>
      <trkpt lat="51.3013999722898" lon="0.3527349606156349">
        <ele>65.61</ele>
      </trkpt>
      <trkpt lat="51.30132973194122" lon="0.35311851650476456">
        <ele>65.32</ele>
      </trkpt>
      <trkpt lat="51.301259994506836" lon="0.3534999769181013">
        <ele>65.11</ele>
      </trkpt>
      <trkpt lat="51.30148253403604" lon="0.353562505915761">
        <ele>64.82</ele>
      </trkpt>
      <trkpt lat="51.30170498974621" lon="0.35362495109438896">
        <ele>64.59</ele>
      </trkpt>
      <trkpt lat="51.30192752927542" lon="0.35368748009204865">
        <ele>64.4</ele>
      </trkpt>
      <trkpt lat="51.30214998498559" lon="0.3537499252706766">
        <ele>64.13</ele>
      </trkpt>
      <trkpt lat="51.30242004990578" lon="0.35385251976549625">
        <ele>64.08</ele>
      </trkpt>
      <trkpt lat="51.3026899471879" lon="0.35395494662225246">
        <ele>64.14</ele>
      </trkpt>
      <trkpt lat="51.30296009592712" lon="0.3540574572980404">
        <ele>64.27</ele>
      </trkpt>
      <trkpt lat="51.30322999320924" lon="0.3541599679738283">
        <ele>64.43</ele>
      </trkpt>
      <trkpt lat="51.30341003648937" lon="0.3542700223624706">
        <ele>64.65</ele>
      </trkpt>
      <trkpt lat="51.30358999595046" lon="0.3543799929320812">
        <ele>64.91</ele>
      </trkpt>
      <trkpt lat="51.30376995541155" lon="0.3547599446028471">
        <ele>65.27</ele>
      </trkpt>
      <trkpt lat="51.30376995541155" lon="0.3551962226629257">
        <ele>65.61</ele>
      </trkpt>
      <trkpt lat="51.30376995541155" lon="0.3556299861520529">
        <ele>65.93</ele>
      </trkpt>
      <trkpt lat="51.30382007919252" lon="0.35599091090261936">
        <ele>66.33</ele>
      </trkpt>
      <trkpt lat="51.30386995151639" lon="0.3563499916344881">
        <ele>66.77</ele>
      </trkpt>
      <trkpt lat="51.303963493555784" lon="0.35665400326251984">
        <ele>67.24</ele>
      </trkpt>
      <trkpt lat="51.30405703559518" lon="0.3569580987095833">
        <ele>67.72</ele>
      </trkpt>
      <trkpt lat="51.30414999090135" lon="0.3572599310427904">
        <ele>68.22</ele>
      </trkpt>
      <trkpt lat="51.30421008914709" lon="0.3576610889285803">
        <ele>68.74</ele>
      </trkpt>
      <trkpt lat="51.304269935935736" lon="0.35805998370051384">
        <ele>69.23</ele>
      </trkpt>
      <trkpt lat="51.30452340468764" lon="0.3581299725919962">
        <ele>69.66</ele>
      </trkpt>
      <trkpt lat="51.30477678962052" lon="0.35819996148347855">
        <ele>70.03</ele>
      </trkpt>
      <trkpt lat="51.3050299230963" lon="0.3582699503749609">
        <ele>70.34</ele>
      </trkpt>
      <trkpt lat="51.3053201045841" lon="0.35838503390550613">
        <ele>70.66</ele>
      </trkpt>
      <trkpt lat="51.30560995079577" lon="0.35849994979798794">
        <ele>70.89</ele>
      </trkpt>
      <trkpt lat="51.305769961327314" lon="0.35888995975255966">
        <ele>71.06</ele>
      </trkpt>
      <trkpt lat="51.30586015060544" lon="0.359295979142189">
        <ele>71.06</ele>
      </trkpt>
      <trkpt lat="51.30594992078841" lon="0.3596999868750572">
        <ele>70.99</ele>
      </trkpt>
      <trkpt lat="51.30607523024082" lon="0.3600457403808832">
        <ele>70.76</ele>
      </trkpt>
      <trkpt lat="51.306199952960014" lon="0.36038998514413834">
        <ele>70.43</ele>
      </trkpt>
      <trkpt lat="51.30639533512294" lon="0.36077563650906086">
        <ele>70.07</ele>
      </trkpt>
      <trkpt lat="51.306589962914586" lon="0.36115994676947594">
        <ele>69.64</ele>
      </trkpt>
      <trkpt lat="51.30680521018803" lon="0.3614052012562752">
        <ele>69.04</ele>
      </trkpt>
      <trkpt lat="51.307019954547286" lon="0.3616499528288841">
        <ele>68.29</ele>
      </trkpt>
      <trkpt lat="51.30710511468351" lon="0.3618654515594244">
        <ele>67.45</ele>
      </trkpt>
      <trkpt lat="51.307189939543605" lon="0.3620799444615841">
        <ele>66.45</ele>
      </trkpt>
      <trkpt lat="51.307296892628074" lon="0.3624474909156561">
        <ele>65.21</ele>
      </trkpt>
      <trkpt lat="51.30740384571254" lon="0.3628150373697281">
        <ele>63.96</ele>
      </trkpt>
      <trkpt lat="51.307509960606694" lon="0.3631799854338169">
        <ele>62.71</ele>
      </trkpt>
      <trkpt lat="51.30760350264609" lon="0.3635876812040806">
        <ele>61.46</ele>
      </trkpt>
      <trkpt lat="51.307697128504515" lon="0.36399537697434425">
        <ele>60.4</ele>
      </trkpt>
      <trkpt lat="51.307789999991655" lon="0.36439997144043446">
        <ele>59.36</ele>
      </trkpt>
      <trkpt lat="51.30782671272755" lon="0.36473759450018406">
        <ele>58.25</ele>
      </trkpt>
      <trkpt lat="51.30786350928247" lon="0.36507521755993366">
        <ele>57.16</ele>
      </trkpt>
      <trkpt lat="51.307899970561266" lon="0.36540999077260494">
        <ele>56.15</ele>
      </trkpt>
      <trkpt lat="51.30793006159365" lon="0.3658612724393606">
        <ele>55.18</ele>
      </trkpt>
      <trkpt lat="51.30796015262604" lon="0.3663125541061163">
        <ele>54.29</ele>
      </trkpt>
      <trkpt lat="51.30798999220133" lon="0.36675998009741306">
        <ele>53.47</ele>
      </trkpt>
      <trkpt lat="51.30816995166242" lon="0.3668299689888954">
        <ele>52.88</ele>
      </trkpt>
      <trkpt lat="51.308430042117834" lon="0.36676492542028427">
        <ele>52.48</ele>
      </trkpt>
      <trkpt lat="51.30868996493518" lon="0.36669996567070484">
        <ele>52.11</ele>
      </trkpt>
      <trkpt lat="51.3088099937886" lon="0.3666599839925766">
        <ele>51.75</ele>
      </trkpt>
      <trkpt lat="51.30906991660595" lon="0.3664399590343237">
        <ele>51.43</ele>
      </trkpt>
      <trkpt lat="51.309319948777556" lon="0.36639997735619545">
        <ele>51.16</ele>
      </trkpt>
      <trkpt lat="51.30954994820058" lon="0.3664499334990978">
        <ele>51.0</ele>
      </trkpt>
      <trkpt lat="51.30975999869406" lon="0.3664399590343237">
        <ele>50.99</ele>
      </trkpt>
      <trkpt lat="51.30996996536851" lon="0.36642998456954956">
        <ele>51.05</ele>
      </trkpt>
      <trkpt lat="51.31023500114679" lon="0.36647994071245193">
        <ele>51.17</ele>
      </trkpt>
      <trkpt lat="51.310499953106046" lon="0.366529980674386">
        <ele>51.35</ele>
      </trkpt>
      <trkpt lat="51.310479920357466" lon="0.36661991849541664">
        <ele>51.57</ele>
      </trkpt>
      <trkpt lat="51.31045997142792" lon="0.3668499179184437">
        <ele>51.89</ele>
      </trkpt>
      <trkpt lat="51.3104850333184" lon="0.36710070446133614">
        <ele>52.27</ele>
      </trkpt>
      <trkpt lat="51.31050992757082" lon="0.3673499822616577">
        <ele>52.71</ele>
      </trkpt>
      <trkpt lat="51.31052501499653" lon="0.3676156885921955">
        <ele>53.19</ele>
      </trkpt>
      <trkpt lat="51.310539934784174" lon="0.36787996999919415">
        <ele>53.7</ele>
      </trkpt>
      <trkpt lat="51.31048981100321" lon="0.36836134269833565">
        <ele>54.13</ele>
      </trkpt>
      <trkpt lat="51.31043993867934" lon="0.36883994936943054">
        <ele>54.5</ele>
      </trkpt>
      <trkpt lat="51.31042996421456" lon="0.369189977645874">
        <ele>55.03</ele>
      </trkpt>
      <trkpt lat="51.310434993356466" lon="0.3695459570735693">
        <ele>55.66</ele>
      </trkpt>
      <trkpt lat="51.31043993867934" lon="0.3698999248445034">
        <ele>56.37</ele>
      </trkpt>
      <trkpt lat="51.31046005524695" lon="0.3702610172331333">
        <ele>57.11</ele>
      </trkpt>
      <trkpt lat="51.310479920357466" lon="0.37061993032693863">
        <ele>57.93</ele>
      </trkpt>
      <trkpt lat="51.310479920357466" lon="0.37092997692525387">
        <ele>58.77</ele>
      </trkpt>
      <trkpt lat="51.31044991314411" lon="0.37118570879101753">
        <ele>59.66</ele>
      </trkpt>
      <trkpt lat="51.31041998974979" lon="0.3714399319142103">
        <ele>60.59</ele>
      </trkpt>
      <trkpt lat="51.31065996363759" lon="0.37157999351620674">
        <ele>61.68</ele>
      </trkpt>
      <trkpt lat="51.31083531305194" lon="0.3719757031649351">
        <ele>62.68</ele>
      </trkpt>
      <trkpt lat="51.311009991914034" lon="0.3723699878901243">
        <ele>63.56</ele>
      </trkpt>
      <trkpt lat="51.31118534132838" lon="0.3727657813578844">
        <ele>64.41</ele>
      </trkpt>
      <trkpt lat="51.311359936371446" lon="0.3731599822640419">
        <ele>65.21</ele>
      </trkpt>
      <trkpt lat="51.311632599681616" lon="0.37328001111745834">
        <ele>66.01</ele>
      </trkpt>
      <trkpt lat="51.31190492771566" lon="0.37339995615184307">
        <ele>66.77</ele>
      </trkpt>
      <trkpt lat="51.31217759102583" lon="0.3735199850052595">
        <ele>67.52</ele>
      </trkpt>
      <trkpt lat="51.31244991905987" lon="0.37363993003964424">
        <ele>68.25</ele>
      </trkpt>
      <trkpt lat="51.31251345388591" lon="0.3732455614954233">
        <ele>68.9</ele>
      </trkpt>
      <trkpt lat="51.31257698871195" lon="0.3728511929512024">
        <ele>69.52</ele>
      </trkpt>
      <trkpt lat="51.31263993680477" lon="0.37245992571115494">
        <ele>70.1</ele>
      </trkpt>
      <trkpt lat="51.31282995454967" lon="0.372529998421669">
        <ele>70.65</ele>
      </trkpt>
      <trkpt lat="51.31303992122412" lon="0.372529998421669">
        <ele>71.16</ele>
      </trkpt>
      <trkpt lat="51.31329506635666" lon="0.3726724907755852">
        <ele>71.66</ele>
      </trkpt>
      <trkpt lat="51.313549960032105" lon="0.37281498312950134">
        <ele>72.14</ele>
      </trkpt>
      <trkpt lat="51.31380510516465" lon="0.3729575593024492">
        <ele>72.54</ele>
      </trkpt>
      <trkpt lat="51.314059998840094" lon="0.3730999678373337">
        <ele>72.92</ele>
      </trkpt>
      <trkpt lat="51.31422000937164" lon="0.37314497865736485">
        <ele>73.3</ele>
      </trkpt>
      <trkpt lat="51.31437993608415" lon="0.373189989477396">
        <ele>73.68</ele>
      </trkpt>
      <trkpt lat="51.314619993790984" lon="0.37338998168706894">
        <ele>74.13</ele>
      </trkpt>
      <trkpt lat="51.314850160852075" lon="0.37356256507337093">
        <ele>74.58</ele>
      </trkpt>
      <trkpt lat="51.31507999263704" lon="0.3737349808216095">
        <ele>74.99</ele>
      </trkpt>
      <trkpt lat="51.31531015969813" lon="0.3739075642079115">
        <ele>75.34</ele>
      </trkpt>
      <trkpt lat="51.31553999148309" lon="0.37407997995615005">
        <ele>75.61</ele>
      </trkpt>
      <trkpt lat="51.31571006029844" lon="0.37419003434479237">
        <ele>75.91</ele>
      </trkpt>
      <trkpt lat="51.31587996147573" lon="0.37429992109537125">
        <ele>76.23</ele>
      </trkpt>
      <trkpt lat="51.31609998643398" lon="0.37448993884027004">
        <ele>76.59</ele>
      </trkpt>
      <trkpt lat="51.31622998975217" lon="0.37448993884027004">
        <ele>77.02</ele>
      </trkpt>
      <trkpt lat="51.31636996753514" lon="0.3744199499487877">
        <ele>77.45</ele>
      </trkpt>
      <trkpt lat="51.31661673076451" lon="0.37426991388201714">
        <ele>78.0</ele>
      </trkpt>
      <trkpt lat="51.31686357781291" lon="0.37411979399621487">
        <ele>78.5</ele>
      </trkpt>
      <trkpt lat="51.31710992194712" lon="0.37396992556750774">
        <ele>78.98</ele>
      </trkpt>
      <trkpt lat="51.31732667796314" lon="0.3739066421985626">
        <ele>79.48</ele>
      </trkpt>
      <trkpt lat="51.317543433979154" lon="0.3738432750105858">
        <ele>79.93</ele>
      </trkpt>
      <trkpt lat="51.317759938538074" lon="0.37377999164164066">
        <ele>80.34</ele>
      </trkpt>
      <trkpt lat="51.31799999624491" lon="0.3737649880349636">
        <ele>80.78</ele>
      </trkpt>
      <trkpt lat="51.31823997013271" lon="0.37374998442828655">
        <ele>81.23</ele>
      </trkpt>
      <trkpt lat="51.31841506808996" lon="0.37383003160357475">
        <ele>81.64</ele>
      </trkpt>
      <trkpt lat="51.31858999840915" lon="0.37390999495983124">
        <ele>82.0</ele>
      </trkpt>
      <trkpt lat="51.31871991790831" lon="0.37399993278086185">
        <ele>82.33</ele>
      </trkpt>
      <trkpt lat="51.31882997229695" lon="0.3741199616342783">
        <ele>82.62</ele>
      </trkpt>
      <trkpt lat="51.31892996840179" lon="0.374279972165823">
        <ele>82.88</ele>
      </trkpt>
      <trkpt lat="51.31918511353433" lon="0.3744150046259165">
        <ele>83.15</ele>
      </trkpt>
      <trkpt lat="51.319439923390746" lon="0.37454995326697826">
        <ele>83.33</ele>
      </trkpt>
      <trkpt lat="51.319629941135645" lon="0.3745599277317524">
        <ele>83.59</ele>
      </trkpt>
      <trkpt lat="51.31985004991293" lon="0.37450997158885">
        <ele>83.86</ele>
      </trkpt>
      <trkpt lat="51.32006999105215" lon="0.37445993162691593">
        <ele>84.11</ele>
      </trkpt>
      <trkpt lat="51.32018515840173" lon="0.3742446005344391">
        <ele>84.45</ele>
      </trkpt>
      <trkpt lat="51.32029999047518" lon="0.37402993999421597">
        <ele>84.79</ele>
      </trkpt>
      <trkpt lat="51.320509957149625" lon="0.37396992556750774">
        <ele>85.08</ele>
      </trkpt>
      <trkpt lat="51.320619927719235" lon="0.3738999366760254">
        <ele>85.45</ele>
      </trkpt>
      <trkpt lat="51.32074515335262" lon="0.3737247548997402">
        <ele>85.92</ele>
      </trkpt>
      <trkpt lat="51.32086995989084" lon="0.3735499922186136">
        <ele>86.5</ele>
      </trkpt>
      <trkpt lat="51.321096774190664" lon="0.37339987233281136">
        <ele>87.13</ele>
      </trkpt>
      <trkpt lat="51.321323588490486" lon="0.3732497524470091">
        <ele>87.9</ele>
      </trkpt>
      <trkpt lat="51.32154998369515" lon="0.3730999678373337">
        <ele>88.7</ele>
      </trkpt>
      <trkpt lat="51.32169993594289" lon="0.3729499317705631">
        <ele>89.59</ele>
      </trkpt>
      <trkpt lat="51.32178995758295" lon="0.37273996509611607">
        <ele>90.57</ele>
      </trkpt>
      <trkpt lat="51.32202691398561" lon="0.3724896814674139">
        <ele>91.6</ele>
      </trkpt>
      <trkpt lat="51.32226378656924" lon="0.37223939783871174">
        <ele>92.71</ele>
      </trkpt>
      <trkpt lat="51.32249998860061" lon="0.37198995240032673">
        <ele>93.89</ele>
      </trkpt>
      <trkpt lat="51.322569977492094" lon="0.3720099851489067">
        <ele>95.17</ele>
      </trkpt>
      <trkpt lat="51.322857812047005" lon="0.3718965779989958">
        <ele>96.56</ele>
      </trkpt>
      <trkpt lat="51.32314573042095" lon="0.37178317084908485">
        <ele>98.21</ele>
      </trkpt>
      <trkpt lat="51.32343331351876" lon="0.37166993133723736">
        <ele>99.95</ele>
      </trkpt>
      <trkpt lat="51.32372114807367" lon="0.37155660800635815">
        <ele>101.83</ele>
      </trkpt>
      <trkpt lat="51.324009066447616" lon="0.3714432008564472">
        <ele>103.66</ele>
      </trkpt>
      <trkpt lat="51.32429664954543" lon="0.3713299613445997">
        <ele>105.47</ele>
      </trkpt>
      <trkpt lat="51.32458448410034" lon="0.3712165541946888">
        <ele>107.28</ele>
      </trkpt>
      <trkpt lat="51.324872402474284" lon="0.3711032308638096">
        <ele>109.21</ele>
      </trkpt>
      <trkpt lat="51.3251599855721" lon="0.3709899913519621">
        <ele>111.21</ele>
      </trkpt>
      <trkpt lat="51.32537171244621" lon="0.3709132969379425">
        <ele>113.13</ele>
      </trkpt>
      <trkpt lat="51.325583439320326" lon="0.3708366025239229">
        <ele>115.01</ele>
      </trkpt>
      <trkpt lat="51.325794998556376" lon="0.37075999192893505">
        <ele>116.84</ele>
      </trkpt>
      <trkpt lat="51.32600672543049" lon="0.37068329751491547">
        <ele>118.64</ele>
      </trkpt>
      <trkpt lat="51.3262184523046" lon="0.3706066031008959">
        <ele>120.39</ele>
      </trkpt>
      <trkpt lat="51.32642992772162" lon="0.370529992505908">
        <ele>122.1</ele>
      </trkpt>
      <trkpt lat="51.32661994546652" lon="0.3703399747610092">
        <ele>123.63</ele>
      </trkpt>
      <trkpt lat="51.326645007357" lon="0.3706508595496416">
        <ele>124.84</ele>
      </trkpt>
      <trkpt lat="51.32666998542845" lon="0.370959984138608">
        <ele>125.88</ele>
      </trkpt>
      <trkpt lat="51.32664986886084" lon="0.3713686019182205">
        <ele>126.64</ele>
      </trkpt>
      <trkpt lat="51.32662991993129" lon="0.37177495658397675">
        <ele>127.23</ele>
      </trkpt>
      <trkpt lat="51.32660988718271" lon="0.372183658182621">
        <ele>127.7</ele>
      </trkpt>
      <trkpt lat="51.326589938253164" lon="0.3725899290293455">
        <ele>128.24</ele>
      </trkpt>
      <trkpt lat="51.32662002928555" lon="0.372855719178915">
        <ele>128.73</ele>
      </trkpt>
      <trkpt lat="51.32664995267987" lon="0.37311991676688194">
        <ele>129.11</ele>
      </trkpt>
      <trkpt lat="51.326726814731956" lon="0.3735427837818861">
        <ele>129.37</ele>
      </trkpt>
      <trkpt lat="51.32680367678404" lon="0.37396556697785854">
        <ele>129.61</ele>
      </trkpt>
      <trkpt lat="51.3268799521029" lon="0.37438491359353065">
        <ele>129.81</ele>
      </trkpt>
      <trkpt lat="51.32695681415498" lon="0.3748077806085348">
        <ele>130.02</ele>
      </trkpt>
      <trkpt lat="51.327033676207066" lon="0.37523056380450726">
        <ele>130.2</ele>
      </trkpt>
      <trkpt lat="51.32710995152593" lon="0.3756499942392111">
        <ele>130.32</ele>
      </trkpt>
      <trkpt lat="51.32718295790255" lon="0.37608057260513306">
        <ele>130.46</ele>
      </trkpt>
      <trkpt lat="51.327255964279175" lon="0.37651115097105503">
        <ele>130.59</ele>
      </trkpt>
      <trkpt lat="51.327328300103545" lon="0.3769382927566767">
        <ele>130.67</ele>
      </trkpt>
      <trkpt lat="51.32740130648017" lon="0.37736887112259865">
        <ele>130.68</ele>
      </trkpt>
      <trkpt lat="51.32747431285679" lon="0.3777994494885206">
        <ele>130.69</ele>
      </trkpt>
      <trkpt lat="51.327546648681164" lon="0.37822659127414227">
        <ele>130.62</ele>
      </trkpt>
      <trkpt lat="51.32761965505779" lon="0.37865716964006424">
        <ele>130.55</ele>
      </trkpt>
      <trkpt lat="51.32769266143441" lon="0.3790877480059862">
        <ele>130.52</ele>
      </trkpt>
      <trkpt lat="51.32776499725878" lon="0.37951488979160786">
        <ele>130.5</ele>
      </trkpt>
      <trkpt lat="51.32783800363541" lon="0.37994546815752983">
        <ele>130.42</ele>
      </trkpt>
      <trkpt lat="51.32791101001203" lon="0.3803761303424835">
        <ele>130.23</ele>
      </trkpt>
      <trkpt lat="51.3279833458364" lon="0.38080327212810516">
        <ele>130.07</ele>
      </trkpt>
      <trkpt lat="51.328056352213025" lon="0.38123385049402714">
        <ele>129.94</ele>
      </trkpt>
      <trkpt lat="51.32812927477062" lon="0.3816644288599491">
        <ele>129.88</ele>
      </trkpt>
      <trkpt lat="51.32820169441402" lon="0.38209157064557076">
        <ele>129.95</ele>
      </trkpt>
      <trkpt lat="51.32827461697161" lon="0.38252223283052444">
        <ele>129.98</ele>
      </trkpt>
      <trkpt lat="51.328347623348236" lon="0.3829528111964464">
        <ele>129.9</ele>
      </trkpt>
      <trkpt lat="51.32841995917261" lon="0.38337995298206806">
        <ele>129.72</ele>
      </trkpt>
      <trkpt lat="51.32852020673454" lon="0.38374087773263454">
        <ele>129.62</ele>
      </trkpt>
      <trkpt lat="51.32862045429647" lon="0.3841017186641693">
        <ele>129.45</ele>
      </trkpt>
      <trkpt lat="51.328719947487116" lon="0.3844599612057209">
        <ele>129.31</ele>
      </trkpt>
      <trkpt lat="51.32887031883001" lon="0.3848733566701412">
        <ele>129.14</ele>
      </trkpt>
      <trkpt lat="51.329019935801625" lon="0.3852849919348955">
        <ele>128.84</ele>
      </trkpt>
      <trkpt lat="51.32917030714452" lon="0.38569838739931583">
        <ele>128.35</ele>
      </trkpt>
      <trkpt lat="51.329319924116135" lon="0.3861099388450384">
        <ele>127.8</ele>
      </trkpt>
      <trkpt lat="51.32945017889142" lon="0.3864038921892643">
        <ele>127.29</ele>
      </trkpt>
      <trkpt lat="51.32958051748574" lon="0.38669776171445847">
        <ele>126.77</ele>
      </trkpt>
      <trkpt lat="51.329709934070706" lon="0.3869899548590183">
        <ele>126.15</ele>
      </trkpt>
      <trkpt lat="51.32979769259691" lon="0.38734082132577896">
        <ele>125.32</ele>
      </trkpt>
      <trkpt lat="51.32988494820893" lon="0.3876899275928736">
        <ele>124.38</ele>
      </trkpt>
      <trkpt lat="51.329972706735134" lon="0.3880408778786659">
        <ele>123.39</ele>
      </trkpt>
      <trkpt lat="51.33005996234715" lon="0.38838998414576054">
        <ele>122.43</ele>
      </trkpt>
      <trkpt lat="51.33010011166334" lon="0.38871084339916706">
        <ele>121.44</ele>
      </trkpt>
      <trkpt lat="51.330139925703406" lon="0.38902994245290756">
        <ele>120.46</ele>
      </trkpt>
      <trkpt lat="51.330069936811924" lon="0.38943998515605927">
        <ele>119.42</ele>
      </trkpt>
      <trkpt lat="51.32996994070709" lon="0.389559930190444">
        <ele>118.4</ele>
      </trkpt>
      <trkpt lat="51.330069936811924" lon="0.38976998068392277">
        <ele>117.42</ele>
      </trkpt>
      <trkpt lat="51.330190217122436" lon="0.39011573418974876">
        <ele>116.4</ele>
      </trkpt>
      <trkpt lat="51.33030999451876" lon="0.3904599789530039">
        <ele>115.35</ele>
      </trkpt>
      <trkpt lat="51.33046271279454" lon="0.39072543382644653">
        <ele>114.36</ele>
      </trkpt>
      <trkpt lat="51.33061492815614" lon="0.3909899666905403">
        <ele>113.38</ele>
      </trkpt>
      <trkpt lat="51.330767730250955" lon="0.39125542156398296">
        <ele>112.41</ele>
      </trkpt>
      <trkpt lat="51.33091994561255" lon="0.39151995442807674">
        <ele>111.51</ele>
      </trkpt>
      <trkpt lat="51.33109521120787" lon="0.391797898337245">
        <ele>110.64</ele>
      </trkpt>
      <trkpt lat="51.33126997388899" lon="0.39207492023706436">
        <ele>109.85</ele>
      </trkpt>
      <trkpt lat="51.33144523948431" lon="0.3923528641462326">
        <ele>109.14</ele>
      </trkpt>
      <trkpt lat="51.331619918346405" lon="0.3926299698650837">
        <ele>108.49</ele>
      </trkpt>
      <trkpt lat="51.33175687864423" lon="0.3929105121642351">
        <ele>107.87</ele>
      </trkpt>
      <trkpt lat="51.33189383894205" lon="0.3931909706443548">
        <ele>107.29</ele>
      </trkpt>
      <trkpt lat="51.33202996104956" lon="0.39346992038190365">
        <ele>106.7</ele>
      </trkpt>
      <trkpt lat="51.33222031407058" lon="0.3938038554042578">
        <ele>106.14</ele>
      </trkpt>
      <trkpt lat="51.332410583272576" lon="0.3941377066075802">
        <ele>105.58</ele>
      </trkpt>
      <trkpt lat="51.33259993046522" lon="0.3944699652493">
        <ele>105.03</ele>
      </trkpt>
      <trkpt lat="51.33275851607323" lon="0.39471195079386234">
        <ele>104.51</ele>
      </trkpt>
      <trkpt lat="51.33291710168123" lon="0.3949540201574564">
        <ele>103.9</ele>
      </trkpt>
      <trkpt lat="51.33307493291795" lon="0.39519491605460644">
        <ele>103.29</ele>
      </trkpt>
      <trkpt lat="51.33323351852596" lon="0.3954369854182005">
        <ele>102.68</ele>
      </trkpt>
      <trkpt lat="51.333392104133964" lon="0.39567905478179455">
        <ele>102.13</ele>
      </trkpt>
      <trkpt lat="51.333549935370684" lon="0.3959199506789446">
        <ele>101.64</ele>
      </trkpt>
      <trkpt lat="51.333569968119264" lon="0.3960799612104893">
        <ele>101.08</ele>
      </trkpt>
      <trkpt lat="51.33356493897736" lon="0.39647357538342476">
        <ele>100.51</ele>
      </trkpt>
      <trkpt lat="51.33355999365449" lon="0.39686492644250393">
        <ele>99.95</ele>
      </trkpt>
      <trkpt lat="51.33355496451259" lon="0.39725862443447113">
        <ele>99.36</ele>
      </trkpt>
      <trkpt lat="51.333549935370684" lon="0.3976499754935503">
        <ele>98.68</ele>
      </trkpt>
      <trkpt lat="51.33360508829355" lon="0.39804350584745407">
        <ele>97.99</ele>
      </trkpt>
      <trkpt lat="51.33366024121642" lon="0.39843712002038956">
        <ele>97.21</ele>
      </trkpt>
      <trkpt lat="51.33371497504413" lon="0.39882746525108814">
        <ele>96.51</ele>
      </trkpt>
      <trkpt lat="51.333770127967" lon="0.3992209956049919">
        <ele>95.91</ele>
      </trkpt>
      <trkpt lat="51.33382528088987" lon="0.3996146097779274">
        <ele>95.39</ele>
      </trkpt>
      <trkpt lat="51.33388001471758" lon="0.400004955008626">
        <ele>94.92</ele>
      </trkpt>
      <trkpt lat="51.33393516764045" lon="0.40039848536252975">
        <ele>94.51</ele>
      </trkpt>
      <trkpt lat="51.333990320563316" lon="0.40079209953546524">
        <ele>94.15</ele>
      </trkpt>
      <trkpt lat="51.334044970571995" lon="0.4011824447661638">
        <ele>93.9</ele>
      </trkpt>
      <trkpt lat="51.33410012349486" lon="0.4015760589390993">
        <ele>93.73</ele>
      </trkpt>
      <trkpt lat="51.33415527641773" lon="0.4019695892930031">
        <ele>93.67</ele>
      </trkpt>
      <trkpt lat="51.33420992642641" lon="0.40235993452370167">
        <ele>93.76</ele>
      </trkpt>
      <trkpt lat="51.334246722981334" lon="0.40274600498378277">
        <ele>93.93</ele>
      </trkpt>
      <trkpt lat="51.33428335189819" lon="0.403131153434515">
        <ele>94.25</ele>
      </trkpt>
      <trkpt lat="51.33428351953626" lon="0.4031321592628956">
        <ele>94.55</ele>
      </trkpt>
      <trkpt lat="51.33431998081505" lon="0.4035149607807398">
        <ele>95.01</ele>
      </trkpt>
      <trkpt lat="51.334356693550944" lon="0.4039010312408209">
        <ele>95.51</ele>
      </trkpt>
      <trkpt lat="51.33439349010587" lon="0.404287101700902">
        <ele>96.05</ele>
      </trkpt>
      <trkpt lat="51.334429951384664" lon="0.4046699870377779">
        <ele>96.58</ele>
      </trkpt>
      <trkpt lat="51.33451519533992" lon="0.40507600642740726">
        <ele>97.13</ele>
      </trkpt>
      <trkpt lat="51.33459993638098" lon="0.40547993034124374">
        <ele>97.67</ele>
      </trkpt>
      <trkpt lat="51.33468518033624" lon="0.4058860335499048">
        <ele>98.14</ele>
      </trkpt>
      <trkpt lat="51.3347699213773" lon="0.4062899574637413">
        <ele>98.55</ele>
      </trkpt>
      <trkpt lat="51.334926914423704" lon="0.4066339507699013">
        <ele>98.98</ele>
      </trkpt>
      <trkpt lat="51.33508390747011" lon="0.40697794407606125">
        <ele>99.43</ele>
      </trkpt>
      <trkpt lat="51.33523997850716" lon="0.40731992572546005">
        <ele>99.76</ele>
      </trkpt>
      <trkpt lat="51.335399989038706" lon="0.40701993741095066">
        <ele>100.18</ele>
      </trkpt>
      <trkpt lat="51.335399989038706" lon="0.4072199296206236">
        <ele>100.31</ele>
      </trkpt>
      <trkpt lat="51.335419937968254" lon="0.40734993293881416">
        <ele>100.4</ele>
      </trkpt>
      <trkpt lat="51.33560995571315" lon="0.40772996842861176">
        <ele>100.43</ele>
      </trkpt>
      <trkpt lat="51.335699977353215" lon="0.40807999670505524">
        <ele>100.32</ele>
      </trkpt>
      <trkpt lat="51.33576015941799" lon="0.40840077213943005">
        <ele>100.13</ele>
      </trkpt>
      <trkpt lat="51.3358199223876" lon="0.40871995501220226">
        <ele>99.89</ele>
      </trkpt>
      <trkpt lat="51.33588010445237" lon="0.4091110546141863">
        <ele>99.58</ele>
      </trkpt>
      <trkpt lat="51.33594028651714" lon="0.4095020703971386">
        <ele>99.17</ele>
      </trkpt>
      <trkpt lat="51.335999965667725" lon="0.40988998487591743">
        <ele>98.68</ele>
      </trkpt>
      <trkpt lat="51.336063500493765" lon="0.4102208185940981">
        <ele>98.21</ele>
      </trkpt>
      <trkpt lat="51.33612695150077" lon="0.41055173613131046">
        <ele>97.65</ele>
      </trkpt>
      <trkpt lat="51.33618998341262" lon="0.41087997145950794">
        <ele>97.08</ele>
      </trkpt>
      <trkpt lat="51.33628017269075" lon="0.4112057760357857">
        <ele>96.42</ele>
      </trkpt>
      <trkpt lat="51.336369942873716" lon="0.4115299880504608">
        <ele>95.71</ele>
      </trkpt>
      <trkpt lat="51.33651025593281" lon="0.41186568327248096">
        <ele>95.0</ele>
      </trkpt>
      <trkpt lat="51.33664998225868" lon="0.41219995357096195">
        <ele>94.27</ele>
      </trkpt>
      <trkpt lat="51.33682365529239" lon="0.412580743432045">
        <ele>93.53</ele>
      </trkpt>
      <trkpt lat="51.336997328326106" lon="0.4129614494740963">
        <ele>92.82</ele>
      </trkpt>
      <trkpt lat="51.33716999553144" lon="0.413339976221323">
        <ele>92.09</ele>
      </trkpt>
      <trkpt lat="51.33729019202292" lon="0.4135403037071228">
        <ele>91.44</ele>
      </trkpt>
      <trkpt lat="51.33740996941924" lon="0.41373996064066887">
        <ele>90.83</ele>
      </trkpt>
      <trkpt lat="51.33754852227867" lon="0.4140255320817232">
        <ele>90.18</ele>
      </trkpt>
      <trkpt lat="51.337687158957124" lon="0.41431101970374584">
        <ele>89.61</ele>
      </trkpt>
      <trkpt lat="51.337824957445264" lon="0.4145949147641659">
        <ele>89.07</ele>
      </trkpt>
      <trkpt lat="51.33796359412372" lon="0.4148804862052202">
        <ele>88.45</ele>
      </trkpt>
      <trkpt lat="51.33810214698315" lon="0.41516605764627457">
        <ele>87.84</ele>
      </trkpt>
      <trkpt lat="51.33823994547129" lon="0.4154499527066946">
        <ele>87.14</ele>
      </trkpt>
      <trkpt lat="51.33837355300784" lon="0.41573720052838326">
        <ele>86.38</ele>
      </trkpt>
      <trkpt lat="51.338507160544395" lon="0.4160243645310402">
        <ele>85.58</ele>
      </trkpt>
      <trkpt lat="51.33863992989063" lon="0.41630993597209454">
        <ele>84.8</ele>
      </trkpt>
      <trkpt lat="51.33877353742719" lon="0.4165971837937832">
        <ele>83.95</ele>
      </trkpt>
      <trkpt lat="51.33890714496374" lon="0.41688443161547184">
        <ele>83.0</ele>
      </trkpt>
      <trkpt lat="51.33903999812901" lon="0.41716991923749447">
        <ele>82.0</ele>
      </trkpt>
      <trkpt lat="51.339153572916985" lon="0.4174705781042576">
        <ele>80.85</ele>
      </trkpt>
      <trkpt lat="51.33926714770496" lon="0.4177712369710207">
        <ele>79.62</ele>
      </trkpt>
      <trkpt lat="51.33937996812165" lon="0.41806996800005436">
        <ele>78.34</ele>
      </trkpt>
      <trkpt lat="51.339520113542676" lon="0.41825017891824245">
        <ele>77.04</ele>
      </trkpt>
      <trkpt lat="51.33965992368758" lon="0.418429970741272">
        <ele>75.7</ele>
      </trkpt>
      <trkpt lat="51.33991356007755" lon="0.4186801705509424">
        <ele>74.31</ele>
      </trkpt>
      <trkpt lat="51.34016711264849" lon="0.4189304541796446">
        <ele>72.8</ele>
      </trkpt>
      <trkpt lat="51.34041999466717" lon="0.4191799834370613">
        <ele>71.18</ele>
      </trkpt>
      <trkpt lat="51.340575059875846" lon="0.4193150997161865">
        <ele>69.55</ele>
      </trkpt>
      <trkpt lat="51.340729957446456" lon="0.4194499645382166">
        <ele>67.85</ele>
      </trkpt>
      <trkpt lat="51.3409901317209" lon="0.41965012438595295">
        <ele>66.0</ele>
      </trkpt>
      <trkpt lat="51.34124997071922" lon="0.41984994895756245">
        <ele>64.18</ele>
      </trkpt>
      <trkpt lat="51.34144510142505" lon="0.4200201015919447">
        <ele>62.46</ele>
      </trkpt>
      <trkpt lat="51.34163998067379" lon="0.4201899189502001">
        <ele>60.77</ele>
      </trkpt>
      <trkpt lat="51.34188766591251" lon="0.42038261890411377">
        <ele>59.02</ele>
      </trkpt>
      <trkpt lat="51.34213493205607" lon="0.4205749835819006">
        <ele>57.35</ele>
      </trkpt>
      <trkpt lat="51.34238261729479" lon="0.42076759971678257">
        <ele>55.69</ele>
      </trkpt>
      <trkpt lat="51.34262996725738" lon="0.4209599643945694">
        <ele>54.14</ele>
      </trkpt>
      <trkpt lat="51.342820236459374" lon="0.4212353937327862">
        <ele>52.71</ele>
      </trkpt>
      <trkpt lat="51.343009918928146" lon="0.4215099848806858">
        <ele>51.31</ele>
      </trkpt>
      <trkpt lat="51.34318023920059" lon="0.4218104761093855">
        <ele>49.9</ele>
      </trkpt>
      <trkpt lat="51.34335055947304" lon="0.4221109673380852">
        <ele>48.54</ele>
      </trkpt>
      <trkpt lat="51.343519957736135" lon="0.422409949824214">
        <ele>47.3</ele>
      </trkpt>
      <trkpt lat="51.34368994273245" lon="0.42258999310433865">
        <ele>46.19</ele>
      </trkpt>
      <trkpt lat="51.34391994215548" lon="0.4227699525654316">
        <ele>45.15</ele>
      </trkpt>
      <trkpt lat="51.34412999264896" lon="0.4228599742054939">
        <ele>44.24</ele>
      </trkpt>
      <trkpt lat="51.34439670480788" lon="0.42294999584555626">
        <ele>43.57</ele>
      </trkpt>
      <trkpt lat="51.34466350078583" lon="0.4230400174856186">
        <ele>43.13</ele>
      </trkpt>
      <trkpt lat="51.34492996148765" lon="0.4231299553066492">
        <ele>42.82</ele>
      </trkpt>
      <trkpt lat="51.34515509940684" lon="0.42330505326390266">
        <ele>42.68</ele>
      </trkpt>
      <trkpt lat="51.34537998586893" lon="0.4234799835830927">
        <ele>42.64</ele>
      </trkpt>
      <trkpt lat="51.34565013460815" lon="0.42363001964986324">
        <ele>42.67</ele>
      </trkpt>
      <trkpt lat="51.34591994807124" lon="0.4237799718976021">
        <ele>42.74</ele>
      </trkpt>
      <trkpt lat="51.3461450021714" lon="0.4238150082528591">
        <ele>42.91</ele>
      </trkpt>
      <trkpt lat="51.34636997245252" lon="0.42384996078908443">
        <ele>43.16</ele>
      </trkpt>
      <trkpt lat="51.34657516144216" lon="0.4240175988525152">
        <ele>43.65</ele>
      </trkpt>
      <trkpt lat="51.34677993133664" lon="0.42418498545885086">
        <ele>44.39</ele>
      </trkpt>
      <trkpt lat="51.34698512032628" lon="0.42435262352228165">
        <ele>45.22</ele>
      </trkpt>
      <trkpt lat="51.34718997403979" lon="0.42451992630958557">
        <ele>46.1</ele>
      </trkpt>
      <trkpt lat="51.34736004285514" lon="0.4245799407362938">
        <ele>46.97</ele>
      </trkpt>
      <trkpt lat="51.34752994403243" lon="0.424639955163002">
        <ele>47.9</ele>
      </trkpt>
      <trkpt lat="51.34774016216397" lon="0.4248200822621584">
        <ele>48.81</ele>
      </trkpt>
      <trkpt lat="51.34794996120036" lon="0.4249999579042196">
        <ele>49.92</ele>
      </trkpt>
      <trkpt lat="51.34819018654525" lon="0.4252268560230732">
        <ele>51.12</ele>
      </trkpt>
      <trkpt lat="51.34843041189015" lon="0.42545367032289505">
        <ele>52.2</ele>
      </trkpt>
      <trkpt lat="51.34866996668279" lon="0.4256799817085266">
        <ele>53.07</ele>
      </trkpt>
      <trkpt lat="51.348559660837054" lon="0.4260207898914814">
        <ele>53.91</ele>
      </trkpt>
      <trkpt lat="51.34844994172454" lon="0.4263599216938019">
        <ele>54.62</ele>
      </trkpt>
      <trkpt lat="51.34837995283306" lon="0.42664993554353714">
        <ele>55.23</ele>
      </trkpt>
      <trkpt lat="51.34842999279499" lon="0.42672998271882534">
        <ele>55.96</ele>
      </trkpt>
      <trkpt lat="51.348399985581636" lon="0.42705997824668884">
        <ele>56.43</ele>
      </trkpt>
      <trkpt lat="51.34831993840635" lon="0.42735996656119823">
        <ele>57.0</ele>
      </trkpt>
      <trkpt lat="51.34820996783674" lon="0.4275199770927429">
        <ele>57.5</ele>
      </trkpt>
      <trkpt lat="51.348089687526226" lon="0.42784569784998894">
        <ele>58.08</ele>
      </trkpt>
      <trkpt lat="51.34796999394894" lon="0.4281699936836958">
        <ele>58.68</ele>
      </trkpt>
      <trkpt lat="51.347889779135585" lon="0.42845061980187893">
        <ele>59.16</ele>
      </trkpt>
      <trkpt lat="51.34780998341739" lon="0.42872998863458633">
        <ele>59.63</ele>
      </trkpt>
      <trkpt lat="51.34753983467817" lon="0.42887005023658276">
        <ele>59.81</ele>
      </trkpt>
      <trkpt lat="51.34726993739605" lon="0.42900994420051575">
        <ele>60.01</ele>
      </trkpt>
      <trkpt lat="51.34699978865683" lon="0.42915000580251217">
        <ele>60.41</ele>
      </trkpt>
      <trkpt lat="51.34672997519374" lon="0.4292899835854769">
        <ele>60.74</ele>
      </trkpt>
      <trkpt lat="51.34648321196437" lon="0.4293766524642706">
        <ele>60.79</ele>
      </trkpt>
      <trkpt lat="51.346236448735" lon="0.4294633213430643">
        <ele>60.63</ele>
      </trkpt>
      <trkpt lat="51.345989936962724" lon="0.429549990221858">
        <ele>60.34</ele>
      </trkpt>
      <trkpt lat="51.34583470411599" lon="0.42981041595339775">
        <ele>60.19</ele>
      </trkpt>
      <trkpt lat="51.34567997418344" lon="0.4300699196755886">
        <ele>60.09</ele>
      </trkpt>
      <trkpt lat="51.34565742686391" lon="0.4305337741971016">
        <ele>60.08</ele>
      </trkpt>
      <trkpt lat="51.34563496336341" lon="0.4309949465095997">
        <ele>59.89</ele>
      </trkpt>
      <trkpt lat="51.34561241604388" lon="0.43145880103111267">
        <ele>59.52</ele>
      </trkpt>
      <trkpt lat="51.34558995254338" lon="0.43191997334361076">
        <ele>59.05</ele>
      </trkpt>
      <trkpt lat="51.345529770478606" lon="0.4323912877589464">
        <ele>58.48</ele>
      </trkpt>
      <trkpt lat="51.34546992368996" lon="0.4328599199652672">
        <ele>57.82</ele>
      </trkpt>
      <trkpt lat="51.345399767160416" lon="0.4332309868186712">
        <ele>57.05</ele>
      </trkpt>
      <trkpt lat="51.34532961063087" lon="0.43360196985304356">
        <ele>56.19</ele>
      </trkpt>
      <trkpt lat="51.345259957015514" lon="0.43396993540227413">
        <ele>55.24</ele>
      </trkpt>
      <trkpt lat="51.34514135308564" lon="0.43426891788840294">
        <ele>54.14</ele>
      </trkpt>
      <trkpt lat="51.34502274915576" lon="0.43456790037453175">
        <ele>52.96</ele>
      </trkpt>
      <trkpt lat="51.3449049834162" lon="0.4348649550229311">
        <ele>51.77</ele>
      </trkpt>
      <trkpt lat="51.34478637948632" lon="0.4351639375090599">
        <ele>50.43</ele>
      </trkpt>
      <trkpt lat="51.344667775556445" lon="0.4354629199951887">
        <ele>49.01</ele>
      </trkpt>
      <trkpt lat="51.34454992599785" lon="0.43575997464358807">
        <ele>47.47</ele>
      </trkpt>
      <trkpt lat="51.34453995153308" lon="0.436209999024868">
        <ele>45.96</ele>
      </trkpt>
      <trkpt lat="51.34438966400921" lon="0.43657067231833935">
        <ele>44.38</ele>
      </trkpt>
      <trkpt lat="51.34423996321857" lon="0.4369299206882715">
        <ele>42.72</ele>
      </trkpt>
      <trkpt lat="51.34401968680322" lon="0.43721364811062813">
        <ele>41.02</ele>
      </trkpt>
      <trkpt lat="51.343799410387874" lon="0.43749737553298473">
        <ele>39.28</ele>
      </trkpt>
      <trkpt lat="51.34357997216284" lon="0.4377799294888973">
        <ele>37.51</ele>
      </trkpt>
      <trkpt lat="51.34342993609607" lon="0.4381199833005667">
        <ele>35.76</ele>
      </trkpt>
      <trkpt lat="51.34334578178823" lon="0.4385002702474594">
        <ele>34.17</ele>
      </trkpt>
      <trkpt lat="51.343261543661356" lon="0.43888064101338387">
        <ele>32.82</ele>
      </trkpt>
      <trkpt lat="51.343177976086736" lon="0.43925799429416656">
        <ele>31.52</ele>
      </trkpt>
      <trkpt lat="51.34309373795986" lon="0.4396382812410593">
        <ele>30.29</ele>
      </trkpt>
      <trkpt lat="51.34300958365202" lon="0.44001865200698376">
        <ele>29.09</ele>
      </trkpt>
      <trkpt lat="51.3429260160774" lon="0.44039600528776646">
        <ele>27.9</ele>
      </trkpt>
      <trkpt lat="51.342841777950525" lon="0.4407762922346592">
        <ele>26.77</ele>
      </trkpt>
      <trkpt lat="51.34275753982365" lon="0.44115666300058365">
        <ele>25.72</ele>
      </trkpt>
      <trkpt lat="51.34267397224903" lon="0.44153401628136635">
        <ele>24.71</ele>
      </trkpt>
      <trkpt lat="51.34258973412216" lon="0.4419143032282591">
        <ele>23.76</ele>
      </trkpt>
      <trkpt lat="51.342505579814315" lon="0.4422945901751518">
        <ele>22.76</ele>
      </trkpt>
      <trkpt lat="51.342422012239695" lon="0.4426719434559345">
        <ele>21.86</ele>
      </trkpt>
      <trkpt lat="51.34233777411282" lon="0.443052314221859">
        <ele>21.04</ele>
      </trkpt>
      <trkpt lat="51.34225353598595" lon="0.4434326011687517">
        <ele>20.3</ele>
      </trkpt>
      <trkpt lat="51.342169968411326" lon="0.4438099544495344">
        <ele>19.59</ele>
      </trkpt>
      <trkpt lat="51.3421299867332" lon="0.4438399616628885">
        <ele>18.98</ele>
      </trkpt>
      <trkpt lat="51.342079946771264" lon="0.44392998330295086">
        <ele>18.41</ele>
      </trkpt>
      <trkpt lat="51.342019932344556" lon="0.44439995661377907">
        <ele>17.86</ele>
      </trkpt>
      <trkpt lat="51.34196997620165" lon="0.44438998214900494">
        <ele>17.39</ele>
      </trkpt>
      <trkpt lat="51.34194994345307" lon="0.44449995271861553">
        <ele>16.95</ele>
      </trkpt>
      <trkpt lat="51.341799991205335" lon="0.4447899665683508">
        <ele>16.51</ele>
      </trkpt>
      <trkpt lat="51.34167996235192" lon="0.44507998041808605">
        <ele>16.09</ele>
      </trkpt>
      <trkpt lat="51.341609973460436" lon="0.4451499693095684">
        <ele>15.72</ele>
      </trkpt>
      <trkpt lat="51.34152992628515" lon="0.4451799765229225">
        <ele>15.37</ele>
      </trkpt>
      <trkpt lat="51.34153998456895" lon="0.4453699942678213">
        <ele>14.99</ele>
      </trkpt>
      <trkpt lat="51.34159999899566" lon="0.44535993598401546">
        <ele>14.7</ele>
      </trkpt>
      <trkpt lat="51.34159999899566" lon="0.44553997926414013">
        <ele>14.34</ele>
      </trkpt>
      <trkpt lat="51.34168993681669" lon="0.44556998647749424">
        <ele>14.04</ele>
      </trkpt>
      <trkpt lat="51.34180996567011" lon="0.44567995704710484">
        <ele>13.73</ele>
      </trkpt>
      <trkpt lat="51.341909961774945" lon="0.4458299931138754">
        <ele>13.41</ele>
      </trkpt>
      <trkpt lat="51.342019932344556" lon="0.445939963683486">
        <ele>13.12</ele>
      </trkpt>
      <trkpt lat="51.34206997230649" lon="0.44608999975025654">
        <ele>12.82</ele>
      </trkpt>
      <trkpt lat="51.34206997230649" lon="0.4462799336761236">
        <ele>12.48</ele>
      </trkpt>
      <trkpt lat="51.34202999062836" lon="0.44666994363069534">
        <ele>12.17</ele>
      </trkpt>
      <trkpt lat="51.341979783028364" lon="0.44695576652884483">
        <ele>11.81</ele>
      </trkpt>
      <trkpt lat="51.341929994523525" lon="0.44723999686539173">
        <ele>11.48</ele>
      </trkpt>
      <trkpt lat="51.34183972142637" lon="0.44765607453882694">
        <ele>11.11</ele>
      </trkpt>
      <trkpt lat="51.3417499512434" lon="0.44806997291743755">
        <ele>10.74</ele>
      </trkpt>
      <trkpt lat="51.34164970368147" lon="0.44845428317785263">
        <ele>10.3</ele>
      </trkpt>
      <trkpt lat="51.34154945611954" lon="0.448838509619236">
        <ele>9.87</ele>
      </trkpt>
      <trkpt lat="51.34144996292889" lon="0.44921997003257275">
        <ele>9.41</ele>
      </trkpt>
      <trkpt lat="51.34139481000602" lon="0.4494956508278847">
        <ele>8.97</ele>
      </trkpt>
      <trkpt lat="51.34133999235928" lon="0.44976999051868916">
        <ele>8.53</ele>
      </trkpt>
      <trkpt lat="51.34128978475928" lon="0.4502362757921219">
        <ele>8.06</ele>
      </trkpt>
      <trkpt lat="51.341239996254444" lon="0.45069996267557144">
        <ele>7.63</ele>
      </trkpt>
      <trkpt lat="51.341239996254444" lon="0.45110992155969143">
        <ele>7.19</ele>
      </trkpt>
      <trkpt lat="51.341260029003024" lon="0.4514910466969013">
        <ele>6.77</ele>
      </trkpt>
      <trkpt lat="51.34127997793257" lon="0.4518699925392866">
        <ele>6.32</ele>
      </trkpt>
      <trkpt lat="51.34132004342973" lon="0.45226436108350754">
        <ele>5.87</ele>
      </trkpt>
      <trkpt lat="51.341360192745924" lon="0.4526588134467602">
        <ele>5.45</ele>
      </trkpt>
      <trkpt lat="51.34139992296696" lon="0.4530499968677759">
        <ele>5.02</ele>
      </trkpt>
      <trkpt lat="51.34144007228315" lon="0.45344436541199684">
        <ele>4.48</ele>
      </trkpt>
      <trkpt lat="51.34148022159934" lon="0.4538388177752495">
        <ele>4.12</ele>
      </trkpt>
      <trkpt lat="51.34151995182037" lon="0.4542299173772335">
        <ele>4.02</ele>
      </trkpt>
      <trkpt lat="51.341560101136565" lon="0.45462604612112045">
        <ele>3.87</ele>
      </trkpt>
      <trkpt lat="51.341600166633725" lon="0.4550221748650074">
        <ele>3.8</ele>
      </trkpt>
      <trkpt lat="51.34163998067379" lon="0.45541495084762573">
        <ele>3.76</ele>
      </trkpt>
      <trkpt lat="51.34168004617095" lon="0.4558110795915127">
        <ele>3.77</ele>
      </trkpt>
      <trkpt lat="51.34172019548714" lon="0.4562072083353996">
        <ele>3.8</ele>
      </trkpt>
      <trkpt lat="51.341759925708175" lon="0.45659998431801796">
        <ele>3.87</ele>
      </trkpt>
      <trkpt lat="51.3417499512434" lon="0.4570199176669121">
        <ele>4.03</ele>
      </trkpt>
      <trkpt lat="51.341799991205335" lon="0.45700994320213795">
        <ele>4.19</ele>
      </trkpt>
      <trkpt lat="51.341799991205335" lon="0.457239942625165">
        <ele>4.45</ele>
      </trkpt>
      <trkpt lat="51.3417499512434" lon="0.4574299603700638">
        <ele>4.79</ele>
      </trkpt>
      <trkpt lat="51.34151995182037" lon="0.45763992704451084">
        <ele>5.11</ele>
      </trkpt>
      <trkpt lat="51.341239996254444" lon="0.45771997421979904">
        <ele>5.41</ele>
      </trkpt>
      <trkpt lat="51.34103983640671" lon="0.4578199703246355">
        <ele>5.74</ele>
      </trkpt>
      <trkpt lat="51.34083992801607" lon="0.45791996642947197">
        <ele>6.11</ele>
      </trkpt>
      <trkpt lat="51.3406499940902" lon="0.4579499736428261">
        <ele>6.47</ele>
      </trkpt>
      <trkpt lat="51.340429885312915" lon="0.4579549189656973">
        <ele>6.82</ele>
      </trkpt>
      <trkpt lat="51.340209944173694" lon="0.4579599481076002">
        <ele>7.18</ele>
      </trkpt>
      <trkpt lat="51.339999893680215" lon="0.4580066353082657">
        <ele>7.57</ele>
      </trkpt>
      <trkpt lat="51.339789843186736" lon="0.45805332250893116">
        <ele>7.99</ele>
      </trkpt>
      <trkpt lat="51.33957996033132" lon="0.4580999258905649">
        <ele>8.39</ele>
      </trkpt>
      <trkpt lat="51.339399917051196" lon="0.4580899514257908">
        <ele>8.75</ele>
      </trkpt>
      <trkpt lat="51.339329928159714" lon="0.4581199586391449">
        <ele>9.02</ele>
      </trkpt>
      <trkpt lat="51.33920998312533" lon="0.45824996195733547">
        <ele>9.29</ele>
      </trkpt>
      <trkpt lat="51.3390249107033" lon="0.4583300091326237">
        <ele>9.6</ele>
      </trkpt>
      <trkpt lat="51.338839922100306" lon="0.45840997248888016">
        <ele>9.88</ele>
      </trkpt>
      <trkpt lat="51.33866993710399" lon="0.45840997248888016">
        <ele>10.14</ele>
      </trkpt>
      <trkpt lat="51.338449995964766" lon="0.45832992531359196">
        <ele>10.4</ele>
      </trkpt>
      <trkpt lat="51.338299959897995" lon="0.45832992531359196">
        <ele>10.67</ele>
      </trkpt>
      <trkpt lat="51.33807993493974" lon="0.4584799613803625">
        <ele>10.93</ele>
      </trkpt>
      <trkpt lat="51.33783996105194" lon="0.45854995027184486">
        <ele>11.18</ele>
      </trkpt>
      <trkpt lat="51.337679950520396" lon="0.4585299175232649">
        <ele>11.41</ele>
      </trkpt>
      <trkpt lat="51.33751993998885" lon="0.4585099685937166">
        <ele>11.61</ele>
      </trkpt>
      <trkpt lat="51.33735992945731" lon="0.4585099685937166">
        <ele>11.82</ele>
      </trkpt>
      <trkpt lat="51.33718994446099" lon="0.4585299175232649">
        <ele>12.03</ele>
      </trkpt>
      <trkpt lat="51.33702993392944" lon="0.45857501216232777">
        <ele>12.28</ele>
      </trkpt>
      <trkpt lat="51.3368699233979" lon="0.4586199391633272">
        <ele>12.55</ele>
      </trkpt>
      <trkpt lat="51.336879981681705" lon="0.45876997523009777">
        <ele>12.86</ele>
      </trkpt>
      <trkpt lat="51.337099922820926" lon="0.45867995359003544">
        <ele>13.2</ele>
      </trkpt>
      <trkpt lat="51.33736998774111" lon="0.45862999744713306">
        <ele>13.58</ele>
      </trkpt>
      <trkpt lat="51.33740996941924" lon="0.45868992805480957">
        <ele>13.97</ele>
      </trkpt>
      <trkpt lat="51.337435031309724" lon="0.45895068906247616">
        <ele>14.42</ele>
      </trkpt>
      <trkpt lat="51.33745992556214" lon="0.45920994132757187">
        <ele>14.89</ele>
      </trkpt>
      <trkpt lat="51.33740762248635" lon="0.45956315472722054">
        <ele>15.39</ele>
      </trkpt>
      <trkpt lat="51.33735523559153" lon="0.4599163681268692">
        <ele>16.0</ele>
      </trkpt>
      <trkpt lat="51.33730326779187" lon="0.46026664786040783">
        <ele>16.59</ele>
      </trkpt>
      <trkpt lat="51.33725096471608" lon="0.4606198612600565">
        <ele>17.18</ele>
      </trkpt>
      <trkpt lat="51.337198577821255" lon="0.46097299084067345">
        <ele>17.66</ele>
      </trkpt>
      <trkpt lat="51.33714661002159" lon="0.4613232705742121">
        <ele>18.07</ele>
      </trkpt>
      <trkpt lat="51.3370943069458" lon="0.46167648397386074">
        <ele>18.57</ele>
      </trkpt>
      <trkpt lat="51.33704192005098" lon="0.4620296973735094">
        <ele>19.12</ele>
      </trkpt>
      <trkpt lat="51.336989952251315" lon="0.46237997710704803">
        <ele>19.69</ele>
      </trkpt>
      <trkpt lat="51.33683463558555" lon="0.4627975635230541">
        <ele>20.19</ele>
      </trkpt>
      <trkpt lat="51.33667998947203" lon="0.4632133059203625">
        <ele>20.56</ele>
      </trkpt>
      <trkpt lat="51.33652458898723" lon="0.46363089233636856">
        <ele>21.05</ele>
      </trkpt>
      <trkpt lat="51.336369942873716" lon="0.4640466347336769">
        <ele>21.66</ele>
      </trkpt>
      <trkpt lat="51.33621462620795" lon="0.464464221149683">
        <ele>22.37</ele>
      </trkpt>
      <trkpt lat="51.33605998009443" lon="0.46487996354699135">
        <ele>23.26</ele>
      </trkpt>
      <trkpt lat="51.33625033311546" lon="0.4652472585439682">
        <ele>24.1</ele>
      </trkpt>
      <trkpt lat="51.336440686136484" lon="0.46561463735997677">
        <ele>24.95</ele>
      </trkpt>
      <trkpt lat="51.3366299495101" lon="0.46597992070019245">
        <ele>25.79</ele>
      </trkpt>
      <trkpt lat="51.33682030253112" lon="0.466347299516201">
        <ele>26.54</ele>
      </trkpt>
      <trkpt lat="51.33701065555215" lon="0.46671459451317787">
        <ele>27.33</ele>
      </trkpt>
      <trkpt lat="51.33719991892576" lon="0.46707996167242527">
        <ele>28.17</ele>
      </trkpt>
      <trkpt lat="51.337350122630596" lon="0.4672652017325163">
        <ele>29.06</ele>
      </trkpt>
      <trkpt lat="51.3374999910593" lon="0.467449938878417">
        <ele>29.97</ele>
      </trkpt>
      <trkpt lat="51.33775522001088" lon="0.4677101969718933">
        <ele>30.93</ele>
      </trkpt>
      <trkpt lat="51.33800994604826" lon="0.4679699521511793">
        <ele>31.9</ele>
      </trkpt>
      <trkpt lat="51.33820993825793" lon="0.4682399332523346">
        <ele>32.89</ele>
      </trkpt>
      <trkpt lat="51.33835528045893" lon="0.46857562847435474">
        <ele>34.0</ele>
      </trkpt>
      <trkpt lat="51.33849995210767" lon="0.46890998259186745">
        <ele>35.02</ele>
      </trkpt>
      <trkpt lat="51.338635152205825" lon="0.4691253136843443">
        <ele>35.98</ele>
      </trkpt>
      <trkpt lat="51.33876993320882" lon="0.4693399742245674">
        <ele>37.08</ele>
      </trkpt>
      <trkpt lat="51.33896020241082" lon="0.4695902578532696">
        <ele>38.26</ele>
      </trkpt>
      <trkpt lat="51.33914996869862" lon="0.46983995474874973">
        <ele>39.5</ele>
      </trkpt>
      <trkpt lat="51.33933009579778" lon="0.46995000913739204">
        <ele>40.7</ele>
      </trkpt>
      <trkpt lat="51.33950997143984" lon="0.47005997970700264">
        <ele>41.97</ele>
      </trkpt>
      <trkpt lat="51.33966998197138" lon="0.4702099319547415">
        <ele>43.36</ele>
      </trkpt>
      <trkpt lat="51.339869974181056" lon="0.4705199785530567">
        <ele>44.99</ele>
      </trkpt>
      <trkpt lat="51.33972639217973" lon="0.4707938153296709">
        <ele>46.57</ele>
      </trkpt>
      <trkpt lat="51.3395828101784" lon="0.4710676521062851">
        <ele>48.26</ele>
      </trkpt>
      <trkpt lat="51.339439982548356" lon="0.4713399801403284">
        <ele>50.09</ele>
      </trkpt>
      <trkpt lat="51.33922473527491" lon="0.47156017273664474">
        <ele>52.06</ele>
      </trkpt>
      <trkpt lat="51.339009990915656" lon="0.4717799462378025">
        <ele>54.19</ele>
      </trkpt>
      <trkpt lat="51.33879474364221" lon="0.47200022265315056">
        <ele>56.56</ele>
      </trkpt>
      <trkpt lat="51.338579999282956" lon="0.4722199961543083">
        <ele>59.15</ele>
      </trkpt>
      <trkpt lat="51.33833725936711" lon="0.4724376741796732">
        <ele>61.97</ele>
      </trkpt>
      <trkpt lat="51.33809493854642" lon="0.4726549331098795">
        <ele>64.92</ele>
      </trkpt>
      <trkpt lat="51.3378522824496" lon="0.4728726949542761">
        <ele>68.12</ele>
      </trkpt>
      <trkpt lat="51.337609961628914" lon="0.4730899538844824">
        <ele>71.55</ele>
      </trkpt>
      <trkpt lat="51.33779352530837" lon="0.4733670596033335">
        <ele>75.19</ele>
      </trkpt>
      <trkpt lat="51.33797717280686" lon="0.47364408150315285">
        <ele>79.1</ele>
      </trkpt>
      <trkpt lat="51.33815998211503" lon="0.4739199299365282">
        <ele>83.16</ele>
      </trkpt>
      <trkpt lat="51.338029727339745" lon="0.474238945171237">
        <ele>87.45</ele>
      </trkpt>
      <trkpt lat="51.33789938874543" lon="0.4745579604059458">
        <ele>91.85</ele>
      </trkpt>
      <trkpt lat="51.33776997216046" lon="0.4748749639838934">
        <ele>96.35</ele>
      </trkpt>
      <trkpt lat="51.33763971738517" lon="0.4751939792186022">
        <ele>100.9</ele>
      </trkpt>
      <trkpt lat="51.337509378790855" lon="0.47551299445331097">
        <ele>105.54</ele>
      </trkpt>
      <trkpt lat="51.33737996220589" lon="0.4758299980312586">
        <ele>110.09</ele>
      </trkpt>
      <trkpt lat="51.3373498711735" lon="0.47620601020753384">
        <ele>114.67</ele>
      </trkpt>
      <trkpt lat="51.33731994777918" lon="0.4765799269080162">
        <ele>119.17</ele>
      </trkpt>
      <trkpt lat="51.33742019534111" lon="0.47693749889731407">
        <ele>123.57</ele>
      </trkpt>
      <trkpt lat="51.33752044290304" lon="0.47729507088661194">
        <ele>127.91</ele>
      </trkpt>
      <trkpt lat="51.33761993609369" lon="0.4776499606668949">
        <ele>132.06</ele>
      </trkpt>
      <trkpt lat="51.337843649089336" lon="0.47798875719308853">
        <ele>136.25</ele>
      </trkpt>
      <trkpt lat="51.3380666077137" lon="0.4783266317099333">
        <ele>140.38</ele>
      </trkpt>
      <trkpt lat="51.33829032070935" lon="0.4786654282361269">
        <ele>144.3</ele>
      </trkpt>
      <trkpt lat="51.33851327933371" lon="0.47900330275297165">
        <ele>148.15</ele>
      </trkpt>
      <trkpt lat="51.33873699232936" lon="0.47934209927916527">
        <ele>151.76</ele>
      </trkpt>
      <trkpt lat="51.33895995095372" lon="0.47967997379601">
        <ele>155.04</ele>
      </trkpt>
      <trkpt lat="51.339170252904296" lon="0.48002053052186966">
        <ele>158.04</ele>
      </trkpt>
      <trkpt lat="51.3393806386739" lon="0.4803610034286976">
        <ele>160.92</ele>
      </trkpt>
      <trkpt lat="51.339589934796095" lon="0.48069996759295464">
        <ele>163.87</ele>
      </trkpt>
      <trkpt lat="51.33976352401078" lon="0.4809035640209913">
        <ele>166.43</ele>
      </trkpt>
      <trkpt lat="51.33993702940643" lon="0.4811070766299963">
        <ele>168.64</ele>
      </trkpt>
      <trkpt lat="51.34010994806886" lon="0.48130991868674755">
        <ele>170.53</ele>
      </trkpt>
      <trkpt lat="51.34028353728354" lon="0.4815970826894045">
        <ele>172.22</ele>
      </trkpt>
      <trkpt lat="51.340457210317254" lon="0.4818842466920614">
        <ele>173.7</ele>
      </trkpt>
      <trkpt lat="51.34062996134162" lon="0.4821699857711792">
        <ele>174.92</ele>
      </trkpt>
      <trkpt lat="51.34077027440071" lon="0.48258086666464806">
        <ele>175.93</ele>
      </trkpt>
      <trkpt lat="51.340910168364644" lon="0.4829906579107046">
        <ele>176.74</ele>
      </trkpt>
      <trkpt lat="51.34090991690755" lon="0.4829899873584509">
        <ele>177.35</ele>
      </trkpt>
      <trkpt lat="51.34066474623978" lon="0.48323272727429867">
        <ele>177.74</ele>
      </trkpt>
      <trkpt lat="51.34041999466717" lon="0.48347496427595615">
        <ele>177.9</ele>
      </trkpt>
      <trkpt lat="51.34017474018037" lon="0.48371770419180393">
        <ele>177.85</ele>
      </trkpt>
      <trkpt lat="51.339929988607764" lon="0.4839599411934614">
        <ele>177.68</ele>
      </trkpt>
      <trkpt lat="51.339669646695256" lon="0.48424274660646915">
        <ele>177.37</ele>
      </trkpt>
      <trkpt lat="51.339409975335" lon="0.4845249652862549">
        <ele>176.8</ele>
      </trkpt>
      <trkpt lat="51.339149717241526" lon="0.4848077706992626">
        <ele>176.01</ele>
      </trkpt>
      <trkpt lat="51.33888996206224" lon="0.48508998937904835">
        <ele>175.08</ele>
      </trkpt>
      <trkpt lat="51.338703045621514" lon="0.48537036404013634">
        <ele>173.96</ele>
      </trkpt>
      <trkpt lat="51.33851604536176" lon="0.48565082252025604">
        <ele>172.68</ele>
      </trkpt>
      <trkpt lat="51.33832996711135" lon="0.4859299398958683">
        <ele>171.16</ele>
      </trkpt>
      <trkpt lat="51.33811991661787" lon="0.48615993931889534">
        <ele>169.43</ele>
      </trkpt>
      <trkpt lat="51.337879775092006" lon="0.4863175190985203">
        <ele>167.43</ele>
      </trkpt>
      <trkpt lat="51.33763996884227" lon="0.4864749312400818">
        <ele>165.27</ele>
      </trkpt>
      <trkpt lat="51.3373998273164" lon="0.48663259483873844">
        <ele>162.97</ele>
      </trkpt>
      <trkpt lat="51.337159937247634" lon="0.48678992316126823">
        <ele>160.47</ele>
      </trkpt>
      <trkpt lat="51.337099922820926" lon="0.48684993758797646">
        <ele>157.7</ele>
      </trkpt>
      <trkpt lat="51.33696966804564" lon="0.48649915494024754">
        <ele>154.65</ele>
      </trkpt>
      <trkpt lat="51.336839916184545" lon="0.4861499648541212">
        <ele>151.44</ele>
      </trkpt>
      <trkpt lat="51.33665459230542" lon="0.4857692588120699">
        <ele>147.93</ele>
      </trkpt>
      <trkpt lat="51.33646993897855" lon="0.48538997769355774">
        <ele>144.01</ele>
      </trkpt>
      <trkpt lat="51.33628310635686" lon="0.48523315228521824">
        <ele>140.21</ele>
      </trkpt>
      <trkpt lat="51.3360963575542" lon="0.48507632687687874">
        <ele>136.33</ele>
      </trkpt>
      <trkpt lat="51.33590994402766" lon="0.4849199205636978">
        <ele>132.39</ele>
      </trkpt>
      <trkpt lat="51.3356798607856" lon="0.4847765062004328">
        <ele>128.46</ele>
      </trkpt>
      <trkpt lat="51.33544969372451" lon="0.48463309183716774">
        <ele>124.59</ele>
      </trkpt>
      <trkpt lat="51.33521994575858" lon="0.48448992893099785">
        <ele>120.8</ele>
      </trkpt>
      <trkpt lat="51.33497469127178" lon="0.4842597618699074">
        <ele>117.24</ele>
      </trkpt>
      <trkpt lat="51.33472993969917" lon="0.48402993008494377">
        <ele>113.89</ele>
      </trkpt>
      <trkpt lat="51.334574706852436" lon="0.483734467998147">
        <ele>110.61</ele>
      </trkpt>
      <trkpt lat="51.33441997691989" lon="0.4834399279206991">
        <ele>107.62</ele>
      </trkpt>
      <trkpt lat="51.33426994085312" lon="0.4838399961590767">
        <ele>105.48</ele>
      </trkpt>
      <trkpt lat="51.33412971161306" lon="0.4840502981096506">
        <ele>103.45</ele>
      </trkpt>
      <trkpt lat="51.33398998528719" lon="0.4842599295079708">
        <ele>101.69</ele>
      </trkpt>
      <trkpt lat="51.33384992368519" lon="0.4845899250358343">
        <ele>100.18</ele>
      </trkpt>
      <trkpt lat="51.33377976715565" lon="0.4850511811673641">
        <ele>99.08</ele>
      </trkpt>
      <trkpt lat="51.33370994590223" lon="0.48550992272794247">
        <ele>98.15</ele>
      </trkpt>
      <trkpt lat="51.33361221291125" lon="0.4859310295432806">
        <ele>97.39</ele>
      </trkpt>
      <trkpt lat="51.33351498283446" lon="0.48634995706379414">
        <ele>97.11</ele>
      </trkpt>
      <trkpt lat="51.33341724984348" lon="0.48677106387913227">
        <ele>97.23</ele>
      </trkpt>
      <trkpt lat="51.33331993594766" lon="0.4871899913996458">
        <ele>97.51</ele>
      </trkpt>
      <trkpt lat="51.33329990319908" lon="0.4876245092600584">
        <ele>98.14</ele>
      </trkpt>
      <trkpt lat="51.3332798704505" lon="0.4880591109395027">
        <ele>99.04</ele>
      </trkpt>
      <trkpt lat="51.33325992152095" lon="0.48848994076251984">
        <ele>100.3</ele>
      </trkpt>
      <trkpt lat="51.33320979773998" lon="0.48895128071308136">
        <ele>101.74</ele>
      </trkpt>
      <trkpt lat="51.33315992541611" lon="0.489409938454628">
        <ele>103.43</ele>
      </trkpt>
      <trkpt lat="51.33306638337672" lon="0.48978754319250584">
        <ele>105.3</ele>
      </trkpt>
      <trkpt lat="51.33297284133732" lon="0.4901652317494154">
        <ele>107.52</ele>
      </trkpt>
      <trkpt lat="51.33287996985018" lon="0.4905399866402149">
        <ele>110.09</ele>
      </trkpt>
      <trkpt lat="51.332905031740665" lon="0.4907957185059786">
        <ele>112.96</ele>
      </trkpt>
      <trkpt lat="51.332929925993085" lon="0.49104994162917137">
        <ele>115.97</ele>
      </trkpt>
      <trkpt lat="51.33293663151562" lon="0.49145109951496124">
        <ele>119.18</ele>
      </trkpt>
      <trkpt lat="51.33294333703816" lon="0.4918522574007511">
        <ele>122.46</ele>
      </trkpt>
      <trkpt lat="51.332949958741665" lon="0.49224997870624065">
        <ele>125.81</ele>
      </trkpt>
      <trkpt lat="51.333005111664534" lon="0.4925758671015501">
        <ele>129.37</ele>
      </trkpt>
      <trkpt lat="51.333059929311275" lon="0.4928999952971935">
        <ele>133.0</ele>
      </trkpt>
      <trkpt lat="51.3330449257046" lon="0.4932108800858259">
        <ele>136.59</ele>
      </trkpt>
      <trkpt lat="51.33302992209792" lon="0.4935199208557606">
        <ele>140.3</ele>
      </trkpt>
      <trkpt lat="51.332934787496924" lon="0.4937655106186867">
        <ele>143.82</ele>
      </trkpt>
      <trkpt lat="51.332839988172054" lon="0.49400992691516876">
        <ele>147.17</ele>
      </trkpt>
      <trkpt lat="51.33279983885586" lon="0.4942806623876095">
        <ele>150.57</ele>
      </trkpt>
      <trkpt lat="51.332759940996766" lon="0.49454997293651104">
        <ele>153.9</ele>
      </trkpt>
      <trkpt lat="51.33274493739009" lon="0.4949134960770607">
        <ele>157.22</ele>
      </trkpt>
      <trkpt lat="51.33272993378341" lon="0.4952749237418175">
        <ele>160.38</ele>
      </trkpt>
      <trkpt lat="51.332714930176735" lon="0.49563853070139885">
        <ele>163.3</ele>
      </trkpt>
      <trkpt lat="51.33269992657006" lon="0.4959999583661556">
        <ele>166.04</ele>
      </trkpt>
      <trkpt lat="51.33269992657006" lon="0.4964078217744827">
        <ele>168.72</ele>
      </trkpt>
      <trkpt lat="51.33269992657006" lon="0.4968156013637781">
        <ele>171.29</ele>
      </trkpt>
      <trkpt lat="51.33269992657006" lon="0.49721994437277317">
        <ele>173.57</ele>
      </trkpt>
      <trkpt lat="51.33259993046522" lon="0.4973599221557379">
        <ele>175.4</ele>
      </trkpt>
      <trkpt lat="51.33247998543084" lon="0.49759997986257076">
        <ele>177.01</ele>
      </trkpt>
      <trkpt lat="51.332309916615486" lon="0.49800993874669075">
        <ele>178.19</ele>
      </trkpt>
      <trkpt lat="51.33222995325923" lon="0.498319985345006">
        <ele>179.55</ele>
      </trkpt>
      <trkpt lat="51.332179829478264" lon="0.4986659064888954">
        <ele>180.83</ele>
      </trkpt>
      <trkpt lat="51.33212995715439" lon="0.4990099836140871">
        <ele>181.83</ele>
      </trkpt>
      <trkpt lat="51.33204974234104" lon="0.4993507917970419">
        <ele>182.48</ele>
      </trkpt>
      <trkpt lat="51.33196994662285" lon="0.4996899235993624">
        <ele>183.12</ele>
      </trkpt>
      <trkpt lat="51.3318947609514" lon="0.4999205097556114">
        <ele>183.55</ele>
      </trkpt>
      <trkpt lat="51.33181999437511" lon="0.5001499224454165">
        <ele>183.77</ele>
      </trkpt>
      <trkpt lat="51.3317599799484" lon="0.5004299618303776">
        <ele>183.82</ele>
      </trkpt>
      <trkpt lat="51.331639951094985" lon="0.5004099290817976">
        <ele>183.54</ele>
      </trkpt>
      <trkpt lat="51.33152972906828" lon="0.5007406789809465">
        <ele>183.15</ele>
      </trkpt>
      <trkpt lat="51.33141942322254" lon="0.5010715126991272">
        <ele>182.69</ele>
      </trkpt>
      <trkpt lat="51.33130995556712" lon="0.5013999994844198">
        <ele>182.12</ele>
      </trkpt>
      <trkpt lat="51.33123996667564" lon="0.5017199367284775">
        <ele>181.38</ele>
      </trkpt>
      <trkpt lat="51.331174755468965" lon="0.5021511018276215">
        <ele>180.56</ele>
      </trkpt>
      <trkpt lat="51.33110996335745" lon="0.5025799199938774">
        <ele>179.56</ele>
      </trkpt>
      <trkpt lat="51.331079956144094" lon="0.5029299482703209">
        <ele>178.41</ele>
      </trkpt>
      <trkpt lat="51.33081475272775" lon="0.5031501408666372">
        <ele>177.04</ele>
      </trkpt>
      <trkpt lat="51.33054996840656" lon="0.5033699981868267">
        <ele>175.57</ele>
      </trkpt>
      <trkpt lat="51.33028476499021" lon="0.5035901069641113">
        <ele>174.0</ele>
      </trkpt>
      <trkpt lat="51.33001998066902" lon="0.5038099642843008">
        <ele>172.33</ele>
      </trkpt>
      <trkpt lat="51.32980297319591" lon="0.504097044467926">
        <ele>170.74</ele>
      </trkpt>
      <trkpt lat="51.32958604954183" lon="0.5043840408325195">
        <ele>169.21</ele>
      </trkpt>
      <trkpt lat="51.32936996407807" lon="0.5046699475497007">
        <ele>167.72</ele>
      </trkpt>
      <trkpt lat="51.32915304042399" lon="0.504957027733326">
        <ele>166.2</ele>
      </trkpt>
      <trkpt lat="51.32893603295088" lon="0.5052440240979195">
        <ele>164.74</ele>
      </trkpt>
      <trkpt lat="51.328719947487116" lon="0.5055299308151007">
        <ele>163.29</ele>
      </trkpt>
      <trkpt lat="51.32853311486542" lon="0.5056850798428059">
        <ele>161.78</ele>
      </trkpt>
      <trkpt lat="51.32834628224373" lon="0.505840228870511">
        <ele>160.37</ele>
      </trkpt>
      <trkpt lat="51.328159952536225" lon="0.5059949588030577">
        <ele>158.99</ele>
      </trkpt>
      <trkpt lat="51.32797311991453" lon="0.5061501078307629">
        <ele>157.65</ele>
      </trkpt>
      <trkpt lat="51.32778628729284" lon="0.5063051730394363">
        <ele>156.33</ele>
      </trkpt>
      <trkpt lat="51.327599957585335" lon="0.5064599867910147">
        <ele>155.15</ele>
      </trkpt>
      <trkpt lat="51.32736484520137" lon="0.506570041179657">
        <ele>154.0</ele>
      </trkpt>
      <trkpt lat="51.32712998427451" lon="0.5066799279302359">
        <ele>152.85</ele>
      </trkpt>
      <trkpt lat="51.32689998485148" lon="0.5067499168217182">
        <ele>151.86</ele>
      </trkpt>
      <trkpt lat="51.32665992714465" lon="0.5067149642854929">
        <ele>150.85</ele>
      </trkpt>
      <trkpt lat="51.326419953256845" lon="0.5066799279302359">
        <ele>149.92</ele>
      </trkpt>
      <trkpt lat="51.32618324831128" lon="0.5066599790006876">
        <ele>148.95</ele>
      </trkpt>
      <trkpt lat="51.325946459546685" lon="0.5066399462521076">
        <ele>147.98</ele>
      </trkpt>
      <trkpt lat="51.325709922239184" lon="0.5066199973225594">
        <ele>147.06</ele>
      </trkpt>
      <trkpt lat="51.32547321729362" lon="0.5065999645739794">
        <ele>146.14</ele>
      </trkpt>
      <trkpt lat="51.325236512348056" lon="0.5065799318253994">
        <ele>145.19</ele>
      </trkpt>
      <trkpt lat="51.324999975040555" lon="0.5065599828958511">
        <ele>144.24</ele>
      </trkpt>
      <trkpt lat="51.324769891798496" lon="0.5065799318253994">
        <ele>143.33</ele>
      </trkpt>
      <trkpt lat="51.32453980855644" lon="0.5065999645739794">
        <ele>142.4</ele>
      </trkpt>
      <trkpt lat="51.324309976771474" lon="0.5066199973225594">
        <ele>141.47</ele>
      </trkpt>
      <trkpt lat="51.324289944022894" lon="0.5066499207168818">
        <ele>140.55</ele>
      </trkpt>
      <trkpt lat="51.32423998787999" lon="0.5066299717873335">
        <ele>139.55</ele>
      </trkpt>
      <trkpt lat="51.32416999898851" lon="0.5066499207168818">
        <ele>138.52</ele>
      </trkpt>
      <trkpt lat="51.323949890211225" lon="0.5065765790641308">
        <ele>137.27</ele>
      </trkpt>
      <trkpt lat="51.32372978143394" lon="0.5065032374113798">
        <ele>135.97</ele>
      </trkpt>
      <trkpt lat="51.32350992411375" lon="0.5064299795776606">
        <ele>134.65</ele>
      </trkpt>
      <trkpt lat="51.3232999574393" lon="0.5063399579375982">
        <ele>133.25</ele>
      </trkpt>
      <trkpt lat="51.32315997965634" lon="0.5062399618327618">
        <ele>131.84</ele>
      </trkpt>
      <trkpt lat="51.32295973598957" lon="0.5060364492237568">
        <ele>130.33</ele>
      </trkpt>
      <trkpt lat="51.322759576141834" lon="0.5058328527957201">
        <ele>128.75</ele>
      </trkpt>
      <trkpt lat="51.32255991920829" lon="0.5056299269199371">
        <ele>127.04</ele>
      </trkpt>
      <trkpt lat="51.3222898542881" lon="0.5054948944598436">
        <ele>125.15</ele>
      </trkpt>
      <trkpt lat="51.32201995700598" lon="0.5053599458187819">
        <ele>123.11</ele>
      </trkpt>
      <trkpt lat="51.32174980826676" lon="0.5052249133586884">
        <ele>120.96</ele>
      </trkpt>
      <trkpt lat="51.32147999480367" lon="0.5050899647176266">
        <ele>118.7</ele>
      </trkpt>
      <trkpt lat="51.32130992598832" lon="0.5048999469727278">
        <ele>116.4</ele>
      </trkpt>
      <trkpt lat="51.321219988167286" lon="0.504729961976409">
        <ele>114.09</ele>
      </trkpt>
      <trkpt lat="51.32106978446245" lon="0.504524689167738">
        <ele>111.69</ele>
      </trkpt>
      <trkpt lat="51.32091999985278" lon="0.5043199192732573">
        <ele>109.17</ele>
      </trkpt>
      <trkpt lat="51.320754792541265" lon="0.504129733890295">
        <ele>106.58</ele>
      </trkpt>
      <trkpt lat="51.32058992050588" lon="0.5039399676024914">
        <ele>103.95</ele>
      </trkpt>
      <trkpt lat="51.320373080670834" lon="0.5037331022322178">
        <ele>101.27</ele>
      </trkpt>
      <trkpt lat="51.320156240835786" lon="0.5035262368619442">
        <ele>98.62</ele>
      </trkpt>
      <trkpt lat="51.31993998773396" lon="0.5033199582248926">
        <ele>96.0</ele>
      </trkpt>
      <trkpt lat="51.31978995166719" lon="0.5032299365848303">
        <ele>93.35</ele>
      </trkpt>
      <trkpt lat="51.31952659226954" lon="0.5031866021454334">
        <ele>90.65</ele>
      </trkpt>
      <trkpt lat="51.31926314905286" lon="0.5031432677060366">
        <ele>87.85</ele>
      </trkpt>
      <trkpt lat="51.31899995729327" lon="0.5030999332666397">
        <ele>85.06</ele>
      </trkpt>
      <trkpt lat="51.31880993954837" lon="0.5030599515885115">
        <ele>82.42</ele>
      </trkpt>
      <trkpt lat="51.318619921803474" lon="0.5030199699103832">
        <ele>79.91</ele>
      </trkpt>
      <trkpt lat="51.31849997676909" lon="0.5029699299484491">
        <ele>77.54</ele>
      </trkpt>
      <trkpt lat="51.31819990463555" lon="0.5029299482703209">
        <ele>75.12</ele>
      </trkpt>
      <trkpt lat="51.31789991632104" lon="0.5028899665921926">
        <ele>72.87</ele>
      </trkpt>
      <trkpt lat="51.31770486943424" lon="0.5028249230235815">
        <ele>70.75</ele>
      </trkpt>
      <trkpt lat="51.3175099901855" lon="0.5027599632740021">
        <ele>68.73</ele>
      </trkpt>
      <trkpt lat="51.31735467351973" lon="0.5030304472893476">
        <ele>67.0</ele>
      </trkpt>
      <trkpt lat="51.317199943587184" lon="0.5032999254763126">
        <ele>65.44</ele>
      </trkpt>
      <trkpt lat="51.31709139794111" lon="0.5036875884979963">
        <ele>64.18</ele>
      </trkpt>
      <trkpt lat="51.31698276847601" lon="0.5040751677006483">
        <ele>63.11</ele>
      </trkpt>
      <trkpt lat="51.31687497720122" lon="0.5044599808752537">
        <ele>62.21</ele>
      </trkpt>
      <trkpt lat="51.31676634773612" lon="0.5048475600779057">
        <ele>61.36</ele>
      </trkpt>
      <trkpt lat="51.31665780209005" lon="0.5052352230995893">
        <ele>60.66</ele>
      </trkpt>
      <trkpt lat="51.31654992699623" lon="0.505619952455163">
        <ele>60.03</ele>
      </trkpt>
      <trkpt lat="51.316417157649994" lon="0.5059631913900375">
        <ele>59.44</ele>
      </trkpt>
      <trkpt lat="51.31628497503698" lon="0.5063049215823412">
        <ele>59.03</ele>
      </trkpt>
      <trkpt lat="51.31615220569074" lon="0.5066481605172157">
        <ele>58.76</ele>
      </trkpt>
      <trkpt lat="51.316019939258695" lon="0.5069899745285511">
        <ele>58.7</ele>
      </trkpt>
      <trkpt lat="51.31584970280528" lon="0.5072102509438992">
        <ele>58.77</ele>
      </trkpt>
      <trkpt lat="51.31567996926606" lon="0.5074299406260252">
        <ele>58.97</ele>
      </trkpt>
      <trkpt lat="51.31550713442266" lon="0.5077806394547224">
        <ele>59.31</ele>
      </trkpt>
      <trkpt lat="51.31533497013152" lon="0.5081299971789122">
        <ele>59.72</ele>
      </trkpt>
      <trkpt lat="51.31516213528812" lon="0.5084806121885777">
        <ele>60.33</ele>
      </trkpt>
      <trkpt lat="51.314989970996976" lon="0.5088299699127674">
        <ele>61.08</ele>
      </trkpt>
      <trkpt lat="51.31486801430583" lon="0.5091540142893791">
        <ele>61.87</ele>
      </trkpt>
      <trkpt lat="51.314746057614684" lon="0.5094780586659908">
        <ele>62.73</ele>
      </trkpt>
      <trkpt lat="51.314624939113855" lon="0.5097999237477779">
        <ele>63.6</ele>
      </trkpt>
      <trkpt lat="51.31450306624174" lon="0.5101239681243896">
        <ele>64.51</ele>
      </trkpt>
      <trkpt lat="51.314381109550595" lon="0.5104480125010014">
        <ele>65.54</ele>
      </trkpt>
      <trkpt lat="51.31425999104977" lon="0.5107699614018202">
        <ele>66.6</ele>
      </trkpt>
      <trkpt lat="51.314279939979315" lon="0.5109499208629131">
        <ele>67.64</ele>
      </trkpt>
      <trkpt lat="51.31450013257563" lon="0.5107948556542397">
        <ele>68.6</ele>
      </trkpt>
      <trkpt lat="51.31471998989582" lon="0.5106399580836296">
        <ele>69.54</ele>
      </trkpt>
      <trkpt lat="51.314709931612015" lon="0.5108199175447226">
        <ele>70.52</ele>
      </trkpt>
      <trkpt lat="51.31480020470917" lon="0.5111507512629032">
        <ele>71.58</ele>
      </trkpt>
      <trkpt lat="51.31488997489214" lon="0.5114799924194813">
        <ele>72.55</ele>
      </trkpt>
      <trkpt lat="51.31491998210549" lon="0.5116699263453484">
        <ele>73.43</ele>
      </trkpt>
      <trkpt lat="51.314879916608334" lon="0.5118699185550213">
        <ele>74.22</ele>
      </trkpt>
      <trkpt lat="51.31481998600066" lon="0.5119499657303095">
        <ele>74.99</ele>
      </trkpt>
      <trkpt lat="51.31460993550718" lon="0.5119999218732119">
        <ele>75.68</ele>
      </trkpt>
      <trkpt lat="51.314582861959934" lon="0.5120072141289711">
        <ele>76.42</ele>
      </trkpt>
      <trkpt lat="51.31445998325944" lon="0.5120399873703718">
        <ele>77.14</ele>
      </trkpt>
      <trkpt lat="51.31447993218899" lon="0.5121099762618542">
        <ele>77.87</ele>
      </trkpt>
      <trkpt lat="51.31443995051086" lon="0.5122399795800447">
        <ele>78.61</ele>
      </trkpt>
      <trkpt lat="51.31432478316128" lon="0.5124352779239416">
        <ele>79.3</ele>
      </trkpt>
      <trkpt lat="51.31420995108783" lon="0.5126299895346165">
        <ele>79.99</ele>
      </trkpt>
      <trkpt lat="51.31417986005545" lon="0.5129960272461176">
        <ele>80.72</ele>
      </trkpt>
      <trkpt lat="51.314149936661124" lon="0.5133599694818258">
        <ele>81.43</ele>
      </trkpt>
      <trkpt lat="51.31419997662306" lon="0.5135699361562729">
        <ele>82.26</ele>
      </trkpt>
      <trkpt lat="51.314290165901184" lon="0.5138104967772961">
        <ele>83.17</ele>
      </trkpt>
      <trkpt lat="51.31437993608415" lon="0.5140499677509069">
        <ele>84.22</ele>
      </trkpt>
      <trkpt lat="51.31452016532421" lon="0.5142752733081579">
        <ele>85.48</ele>
      </trkpt>
      <trkpt lat="51.31465997546911" lon="0.5144999921321869">
        <ele>86.75</ele>
      </trkpt>
      <trkpt lat="51.31479517556727" lon="0.5147755052894354">
        <ele>87.92</ele>
      </trkpt>
      <trkpt lat="51.31492995657027" lon="0.5150499287992716">
        <ele>89.03</ele>
      </trkpt>
      <trkpt lat="51.314965076744556" lon="0.5153357516974211">
        <ele>90.09</ele>
      </trkpt>
      <trkpt lat="51.31499994546175" lon="0.515619982033968">
        <ele>91.15</ele>
      </trkpt>
      <trkpt lat="51.31501997821033" lon="0.5158899631351233">
        <ele>92.19</ele>
      </trkpt>
      <trkpt lat="51.314989970996976" lon="0.5162899475544691">
        <ele>93.15</ele>
      </trkpt>
      <trkpt lat="51.31499500013888" lon="0.5165507085621357">
        <ele>93.95</ele>
      </trkpt>
      <trkpt lat="51.31499994546175" lon="0.5168099608272314">
        <ele>94.65</ele>
      </trkpt>
      <trkpt lat="51.31501997821033" lon="0.517105758190155">
        <ele>95.26</ele>
      </trkpt>
      <trkpt lat="51.31503992713988" lon="0.5173999629914761">
        <ele>95.78</ele>
      </trkpt>
      <trkpt lat="51.315009919926524" lon="0.5176799185574055">
        <ele>96.11</ele>
      </trkpt>
      <trkpt lat="51.315029952675104" lon="0.5181499756872654">
        <ele>96.41</ele>
      </trkpt>
      <trkpt lat="51.31499986164272" lon="0.518445773050189">
        <ele>96.45</ele>
      </trkpt>
      <trkpt lat="51.314969938248396" lon="0.51873997785151">
        <ele>96.4</ele>
      </trkpt>
      <trkpt lat="51.31491981446743" lon="0.5190909281373024">
        <ele>96.27</ele>
      </trkpt>
      <trkpt lat="51.31486994214356" lon="0.5194399505853653">
        <ele>96.07</ele>
      </trkpt>
      <trkpt lat="51.314784698188305" lon="0.5198460537940264">
        <ele>95.85</ele>
      </trkpt>
      <trkpt lat="51.31469995714724" lon="0.5202499777078629">
        <ele>95.56</ele>
      </trkpt>
      <trkpt lat="51.31459970958531" lon="0.5206158477813005">
        <ele>95.11</ele>
      </trkpt>
      <trkpt lat="51.31449996493757" lon="0.5209799576550722">
        <ele>94.58</ele>
      </trkpt>
      <trkpt lat="51.31440977565944" lon="0.5212605837732553">
        <ele>94.03</ele>
      </trkpt>
      <trkpt lat="51.31431992165744" lon="0.5215399526059628">
        <ele>93.52</ele>
      </trkpt>
      <trkpt lat="51.31415999494493" lon="0.5218699481338263">
        <ele>93.06</ele>
      </trkpt>
      <trkpt lat="51.31399973295629" lon="0.5220551881939173">
        <ele>92.72</ele>
      </trkpt>
      <trkpt lat="51.31383997388184" lon="0.522239925339818">
        <ele>92.47</ele>
      </trkpt>
      <trkpt lat="51.313724806532264" lon="0.5224151909351349">
        <ele>92.3</ele>
      </trkpt>
      <trkpt lat="51.313609974458814" lon="0.5225899536162615">
        <ele>92.16</ele>
      </trkpt>
      <trkpt lat="51.31349992007017" lon="0.5228599347174168">
        <ele>92.11</ele>
      </trkpt>
      <trkpt lat="51.31340998224914" lon="0.5232699774205685">
        <ele>92.08</ele>
      </trkpt>
      <trkpt lat="51.313364803791046" lon="0.5235356837511063">
        <ele>92.11</ele>
      </trkpt>
      <trkpt lat="51.31331996060908" lon="0.5237999651581049">
        <ele>92.23</ele>
      </trkpt>
      <trkpt lat="51.31324477493763" lon="0.524065587669611">
        <ele>92.45</ele>
      </trkpt>
      <trkpt lat="51.31316992454231" lon="0.5243299528956413">
        <ele>92.82</ele>
      </trkpt>
      <trkpt lat="51.313041346147656" lon="0.5246607027947903">
        <ele>93.4</ele>
      </trkpt>
      <trkpt lat="51.312912767753005" lon="0.5249913688749075">
        <ele>94.22</ele>
      </trkpt>
      <trkpt lat="51.31278494372964" lon="0.5253199394792318">
        <ele>95.31</ele>
      </trkpt>
      <trkpt lat="51.31265636533499" lon="0.5256506893783808">
        <ele>96.62</ele>
      </trkpt>
      <trkpt lat="51.312527703121305" lon="0.525981355458498">
        <ele>98.2</ele>
      </trkpt>
      <trkpt lat="51.31239996291697" lon="0.5263099260628223">
        <ele>100.14</ele>
      </trkpt>
      <trkpt lat="51.31225470453501" lon="0.5266456212848425">
        <ele>102.35</ele>
      </trkpt>
      <trkpt lat="51.312109949067235" lon="0.5269799754023552">
        <ele>104.73</ele>
      </trkpt>
      <trkpt lat="51.31196469068527" lon="0.5273156706243753">
        <ele>107.33</ele>
      </trkpt>
      <trkpt lat="51.3118199352175" lon="0.5276499409228563">
        <ele>110.17</ele>
      </trkpt>
      <trkpt lat="51.31164995022118" lon="0.5278499331325293">
        <ele>113.18</ele>
      </trkpt>
      <trkpt lat="51.31161994300783" lon="0.5279299803078175">
        <ele>116.44</ele>
      </trkpt>
      <trkpt lat="51.31184524856508" lon="0.5282654240727425">
        <ele>120.34</ele>
      </trkpt>
      <trkpt lat="51.31206996738911" lon="0.5285999458283186">
        <ele>124.56</ele>
      </trkpt>
      <trkpt lat="51.31224498152733" lon="0.5285749677568674">
        <ele>128.49</ele>
      </trkpt>
      <trkpt lat="51.31241999566555" lon="0.5285499896854162">
        <ele>132.52</ele>
      </trkpt>
      <trkpt lat="51.312669944018126" lon="0.528719974681735">
        <ele>136.98</ele>
      </trkpt>
      <trkpt lat="51.31291000172496" lon="0.5286799091845751">
        <ele>141.27</ele>
      </trkpt>
      <trkpt lat="51.31315005943179" lon="0.5286399275064468">
        <ele>145.54</ele>
      </trkpt>
      <trkpt lat="51.31338994950056" lon="0.5285999458283186">
        <ele>149.69</ele>
      </trkpt>
      <trkpt lat="51.313585080206394" lon="0.5287200585007668">
        <ele>153.83</ele>
      </trkpt>
      <trkpt lat="51.31377995945513" lon="0.5288399197161198">
        <ele>157.91</ele>
      </trkpt>
      <trkpt lat="51.3139199372381" lon="0.5290499702095985">
        <ele>161.87</ele>
      </trkpt>
      <trkpt lat="51.31406360305846" lon="0.5293672252446413">
        <ele>165.75</ele>
      </trkpt>
      <trkpt lat="51.314207185059786" lon="0.5296845640987158">
        <ele>169.33</ele>
      </trkpt>
      <trkpt lat="51.3143499288708" lon="0.5299999751150608">
        <ele>172.6</ele>
      </trkpt>
      <trkpt lat="51.31409646011889" lon="0.5301500111818314">
        <ele>175.47</ele>
      </trkpt>
      <trkpt lat="51.31384299136698" lon="0.5303001310676336">
        <ele>178.12</ele>
      </trkpt>
      <trkpt lat="51.313589941710234" lon="0.5304499994963408">
        <ele>180.45</ele>
      </trkpt>
      <trkpt lat="51.31342800334096" lon="0.5307421088218689">
        <ele>182.68</ele>
      </trkpt>
      <trkpt lat="51.313266064971685" lon="0.5310343019664288">
        <ele>184.71</ele>
      </trkpt>
      <trkpt lat="51.31310496479273" lon="0.5313249863684177">
        <ele>186.45</ele>
      </trkpt>
      <trkpt lat="51.312943026423454" lon="0.5316170956939459">
        <ele>188.01</ele>
      </trkpt>
      <trkpt lat="51.31278108805418" lon="0.5319092888385057">
        <ele>189.28</ele>
      </trkpt>
      <trkpt lat="51.31261998787522" lon="0.5321999732404947">
        <ele>190.25</ele>
      </trkpt>
      <trkpt lat="51.31250632926822" lon="0.5326243489980698">
        <ele>191.07</ele>
      </trkpt>
      <trkpt lat="51.31239275448024" lon="0.5330487247556448">
        <ele>191.69</ele>
      </trkpt>
      <trkpt lat="51.312279934063554" lon="0.5334699992090464">
        <ele>192.11</ele>
      </trkpt>
      <trkpt lat="51.31216635927558" lon="0.5338943749666214">
        <ele>192.53</ele>
      </trkpt>
      <trkpt lat="51.312052784487605" lon="0.5343187507241964">
        <ele>192.8</ele>
      </trkpt>
      <trkpt lat="51.311939964070916" lon="0.5347399413585663">
        <ele>192.98</ele>
      </trkpt>
      <trkpt lat="51.31182638928294" lon="0.5351643171161413">
        <ele>192.86</ele>
      </trkpt>
      <trkpt lat="51.311712730675936" lon="0.5355886928737164">
        <ele>192.59</ele>
      </trkpt>
      <trkpt lat="51.31159999407828" lon="0.5360099673271179">
        <ele>192.29</ele>
      </trkpt>
      <trkpt lat="51.311511397361755" lon="0.5363658629357815">
        <ele>191.95</ele>
      </trkpt>
      <trkpt lat="51.311422884464264" lon="0.536721758544445">
        <ele>191.6</ele>
      </trkpt>
      <trkpt lat="51.311334958299994" lon="0.5370749719440937">
        <ele>191.23</ele>
      </trkpt>
      <trkpt lat="51.3112464454025" lon="0.5374308675527573">
        <ele>190.76</ele>
      </trkpt>
      <trkpt lat="51.31115784868598" lon="0.5377867631614208">
        <ele>190.37</ele>
      </trkpt>
      <trkpt lat="51.31106992252171" lon="0.5381399765610695">
        <ele>190.0</ele>
      </trkpt>
      <trkpt lat="51.31100311875343" lon="0.5385143123567104">
        <ele>189.56</ele>
      </trkpt>
      <trkpt lat="51.310936231166124" lon="0.5388886481523514">
        <ele>189.15</ele>
      </trkpt>
      <trkpt lat="51.31086993031204" lon="0.5392599664628506">
        <ele>188.7</ele>
      </trkpt>
      <trkpt lat="51.31086993031204" lon="0.5396699253469706">
        <ele>188.28</ele>
      </trkpt>
      <trkpt lat="51.31107511930168" lon="0.5398225598037243">
        <ele>187.97</ele>
      </trkpt>
      <trkpt lat="51.31127997301519" lon="0.5399749428033829">
        <ele>187.65</ele>
      </trkpt>
      <trkpt lat="51.3114850781858" lon="0.5401275772601366">
        <ele>187.36</ele>
      </trkpt>
      <trkpt lat="51.31168993189931" lon="0.5402799602597952">
        <ele>187.05</ele>
      </trkpt>
      <trkpt lat="51.311703342944384" lon="0.5406343471258879">
        <ele>186.75</ele>
      </trkpt>
      <trkpt lat="51.311716670170426" lon="0.5409886501729488">
        <ele>186.49</ele>
      </trkpt>
      <trkpt lat="51.31172999739647" lon="0.541339935734868">
        <ele>186.27</ele>
      </trkpt>
      <trkpt lat="51.31174332462251" lon="0.5416943226009607">
        <ele>186.04</ele>
      </trkpt>
      <trkpt lat="51.311756735667586" lon="0.5420486256480217">
        <ele>185.82</ele>
      </trkpt>
      <trkpt lat="51.3117699790746" lon="0.5423999950289726">
        <ele>185.58</ele>
      </trkpt>
      <trkpt lat="51.31164995022118" lon="0.5428199283778667">
        <ele>185.46</ele>
      </trkpt>
      <trkpt lat="51.31166998296976" lon="0.543109942227602">
        <ele>185.29</ele>
      </trkpt>
      <trkpt lat="51.31155992858112" lon="0.5434899777173996">
        <ele>185.25</ele>
      </trkpt>
      <trkpt lat="51.31153997965157" lon="0.5436199810355902">
        <ele>185.21</ele>
      </trkpt>
      <trkpt lat="51.3115799613297" lon="0.5437799915671349">
        <ele>185.18</ele>
      </trkpt>
      <trkpt lat="51.31159999407828" lon="0.5441699177026749">
        <ele>185.18</ele>
      </trkpt>
      <trkpt lat="51.31148968823254" lon="0.544570991769433">
        <ele>185.27</ele>
      </trkpt>
      <trkpt lat="51.311379466205835" lon="0.5449719820171595">
        <ele>185.34</ele>
      </trkpt>
      <trkpt lat="51.311269998550415" lon="0.5453699547797441">
        <ele>185.39</ele>
      </trkpt>
      <trkpt lat="51.31115969270468" lon="0.5457709450274706">
        <ele>185.48</ele>
      </trkpt>
      <trkpt lat="51.31104947067797" lon="0.546171935275197">
        <ele>185.71</ele>
      </trkpt>
      <trkpt lat="51.31094000302255" lon="0.5465699918568134">
        <ele>185.96</ele>
      </trkpt>
      <trkpt lat="51.31082961335778" lon="0.5469709821045399">
        <ele>186.18</ele>
      </trkpt>
      <trkpt lat="51.310829697176814" lon="0.5469709821045399">
        <ele>186.43</ele>
      </trkpt>
      <trkpt lat="51.31071939133108" lon="0.5473719723522663">
        <ele>186.65</ele>
      </trkpt>
      <trkpt lat="51.310609923675656" lon="0.547769945114851">
        <ele>186.93</ele>
      </trkpt>
      <trkpt lat="51.3105299603194" lon="0.5478599667549133">
        <ele>187.27</ele>
      </trkpt>
      <trkpt lat="51.310349917039275" lon="0.5476699490100145">
        <ele>187.68</ele>
      </trkpt>
      <trkpt lat="51.3102899864316" lon="0.5475699529051781">
        <ele>188.05</ele>
      </trkpt>
      <trkpt lat="51.310199964791536" lon="0.5475699529051781">
        <ele>188.46</ele>
      </trkpt>
      <trkpt lat="51.31005981937051" lon="0.5477151274681091">
        <ele>188.92</ele>
      </trkpt>
      <trkpt lat="51.309919925406575" lon="0.5478599667549133">
        <ele>189.41</ele>
      </trkpt>
      <trkpt lat="51.309817247092724" lon="0.5482459533959627">
        <ele>189.83</ele>
      </trkpt>
      <trkpt lat="51.30971498787403" lon="0.5486299283802509">
        <ele>190.18</ele>
      </trkpt>
      <trkpt lat="51.30961222574115" lon="0.5490159150213003">
        <ele>190.4</ele>
      </trkpt>
      <trkpt lat="51.309509966522455" lon="0.5493999738246202">
        <ele>190.65</ele>
      </trkpt>
      <trkpt lat="51.30936462432146" lon="0.5498108547180891">
        <ele>190.97</ele>
      </trkpt>
      <trkpt lat="51.30921995267272" lon="0.5502199754118919">
        <ele>191.3</ele>
      </trkpt>
      <trkpt lat="51.30902071483433" lon="0.5505582690238953">
        <ele>191.68</ele>
      </trkpt>
      <trkpt lat="51.30882156081498" lon="0.5508966464549303">
        <ele>192.01</ele>
      </trkpt>
      <trkpt lat="51.30862332880497" lon="0.551233347505331">
        <ele>192.33</ele>
      </trkpt>
      <trkpt lat="51.30842409096658" lon="0.5515716411173344">
        <ele>192.71</ele>
      </trkpt>
      <trkpt lat="51.308224853128195" lon="0.5519100185483694">
        <ele>192.97</ele>
      </trkpt>
      <trkpt lat="51.30802662111819" lon="0.5522466357797384">
        <ele>193.17</ele>
      </trkpt>
      <trkpt lat="51.3078273832798" lon="0.5525850132107735">
        <ele>193.33</ele>
      </trkpt>
      <trkpt lat="51.307628229260445" lon="0.5529233068227768">
        <ele>193.41</ele>
      </trkpt>
      <trkpt lat="51.30742999725044" lon="0.5532599240541458">
        <ele>193.52</ele>
      </trkpt>
      <trkpt lat="51.30726998671889" lon="0.5536399595439434">
        <ele>193.54</ele>
      </trkpt>
      <trkpt lat="51.30721315741539" lon="0.5539774987846613">
        <ele>193.55</ele>
      </trkpt>
      <trkpt lat="51.30715632811189" lon="0.5543151218444109">
        <ele>193.52</ele>
      </trkpt>
      <trkpt lat="51.30709991790354" lon="0.5546499788761139">
        <ele>193.45</ele>
      </trkpt>
      <trkpt lat="51.30702305585146" lon="0.5550176091492176">
        <ele>193.49</ele>
      </trkpt>
      <trkpt lat="51.30694619379938" lon="0.5553852394223213">
        <ele>193.62</ele>
      </trkpt>
      <trkpt lat="51.30687000229955" lon="0.555749936029315">
        <ele>193.64</ele>
      </trkpt>
      <trkpt lat="51.30679305642843" lon="0.5561175663024187">
        <ele>193.54</ele>
      </trkpt>
      <trkpt lat="51.30671619437635" lon="0.5564851965755224">
        <ele>193.44</ele>
      </trkpt>
      <trkpt lat="51.30663991905749" lon="0.5568499770015478">
        <ele>193.36</ele>
      </trkpt>
      <trkpt lat="51.3065096642822" lon="0.5571940541267395">
        <ele>193.18</ele>
      </trkpt>
      <trkpt lat="51.30637940950692" lon="0.5575381312519312">
        <ele>193.0</ele>
      </trkpt>
      <trkpt lat="51.30624999292195" lon="0.5578799452632666">
        <ele>192.76</ele>
      </trkpt>
      <trkpt lat="51.30611965432763" lon="0.5582240223884583">
        <ele>192.6</ele>
      </trkpt>
      <trkpt lat="51.305989399552345" lon="0.5585680995136499">
        <ele>192.46</ele>
      </trkpt>
      <trkpt lat="51.30585998296738" lon="0.558909997344017">
        <ele>192.29</ele>
      </trkpt>
      <trkpt lat="51.30572193302214" lon="0.5591949820518494">
        <ele>192.05</ele>
      </trkpt>
      <trkpt lat="51.305583883076906" lon="0.5594799667596817">
        <ele>191.74</ele>
      </trkpt>
      <trkpt lat="51.30544667132199" lon="0.5597632750868797">
        <ele>191.42</ele>
      </trkpt>
      <trkpt lat="51.30530862137675" lon="0.5600482597947121">
        <ele>191.05</ele>
      </trkpt>
      <trkpt lat="51.30517057143152" lon="0.5603332445025444">
        <ele>190.75</ele>
      </trkpt>
      <trkpt lat="51.30503327585757" lon="0.5606166366487741">
        <ele>190.41</ele>
      </trkpt>
      <trkpt lat="51.30489522591233" lon="0.5609016213566065">
        <ele>190.21</ele>
      </trkpt>
      <trkpt lat="51.3047571759671" lon="0.5611866060644388">
        <ele>190.01</ele>
      </trkpt>
      <trkpt lat="51.30461996421218" lon="0.5614699982106686">
        <ele>189.89</ele>
      </trkpt>
      <trkpt lat="51.30438853986561" lon="0.5617380514740944">
        <ele>189.73</ele>
      </trkpt>
      <trkpt lat="51.30415719933808" lon="0.5620061885565519">
        <ele>189.56</ele>
      </trkpt>
      <trkpt lat="51.30392661318183" lon="0.5622733198106289">
        <ele>189.3</ele>
      </trkpt>
      <trkpt lat="51.303695272654295" lon="0.5625413730740547">
        <ele>188.86</ele>
      </trkpt>
      <trkpt lat="51.30346384830773" lon="0.5628095101565123">
        <ele>188.35</ele>
      </trkpt>
      <trkpt lat="51.30323326215148" lon="0.5630766414105892">
        <ele>188.03</ele>
      </trkpt>
      <trkpt lat="51.303001921623945" lon="0.563344694674015">
        <ele>187.75</ele>
      </trkpt>
      <trkpt lat="51.30277049727738" lon="0.5636128317564726">
        <ele>187.48</ele>
      </trkpt>
      <trkpt lat="51.30253999494016" lon="0.5638799630105495">
        <ele>187.3</ele>
      </trkpt>
      <trkpt lat="51.302449721843004" lon="0.5642341822385788">
        <ele>187.23</ele>
      </trkpt>
      <trkpt lat="51.30235953256488" lon="0.564588401466608">
        <ele>187.06</ele>
      </trkpt>
      <trkpt lat="51.302269930019975" lon="0.5649399384856224">
        <ele>186.89</ele>
      </trkpt>
      <trkpt lat="51.30217974074185" lon="0.5652941577136517">
        <ele>186.83</ele>
      </trkpt>
      <trkpt lat="51.30208955146372" lon="0.5656483769416809">
        <ele>186.7</ele>
      </trkpt>
      <trkpt lat="51.30199994891882" lon="0.565999997779727">
        <ele>186.53</ele>
      </trkpt>
      <trkpt lat="51.301909759640694" lon="0.5663542170077562">
        <ele>186.41</ele>
      </trkpt>
      <trkpt lat="51.301819486543536" lon="0.5667084362357855">
        <ele>186.29</ele>
      </trkpt>
      <trkpt lat="51.301729967817664" lon="0.5670599732547998">
        <ele>186.37</ele>
      </trkpt>
      <trkpt lat="51.301830215379596" lon="0.5674074869602919">
        <ele>186.98</ele>
      </trkpt>
      <trkpt lat="51.30193046294153" lon="0.5677550006657839">
        <ele>187.53</ele>
      </trkpt>
      <trkpt lat="51.30202995613217" lon="0.5680999998003244">
        <ele>188.08</ele>
      </trkpt>
      <trkpt lat="51.301910765469074" lon="0.5685355234891176">
        <ele>188.54</ele>
      </trkpt>
      <trkpt lat="51.301791574805975" lon="0.5689709633588791">
        <ele>188.97</ele>
      </trkpt>
      <trkpt lat="51.301673306152225" lon="0.5694033019244671">
        <ele>189.41</ele>
      </trkpt>
      <trkpt lat="51.301554115489125" lon="0.5698388256132603">
        <ele>189.92</ele>
      </trkpt>
      <trkpt lat="51.301434924826026" lon="0.5702743493020535">
        <ele>190.49</ele>
      </trkpt>
      <trkpt lat="51.301316656172276" lon="0.5707066040486097">
        <ele>191.07</ele>
      </trkpt>
      <trkpt lat="51.301197465509176" lon="0.5711421277374029">
        <ele>191.63</ele>
      </trkpt>
      <trkpt lat="51.30107827484608" lon="0.5715776514261961">
        <ele>192.2</ele>
      </trkpt>
      <trkpt lat="51.300959922373295" lon="0.5720099899917841">
        <ele>192.73</ele>
      </trkpt>
      <trkpt lat="51.30114004947245" lon="0.5721400771290064">
        <ele>193.36</ele>
      </trkpt>
      <trkpt lat="51.30131992511451" lon="0.5722699966281652">
        <ele>193.96</ele>
      </trkpt>
      <trkpt lat="51.30152997560799" lon="0.5724599305540323">
        <ele>194.61</ele>
      </trkpt>
      <trkpt lat="51.30171010270715" lon="0.5725800432264805">
        <ele>195.16</ele>
      </trkpt>
      <trkpt lat="51.30188997834921" lon="0.5726999882608652">
        <ele>195.65</ele>
      </trkpt>
      <trkpt lat="51.30194999277592" lon="0.5727999843657017">
        <ele>196.08</ele>
      </trkpt>
      <trkpt lat="51.30185636691749" lon="0.5731441453099251">
        <ele>196.47</ele>
      </trkpt>
      <trkpt lat="51.3017628248781" lon="0.5734883062541485">
        <ele>196.8</ele>
      </trkpt>
      <trkpt lat="51.301669953390956" lon="0.5738299526274204">
        <ele>197.03</ele>
      </trkpt>
      <trkpt lat="51.30153969861567" lon="0.5741957388818264">
        <ele>197.21</ele>
      </trkpt>
      <trkpt lat="51.301409946754575" lon="0.5745599325746298">
        <ele>197.41</ele>
      </trkpt>
      <trkpt lat="51.30130718462169" lon="0.5749233718961477">
        <ele>197.65</ele>
      </trkpt>
      <trkpt lat="51.301204925403" lon="0.5752849671989679">
        <ele>197.79</ele>
      </trkpt>
      <trkpt lat="51.30110224708915" lon="0.5756483227014542">
        <ele>197.86</ele>
      </trkpt>
      <trkpt lat="51.300999987870455" lon="0.5760099180042744">
        <ele>197.88</ele>
      </trkpt>
      <trkpt lat="51.3009197730571" lon="0.576413506641984">
        <ele>197.89</ele>
      </trkpt>
      <trkpt lat="51.30083997733891" lon="0.5768149998039007">
        <ele>197.91</ele>
      </trkpt>
      <trkpt lat="51.30075976252556" lon="0.5772185046225786">
        <ele>197.85</ele>
      </trkpt>
      <trkpt lat="51.300679966807365" lon="0.5776199977844954">
        <ele>197.73</ele>
      </trkpt>
      <trkpt lat="51.300559686496854" lon="0.5780711118131876">
        <ele>197.57</ele>
      </trkpt>
      <trkpt lat="51.300439992919564" lon="0.5785199627280235">
        <ele>197.36</ele>
      </trkpt>
      <trkpt lat="51.30036992020905" lon="0.5785799771547318">
        <ele>197.08</ele>
      </trkpt>
      <trkpt lat="51.30025994963944" lon="0.57859992608428">
        <ele>196.74</ele>
      </trkpt>
      <trkpt lat="51.29999994300306" lon="0.5784099921584129">
        <ele>196.28</ele>
      </trkpt>
      <trkpt lat="51.29976659081876" lon="0.578369926661253">
        <ele>195.84</ele>
      </trkpt>
      <trkpt lat="51.299533154815435" lon="0.5783299449831247">
        <ele>195.38</ele>
      </trkpt>
      <trkpt lat="51.2992999702692" lon="0.5782899633049965">
        <ele>194.89</ele>
      </trkpt>
      <trkpt lat="51.29911992698908" lon="0.5783499777317047">
        <ele>194.33</ele>
      </trkpt>
      <trkpt lat="51.29898992367089" lon="0.5785199627280235">
        <ele>193.66</ele>
      </trkpt>
      <trkpt lat="51.298919934779406" lon="0.5786899477243423">
        <ele>192.97</ele>
      </trkpt>
      <trkpt lat="51.29890996031463" lon="0.5789399798959494">
        <ele>192.27</ele>
      </trkpt>
      <trkpt lat="51.29895010963082" lon="0.5793060176074505">
        <ele>191.56</ele>
      </trkpt>
      <trkpt lat="51.29898992367089" lon="0.5796699598431587">
        <ele>190.89</ele>
      </trkpt>
      <trkpt lat="51.29903007298708" lon="0.5800359975546598">
        <ele>190.2</ele>
      </trkpt>
      <trkpt lat="51.299069970846176" lon="0.5803999397903681">
        <ele>189.52</ele>
      </trkpt>
      <trkpt lat="51.29902998916805" lon="0.5805699247866869">
        <ele>188.72</ele>
      </trkpt>
      <trkpt lat="51.29894994199276" lon="0.5806699208915234">
        <ele>187.89</ele>
      </trkpt>
      <trkpt lat="51.29871994256973" lon="0.5807799752801657">
        <ele>186.88</ele>
      </trkpt>
      <trkpt lat="51.298639979213476" lon="0.5807999242097139">
        <ele>186.0</ele>
      </trkpt>
      <trkpt lat="51.298549957573414" lon="0.5807599425315857">
        <ele>185.11</ele>
      </trkpt>
      <trkpt lat="51.29847996868193" lon="0.5807999242097139">
        <ele>184.21</ele>
      </trkpt>
      <trkpt lat="51.2984399870038" lon="0.5808999203145504">
        <ele>183.38</ele>
      </trkpt>
      <trkpt lat="51.29839992150664" lon="0.580869996920228">
        <ele>182.58</ele>
      </trkpt>
      <trkpt lat="51.29830998368561" lon="0.5806699208915234">
        <ele>181.73</ele>
      </trkpt>
      <trkpt lat="51.298249969258904" lon="0.5804599542170763">
        <ele>180.97</ele>
      </trkpt>
      <trkpt lat="51.29815994761884" lon="0.5803399253636599">
        <ele>180.18</ele>
      </trkpt>
      <trkpt lat="51.29808995872736" lon="0.5801199842244387">
        <ele>179.54</ele>
      </trkpt>
      <trkpt lat="51.298059951514006" lon="0.5798799265176058">
        <ele>179.08</ele>
      </trkpt>
      <trkpt lat="51.29797998815775" lon="0.5798899848014116">
        <ele>178.52</ele>
      </trkpt>
      <trkpt lat="51.29802994430065" lon="0.5802399292588234">
        <ele>178.28</ele>
      </trkpt>
      <trkpt lat="51.29812524653971" lon="0.5806710943579674">
        <ele>178.26</ele>
      </trkpt>
      <trkpt lat="51.29821996204555" lon="0.581099996343255">
        <ele>178.4</ele>
      </trkpt>
      <trkpt lat="51.298169922083616" lon="0.5814999807626009">
        <ele>178.35</ele>
      </trkpt>
      <trkpt lat="51.298169922083616" lon="0.5817399546504021">
        <ele>178.32</ele>
      </trkpt>
      <trkpt lat="51.298209987580776" lon="0.5819999612867832">
        <ele>178.37</ele>
      </trkpt>
      <trkpt lat="51.29814997315407" lon="0.5822699423879385">
        <ele>178.21</ele>
      </trkpt>
      <trkpt lat="51.29805475473404" lon="0.5824853572994471">
        <ele>177.95</ele>
      </trkpt>
      <trkpt lat="51.29795995540917" lon="0.5826999340206385">
        <ele>177.68</ele>
      </trkpt>
      <trkpt lat="51.29782970063388" lon="0.582935381680727">
        <ele>177.3</ele>
      </trkpt>
      <trkpt lat="51.29769994877279" lon="0.5831699911504984">
        <ele>177.0</ele>
      </trkpt>
      <trkpt lat="51.297546392306685" lon="0.5834036786109209">
        <ele>176.58</ele>
      </trkpt>
      <trkpt lat="51.29739283584058" lon="0.5836373660713434">
        <ele>176.15</ele>
      </trkpt>
      <trkpt lat="51.297239949926734" lon="0.5838699638843536">
        <ele>175.6</ele>
      </trkpt>
      <trkpt lat="51.29701305180788" lon="0.5841202475130558">
        <ele>174.86</ele>
      </trkpt>
      <trkpt lat="51.29678615368903" lon="0.584370531141758">
        <ele>174.18</ele>
      </trkpt>
      <trkpt lat="51.29655992612243" lon="0.584619976580143">
        <ele>173.5</ele>
      </trkpt>
      <trkpt lat="51.29652991890907" lon="0.5848099943250418">
        <ele>172.89</ele>
      </trkpt>
      <trkpt lat="51.29658993333578" lon="0.5851199571043253">
        <ele>172.39</ele>
      </trkpt>
      <trkpt lat="51.296429922804236" lon="0.5854299198836088">
        <ele>171.59</ele>
      </trkpt>
      <trkpt lat="51.29628977738321" lon="0.5856001563370228">
        <ele>170.82</ele>
      </trkpt>
      <trkpt lat="51.29614996723831" lon="0.5857699736952782">
        <ele>170.05</ele>
      </trkpt>
      <trkpt lat="51.29601468332112" lon="0.5861307308077812">
        <ele>169.35</ele>
      </trkpt>
      <trkpt lat="51.29587998613715" lon="0.5864899791777134">
        <ele>168.78</ele>
      </trkpt>
      <trkpt lat="51.29568996839225" lon="0.586849981918931">
        <ele>168.44</ele>
      </trkpt>
      <trkpt lat="51.295469943434" lon="0.5871799774467945">
        <ele>168.61</ele>
      </trkpt>
      <trkpt lat="51.295439936220646" lon="0.5872899480164051">
        <ele>168.83</ele>
      </trkpt>
      <trkpt lat="51.29536994732916" lon="0.5874699912965298">
        <ele>169.28</ele>
      </trkpt>
      <trkpt lat="51.295309932902455" lon="0.5874799657613039">
        <ele>169.59</ele>
      </trkpt>
      <trkpt lat="51.29518982023001" lon="0.5876451730728149">
        <ele>170.09</ele>
      </trkpt>
      <trkpt lat="51.295069959014654" lon="0.5878099612891674">
        <ele>170.64</ele>
      </trkpt>
      <trkpt lat="51.294906344264746" lon="0.5880803614854813">
        <ele>171.33</ele>
      </trkpt>
      <trkpt lat="51.29474272951484" lon="0.5883508455008268">
        <ele>172.13</ele>
      </trkpt>
      <trkpt lat="51.294579952955246" lon="0.588619988411665">
        <ele>172.92</ele>
      </trkpt>
      <trkpt lat="51.294449949637055" lon="0.5887799989432096">
        <ele>173.53</ele>
      </trkpt>
      <trkpt lat="51.29429966211319" lon="0.5891507305204868">
        <ele>174.14</ele>
      </trkpt>
      <trkpt lat="51.294149961322546" lon="0.5895199533551931">
        <ele>174.69</ele>
      </trkpt>
      <trkpt lat="51.29403965547681" lon="0.5899108853191137">
        <ele>175.24</ele>
      </trkpt>
      <trkpt lat="51.29392993636429" lon="0.5902999732643366">
        <ele>175.9</ele>
      </trkpt>
      <trkpt lat="51.29411995410919" lon="0.5903699621558189">
        <ele>176.55</ele>
      </trkpt>
      <trkpt lat="51.29424995742738" lon="0.5904999654740095">
        <ele>177.05</ele>
      </trkpt>
      <trkpt lat="51.29437996074557" lon="0.5906899832189083">
        <ele>177.46</ele>
      </trkpt>
      <trkpt lat="51.29447995685041" lon="0.5910499859601259">
        <ele>177.71</ele>
      </trkpt>
      <trkpt lat="51.29419991746545" lon="0.5910599604249">
        <ele>177.74</ele>
      </trkpt>
      <trkpt lat="51.29413998685777" lon="0.5910299532115459">
        <ele>177.69</ele>
      </trkpt>
      <trkpt lat="51.29406999796629" lon="0.5909499898552895">
        <ele>177.48</ele>
      </trkpt>
      <trkpt lat="51.29400998353958" lon="0.5909499898552895">
        <ele>177.18</ele>
      </trkpt>
      <trkpt lat="51.29383999854326" lon="0.5913199670612812">
        <ele>176.79</ele>
      </trkpt>
      <trkpt lat="51.29389992915094" lon="0.5915399920195341">
        <ele>176.37</ele>
      </trkpt>
      <trkpt lat="51.293909987434745" lon="0.5916799698024988">
        <ele>175.88</ele>
      </trkpt>
      <trkpt lat="51.29390244372189" lon="0.5920911021530628">
        <ele>175.13</ele>
      </trkpt>
      <trkpt lat="51.29389498382807" lon="0.5924999713897705">
        <ele>174.22</ele>
      </trkpt>
      <trkpt lat="51.29388744011521" lon="0.5929111037403345">
        <ele>173.14</ele>
      </trkpt>
      <trkpt lat="51.29387998022139" lon="0.5933199729770422">
        <ele>172.09</ele>
      </trkpt>
      <trkpt lat="51.2939399946481" lon="0.5932999402284622">
        <ele>171.55</ele>
      </trkpt>
      <trkpt lat="51.294209975749254" lon="0.5933299474418163">
        <ele>171.1</ele>
      </trkpt>
      <trkpt lat="51.29439504817128" lon="0.5934300273656845">
        <ele>170.75</ele>
      </trkpt>
      <trkpt lat="51.294579952955246" lon="0.5935299396514893">
        <ele>170.45</ele>
      </trkpt>
      <trkpt lat="51.29484264180064" lon="0.5936950631439686">
        <ele>170.26</ele>
      </trkpt>
      <trkpt lat="51.29510499536991" lon="0.5938599351793528">
        <ele>170.18</ele>
      </trkpt>
      <trkpt lat="51.295367600396276" lon="0.5940250586718321">
        <ele>170.19</ele>
      </trkpt>
      <trkpt lat="51.295629953965545" lon="0.5941899307072163">
        <ele>170.28</ele>
      </trkpt>
      <trkpt lat="51.295905131846666" lon="0.5943801160901785">
        <ele>170.44</ele>
      </trkpt>
      <trkpt lat="51.29617997445166" lon="0.5945699661970139">
        <ele>170.65</ele>
      </trkpt>
      <trkpt lat="51.29612993448973" lon="0.5947799328714609">
        <ele>170.57</ele>
      </trkpt>
      <trkpt lat="51.295929942280054" lon="0.5951199866831303">
        <ele>170.47</ele>
      </trkpt>
      <trkpt lat="51.295759873464704" lon="0.5951749719679356">
        <ele>170.39</ele>
      </trkpt>
      <trkpt lat="51.29558997228742" lon="0.5952299572527409">
        <ele>170.33</ele>
      </trkpt>
      <trkpt lat="51.29531320184469" lon="0.5953499861061573">
        <ele>170.29</ele>
      </trkpt>
      <trkpt lat="51.295036347582936" lon="0.5954700987786055">
        <ele>170.31</ele>
      </trkpt>
      <trkpt lat="51.29475999623537" lon="0.5955899599939585">
        <ele>170.28</ele>
      </trkpt>
      <trkpt lat="51.29461985081434" lon="0.5957301054149866">
        <ele>170.54</ele>
      </trkpt>
      <trkpt lat="51.29447995685041" lon="0.5958699993789196">
        <ele>170.82</ele>
      </trkpt>
      <trkpt lat="51.294319946318865" lon="0.596169987693429">
        <ele>171.18</ele>
      </trkpt>
      <trkpt lat="51.29425993189216" lon="0.5964199360460043">
        <ele>171.77</ele>
      </trkpt>
      <trkpt lat="51.294169994071126" lon="0.5966499354690313">
        <ele>172.37</ele>
      </trkpt>
      <trkpt lat="51.29408994689584" lon="0.5967299826443195">
        <ele>172.91</ele>
      </trkpt>
      <trkpt lat="51.29408994689584" lon="0.5968599859625101">
        <ele>173.58</ele>
      </trkpt>
      <trkpt lat="51.29402993246913" lon="0.5971899814903736">
        <ele>174.5</ele>
      </trkpt>
      <trkpt lat="51.294059939682484" lon="0.5973799992352724">
        <ele>175.26</ele>
      </trkpt>
      <trkpt lat="51.29397997632623" lon="0.597669929265976">
        <ele>175.99</ele>
      </trkpt>
      <trkpt lat="51.29373472183943" lon="0.5978901218622923">
        <ele>176.39</ele>
      </trkpt>
      <trkpt lat="51.29348997026682" lon="0.5981099791824818">
        <ele>176.55</ele>
      </trkpt>
      <trkpt lat="51.29332476295531" lon="0.5983152519911528">
        <ele>176.65</ele>
      </trkpt>
      <trkpt lat="51.293159974738955" lon="0.5985199380666018">
        <ele>176.69</ele>
      </trkpt>
      <trkpt lat="51.29304992035031" lon="0.5987599957734346">
        <ele>176.73</ele>
      </trkpt>
      <trkpt lat="51.29297993145883" lon="0.5990799330174923">
        <ele>176.75</ele>
      </trkpt>
      <trkpt lat="51.29286468029022" lon="0.5994659196585417">
        <ele>176.52</ele>
      </trkpt>
      <trkpt lat="51.292749932035804" lon="0.5998499784618616">
        <ele>176.01</ele>
      </trkpt>
      <trkpt lat="51.29262998700142" lon="0.5999799817800522">
        <ele>175.28</ele>
      </trkpt>
      <trkpt lat="51.29254977218807" lon="0.6003308482468128">
        <ele>174.42</ele>
      </trkpt>
      <trkpt lat="51.292469976469874" lon="0.6006799545139074">
        <ele>173.52</ele>
      </trkpt>
      <trkpt lat="51.292319940403104" lon="0.6010699644684792">
        <ele>172.45</ele>
      </trkpt>
      <trkpt lat="51.29217459820211" lon="0.6015059910714626">
        <ele>171.43</ele>
      </trkpt>
      <trkpt lat="51.29202992655337" lon="0.6019399221986532">
        <ele>170.63</ele>
      </trkpt>
      <trkpt lat="51.291959937661886" lon="0.6020999327301979">
        <ele>169.82</ele>
      </trkpt>
      <trkpt lat="51.291979970410466" lon="0.6023999210447073">
        <ele>169.3</ele>
      </trkpt>
      <trkpt lat="51.29185994155705" lon="0.6026099715381861">
        <ele>168.53</ele>
      </trkpt>
      <trkpt lat="51.29175994545221" lon="0.6027299165725708">
        <ele>167.61</ele>
      </trkpt>
      <trkpt lat="51.29165994934738" lon="0.6027499493211508">
        <ele>166.59</ele>
      </trkpt>
      <trkpt lat="51.29149490967393" lon="0.6027349457144737">
        <ele>165.42</ele>
      </trkpt>
      <trkpt lat="51.29132995381951" lon="0.6027199421077967">
        <ele>164.19</ele>
      </trkpt>
      <trkpt lat="51.291099954396486" lon="0.6028999853879213">
        <ele>163.11</ele>
      </trkpt>
      <trkpt lat="51.29097992554307" lon="0.603039963170886">
        <ele>162.04</ele>
      </trkpt>
      <trkpt lat="51.29088470712304" lon="0.6033256184309721">
        <ele>161.09</ele>
      </trkpt>
      <trkpt lat="51.2907899916172" lon="0.6036099325865507">
        <ele>160.21</ele>
      </trkpt>
      <trkpt lat="51.2907799333334" lon="0.6037999503314495">
        <ele>159.52</ele>
      </trkpt>
      <trkpt lat="51.290839947760105" lon="0.6042699236422777">
        <ele>158.86</ele>
      </trkpt>
      <trkpt lat="51.29097992554307" lon="0.6045899447053671">
        <ele>158.34</ele>
      </trkpt>
      <trkpt lat="51.29103993996978" lon="0.6047999951988459">
        <ele>157.91</ele>
      </trkpt>
      <trkpt lat="51.291119987145066" lon="0.6049699801951647">
        <ele>157.7</ele>
      </trkpt>
      <trkpt lat="51.29119995050132" lon="0.6050899252295494">
        <ele>157.69</ele>
      </trkpt>
      <trkpt lat="51.29127999767661" lon="0.6053299829363823">
        <ele>157.78</ele>
      </trkpt>
      <trkpt lat="51.29131997935474" lon="0.6055599823594093">
        <ele>158.05</ele>
      </trkpt>
      <trkpt lat="51.291269939392805" lon="0.6059499923139811">
        <ele>158.46</ele>
      </trkpt>
      <trkpt lat="51.291159968823195" lon="0.6062399223446846">
        <ele>159.07</ele>
      </trkpt>
      <trkpt lat="51.29091999493539" lon="0.6064799800515175">
        <ele>159.84</ele>
      </trkpt>
      <trkpt lat="51.29076970741153" lon="0.6067153438925743">
        <ele>160.93</ele>
      </trkpt>
      <trkpt lat="51.29061992280185" lon="0.6069499533623457">
        <ele>162.18</ele>
      </trkpt>
      <trkpt lat="51.29053476266563" lon="0.6072155758738518">
        <ele>163.64</ele>
      </trkpt>
      <trkpt lat="51.29044993780553" lon="0.6074799410998821">
        <ele>165.18</ele>
      </trkpt>
      <trkpt lat="51.29031473770738" lon="0.6077655125409365">
        <ele>166.78</ele>
      </trkpt>
      <trkpt lat="51.29017995670438" lon="0.6080499943345785">
        <ele>168.43</ele>
      </trkpt>
      <trkpt lat="51.290134862065315" lon="0.6083858571946621">
        <ele>170.19</ele>
      </trkpt>
      <trkpt lat="51.290089935064316" lon="0.6087199598550797">
        <ele>171.73</ele>
      </trkpt>
      <trkpt lat="51.289919950068" lon="0.6090299226343632">
        <ele>173.2</ele>
      </trkpt>
      <trkpt lat="51.289749797433615" lon="0.6091801263391972">
        <ele>174.51</ele>
      </trkpt>
      <trkpt lat="51.28957998007536" lon="0.6093299947679043">
        <ele>175.54</ele>
      </trkpt>
      <trkpt lat="51.28947998397052" lon="0.6095499359071255">
        <ele>176.36</ele>
      </trkpt>
      <trkpt lat="51.28937638364732" lon="0.609967689961195">
        <ele>176.93</ele>
      </trkpt>
      <trkpt lat="51.28927278332412" lon="0.6103853601962328">
        <ele>177.29</ele>
      </trkpt>
      <trkpt lat="51.28916993737221" lon="0.6107999291270971">
        <ele>177.49</ele>
      </trkpt>
      <trkpt lat="51.289164908230305" lon="0.6110556609928608">
        <ele>177.62</ele>
      </trkpt>
      <trkpt lat="51.28915996290743" lon="0.6113099679350853">
        <ele>177.56</ele>
      </trkpt>
      <trkpt lat="51.28907974809408" lon="0.6115354411303997">
        <ele>177.24</ele>
      </trkpt>
      <trkpt lat="51.28899995237589" lon="0.6117599923163652">
        <ele>176.75</ele>
      </trkpt>
      <trkpt lat="51.28892979584634" lon="0.6121459789574146">
        <ele>176.17</ele>
      </trkpt>
      <trkpt lat="51.288859974592924" lon="0.6125299539417028">
        <ele>175.46</ele>
      </trkpt>
      <trkpt lat="51.288844887167215" lon="0.6128809880465269">
        <ele>174.76</ele>
      </trkpt>
      <trkpt lat="51.28882996737957" lon="0.6132299266755581">
        <ele>173.91</ele>
      </trkpt>
      <trkpt lat="51.28873223438859" lon="0.6135807931423187">
        <ele>172.82</ele>
      </trkpt>
      <trkpt lat="51.28863492049277" lon="0.613929983228445">
        <ele>171.7</ele>
      </trkpt>
      <trkpt lat="51.28853718750179" lon="0.6142808496952057">
        <ele>170.56</ele>
      </trkpt>
      <trkpt lat="51.288439957425" lon="0.6146299559623003">
        <ele>169.22</ele>
      </trkpt>
      <trkpt lat="51.288279946893454" lon="0.615019965916872">
        <ele>167.64</ele>
      </trkpt>
      <trkpt lat="51.288219932466745" lon="0.6150999292731285">
        <ele>166.51</ele>
      </trkpt>
      <trkpt lat="51.28807467408478" lon="0.6153604388237">
        <ele>165.32</ele>
      </trkpt>
      <trkpt lat="51.28792991861701" lon="0.6156199425458908">
        <ele>164.33</ele>
      </trkpt>
      <trkpt lat="51.28808523528278" lon="0.6158904265612364">
        <ele>163.82</ele>
      </trkpt>
      <trkpt lat="51.288239965215325" lon="0.6161599885672331">
        <ele>163.29</ele>
      </trkpt>
      <trkpt lat="51.28838011063635" lon="0.6163001339882612">
        <ele>162.88</ele>
      </trkpt>
      <trkpt lat="51.288519920781255" lon="0.6164399441331625">
        <ele>162.62</ele>
      </trkpt>
      <trkpt lat="51.28872997127473" lon="0.6165299657732248">
        <ele>162.6</ele>
      </trkpt>
      <trkpt lat="51.288819992914796" lon="0.6164899840950966">
        <ele>162.84</ele>
      </trkpt>
      <trkpt lat="51.28890993073583" lon="0.6164899840950966">
        <ele>163.25</ele>
      </trkpt>
      <trkpt lat="51.289183432236314" lon="0.6163531914353371">
        <ele>164.04</ele>
      </trkpt>
      <trkpt lat="51.28945684991777" lon="0.6162164825946093">
        <ele>165.02</ele>
      </trkpt>
      <trkpt lat="51.2897299323231" lon="0.6160799413919449">
        <ele>166.0</ele>
      </trkpt>
      <trkpt lat="51.28989991731942" lon="0.6159399636089802">
        <ele>167.1</ele>
      </trkpt>
      <trkpt lat="51.290035117417574" lon="0.6157797854393721">
        <ele>168.34</ele>
      </trkpt>
      <trkpt lat="51.290169982239604" lon="0.6156199425458908">
        <ele>169.6</ele>
      </trkpt>
      <trkpt lat="51.290299985557795" lon="0.6155899353325367">
        <ele>170.82</ele>
      </trkpt>
      <trkpt lat="51.29037994891405" lon="0.6157899275422096">
        <ele>172.02</ele>
      </trkpt>
      <trkpt lat="51.29038330167532" lon="0.6162680312991142">
        <ele>173.23</ele>
      </trkpt>
      <trkpt lat="51.29038665443659" lon="0.6167460512369871">
        <ele>174.62</ele>
      </trkpt>
      <trkpt lat="51.290389923378825" lon="0.617219964042306">
        <ele>175.99</ele>
      </trkpt>
      <trkpt lat="51.29039495252073" lon="0.6174756959080696">
        <ele>177.3</ele>
      </trkpt>
      <trkpt lat="51.29039998166263" lon="0.6177299190312624">
        <ele>178.56</ele>
      </trkpt>
      <trkpt lat="51.290239971131086" lon="0.61812998726964">
        <ele>179.69</ele>
      </trkpt>
      <trkpt lat="51.290159756317735" lon="0.6184257008135319">
        <ele>180.8</ele>
      </trkpt>
      <trkpt lat="51.29007996059954" lon="0.6187199894338846">
        <ele>181.81</ele>
      </trkpt>
      <trkpt lat="51.289959931746125" lon="0.619019977748394">
        <ele>182.71</ele>
      </trkpt>
      <trkpt lat="51.289879800751805" lon="0.6192956585437059">
        <ele>183.45</ele>
      </trkpt>
      <trkpt lat="51.28979992121458" lon="0.6195699982345104">
        <ele>184.09</ele>
      </trkpt>
      <trkpt lat="51.28959992900491" lon="0.6198099721223116">
        <ele>184.51</ele>
      </trkpt>
      <trkpt lat="51.28949976526201" lon="0.6200855690985918">
        <ele>184.87</ele>
      </trkpt>
      <trkpt lat="51.289399936795235" lon="0.620359992608428">
        <ele>185.13</ele>
      </trkpt>
      <trkpt lat="51.289219642058015" lon="0.6206554546952248">
        <ele>185.17</ele>
      </trkpt>
      <trkpt lat="51.28903993405402" lon="0.6209499947726727">
        <ele>185.31</ele>
      </trkpt>
      <trkpt lat="51.28885477781296" lon="0.6211652420461178">
        <ele>185.43</ele>
      </trkpt>
      <trkpt lat="51.288669956848025" lon="0.6213799864053726">
        <ele>185.38</ele>
      </trkpt>
      <trkpt lat="51.288569709286094" lon="0.621625492349267">
        <ele>185.34</ele>
      </trkpt>
      <trkpt lat="51.28846996463835" lon="0.6218699924647808">
        <ele>185.17</ele>
      </trkpt>
      <trkpt lat="51.288439957425" lon="0.6218499597162008">
        <ele>184.95</ele>
      </trkpt>
      <trkpt lat="51.288349935784936" lon="0.6218999996781349">
        <ele>184.68</ele>
      </trkpt>
      <trkpt lat="51.288239965215325" lon="0.6219599302858114">
        <ele>184.35</ele>
      </trkpt>
      <trkpt lat="51.28804969601333" lon="0.6222604215145111">
        <ele>184.03</ele>
      </trkpt>
      <trkpt lat="51.28785992972553" lon="0.6225599907338619">
        <ele>183.72</ele>
      </trkpt>
      <trkpt lat="51.287726406008005" lon="0.6228304747492075">
        <ele>183.59</ele>
      </trkpt>
      <trkpt lat="51.28759279847145" lon="0.6231009587645531">
        <ele>183.41</ele>
      </trkpt>
      <trkpt lat="51.28745994530618" lon="0.6233699340373278">
        <ele>183.36</ele>
      </trkpt>
      <trkpt lat="51.28732482902706" lon="0.623505050316453">
        <ele>183.21</ele>
      </trkpt>
      <trkpt lat="51.28718996420503" lon="0.6236399989575148">
        <ele>183.19</ele>
      </trkpt>
      <trkpt lat="51.28720999695361" lon="0.62390998005867">
        <ele>183.36</ele>
      </trkpt>
      <trkpt lat="51.2870997749269" lon="0.6241454277187586">
        <ele>183.37</ele>
      </trkpt>
      <trkpt lat="51.286989971995354" lon="0.6243799533694983">
        <ele>183.39</ele>
      </trkpt>
      <trkpt lat="51.28674999810755" lon="0.6246299855411053">
        <ele>183.32</ele>
      </trkpt>
      <trkpt lat="51.28670993261039" lon="0.6247299816459417">
        <ele>183.44</ele>
      </trkpt>
      <trkpt lat="51.28668989986181" lon="0.6250558700412512">
        <ele>183.75</ele>
      </trkpt>
      <trkpt lat="51.286669950932264" lon="0.6253799982368946">
        <ele>184.02</ele>
      </trkpt>
      <trkpt lat="51.286509688943624" lon="0.6256537511944771">
        <ele>184.29</ele>
      </trkpt>
      <trkpt lat="51.286349426954985" lon="0.6259275041520596">
        <ele>184.55</ele>
      </trkpt>
      <trkpt lat="51.28618975169957" lon="0.6262002512812614">
        <ele>184.73</ele>
      </trkpt>
      <trkpt lat="51.28618991933763" lon="0.6261999998241663">
        <ele>184.92</ele>
      </trkpt>
      <trkpt lat="51.28600803203881" lon="0.6265037599951029">
        <ele>185.05</ele>
      </trkpt>
      <trkpt lat="51.285826060920954" lon="0.6268076039850712">
        <ele>185.15</ele>
      </trkpt>
      <trkpt lat="51.28564492799342" lon="0.6271099392324686">
        <ele>185.3</ele>
      </trkpt>
      <trkpt lat="51.285463040694594" lon="0.6274137832224369">
        <ele>185.47</ele>
      </trkpt>
      <trkpt lat="51.28528106957674" lon="0.6277176272124052">
        <ele>185.56</ele>
      </trkpt>
      <trkpt lat="51.2850999366492" lon="0.6280199624598026">
        <ele>185.62</ele>
      </trkpt>
      <trkpt lat="51.28515995107591" lon="0.6281699985265732">
        <ele>185.79</ele>
      </trkpt>
      <trkpt lat="51.28501997329295" lon="0.6285099685192108">
        <ele>185.84</ele>
      </trkpt>
      <trkpt lat="51.28486474044621" lon="0.6287770997732878">
        <ele>185.8</ele>
      </trkpt>
      <trkpt lat="51.28470942378044" lon="0.629044147208333">
        <ele>185.7</ele>
      </trkpt>
      <trkpt lat="51.28455494530499" lon="0.6293099373579025">
        <ele>185.59</ele>
      </trkpt>
      <trkpt lat="51.28439971245825" lon="0.6295770686119795">
        <ele>185.36</ele>
      </trkpt>
      <trkpt lat="51.284244479611516" lon="0.6298441998660564">
        <ele>185.16</ele>
      </trkpt>
      <trkpt lat="51.28408991731703" lon="0.630109990015626">
        <ele>184.93</ele>
      </trkpt>
      <trkpt lat="51.28388464450836" lon="0.6304354593157768">
        <ele>184.61</ele>
      </trkpt>
      <trkpt lat="51.28367995843291" lon="0.6307599227875471">
        <ele>184.17</ele>
      </trkpt>
      <trkpt lat="51.28347460180521" lon="0.6310854759067297">
        <ele>183.67</ele>
      </trkpt>
      <trkpt lat="51.28326999954879" lon="0.6314099393785">
        <ele>183.22</ele>
      </trkpt>
      <trkpt lat="51.283189952373505" lon="0.6314499210566282">
        <ele>182.7</ele>
      </trkpt>
      <trkpt lat="51.28309993073344" lon="0.6314399465918541">
        <ele>182.14</ele>
      </trkpt>
      <trkpt lat="51.28302994184196" lon="0.6314899865537882">
        <ele>181.57</ele>
      </trkpt>
      <trkpt lat="51.28280991688371" lon="0.6318099237978458">
        <ele>181.01</ele>
      </trkpt>
      <trkpt lat="51.28263993188739" lon="0.6320399232208729">
        <ele>180.39</ele>
      </trkpt>
      <trkpt lat="51.28255996853113" lon="0.6321999337524176">
        <ele>179.76</ele>
      </trkpt>
      <trkpt lat="51.282459972426295" lon="0.632339995354414">
        <ele>179.1</ele>
      </trkpt>
      <trkpt lat="51.28237992525101" lon="0.6325199548155069">
        <ele>178.45</ele>
      </trkpt>
      <trkpt lat="51.282294765114784" lon="0.632946090772748">
        <ele>177.83</ele>
      </trkpt>
      <trkpt lat="51.28220994025469" lon="0.6333699636161327">
        <ele>177.17</ele>
      </trkpt>
      <trkpt lat="51.28214992582798" lon="0.6335199996829033">
        <ele>176.57</ele>
      </trkpt>
      <trkpt lat="51.2820799369365" lon="0.6336299702525139">
        <ele>175.96</ele>
      </trkpt>
      <trkpt lat="51.28191992640495" lon="0.6338099297136068">
        <ele>175.31</ele>
      </trkpt>
      <trkpt lat="51.28184993751347" lon="0.6339199841022491">
        <ele>174.76</ele>
      </trkpt>
      <trkpt lat="51.28171993419528" lon="0.6342399213463068">
        <ele>174.29</ele>
      </trkpt>
      <trkpt lat="51.281589679419994" lon="0.6346409115940332">
        <ele>173.9</ele>
      </trkpt>
      <trkpt lat="51.2814599275589" lon="0.6350399740040302">
        <ele>173.59</ele>
      </trkpt>
      <trkpt lat="51.28127628006041" lon="0.6353939417749643">
        <ele>173.13</ele>
      </trkpt>
      <trkpt lat="51.28109263256192" lon="0.6357479095458984">
        <ele>172.77</ele>
      </trkpt>
      <trkpt lat="51.280909990891814" lon="0.6360999494791031">
        <ele>172.51</ele>
      </trkpt>
      <trkpt lat="51.28079968504608" lon="0.636393902823329">
        <ele>172.49</ele>
      </trkpt>
      <trkpt lat="51.28068946301937" lon="0.6366879399865866">
        <ele>172.56</ele>
      </trkpt>
      <trkpt lat="51.28057999536395" lon="0.636979965493083">
        <ele>172.77</ele>
      </trkpt>
      <trkpt lat="51.28048972226679" lon="0.6372605916112661">
        <ele>173.1</ele>
      </trkpt>
      <trkpt lat="51.280399952083826" lon="0.6375399604439735">
        <ele>173.59</ele>
      </trkpt>
      <trkpt lat="51.2803097628057" lon="0.6377704627811909">
        <ele>174.23</ele>
      </trkpt>
      <trkpt lat="51.28021999262273" lon="0.6379999592900276">
        <ele>174.96</ele>
      </trkpt>
      <trkpt lat="51.28010977059603" lon="0.6381952576339245">
        <ele>175.7</ele>
      </trkpt>
      <trkpt lat="51.27999996766448" lon="0.6383899692445993">
        <ele>176.5</ele>
      </trkpt>
      <trkpt lat="51.279809698462486" lon="0.6386553402990103">
        <ele>177.43</ele>
      </trkpt>
      <trkpt lat="51.27961993217468" lon="0.6389199569821358">
        <ele>178.44</ele>
      </trkpt>
      <trkpt lat="51.279454892501235" lon="0.6389899458736181">
        <ele>179.4</ele>
      </trkpt>
      <trkpt lat="51.27928993664682" lon="0.6390599347651005">
        <ele>180.38</ele>
      </trkpt>
      <trkpt lat="51.27918994054198" lon="0.6391599308699369">
        <ele>181.48</ele>
      </trkpt>
      <trkpt lat="51.27924006432295" lon="0.6395811215043068">
        <ele>182.81</ele>
      </trkpt>
      <trkpt lat="51.27928993664682" lon="0.6399999652057886">
        <ele>184.02</ele>
      </trkpt>
      <trkpt lat="51.279409965500236" lon="0.6404199823737144">
        <ele>185.01</ele>
      </trkpt>
      <trkpt lat="51.2791664712131" lon="0.640549985691905">
        <ele>185.86</ele>
      </trkpt>
      <trkpt lat="51.278923060745" lon="0.6406800728291273">
        <ele>186.63</ele>
      </trkpt>
      <trkpt lat="51.278679985553026" lon="0.6408099923282862">
        <ele>187.38</ele>
      </trkpt>
      <trkpt lat="51.27848309464753" lon="0.6410034466534853">
        <ele>188.04</ele>
      </trkpt>
      <trkpt lat="51.27828620374203" lon="0.6411969847977161">
        <ele>188.6</ele>
      </trkpt>
      <trkpt lat="51.27808998338878" lon="0.641389936208725">
        <ele>189.06</ele>
      </trkpt>
      <trkpt lat="51.27781488932669" lon="0.6413549836724997">
        <ele>189.38</ele>
      </trkpt>
      <trkpt lat="51.277539962902665" lon="0.6413199473172426">
        <ele>189.56</ele>
      </trkpt>
      <trkpt lat="51.27730996347964" lon="0.6411199551075697">
        <ele>189.66</ele>
      </trkpt>
      <trkpt lat="51.27708239480853" lon="0.64107745885849">
        <ele>189.68</ele>
      </trkpt>
      <trkpt lat="51.27685499377549" lon="0.6410349626094103">
        <ele>189.71</ele>
      </trkpt>
      <trkpt lat="51.27662742510438" lon="0.6409924663603306">
        <ele>189.72</ele>
      </trkpt>
      <trkpt lat="51.276399940252304" lon="0.6409499701112509">
        <ele>189.69</ele>
      </trkpt>
      <trkpt lat="51.276339925825596" lon="0.6410199590027332">
        <ele>189.68</ele>
      </trkpt>
      <trkpt lat="51.27625996246934" lon="0.6410099845379591">
        <ele>189.54</ele>
      </trkpt>
      <trkpt lat="51.276119984686375" lon="0.641189943999052">
        <ele>189.41</ele>
      </trkpt>
      <trkpt lat="51.27597992308438" lon="0.641619935631752">
        <ele>189.18</ele>
      </trkpt>
      <trkpt lat="51.27597992308438" lon="0.6419099494814873">
        <ele>188.91</ele>
      </trkpt>
      <trkpt lat="51.27599995583296" lon="0.6420199200510979">
        <ele>188.65</ele>
      </trkpt>
      <trkpt lat="51.27614999189973" lon="0.6423799227923155">
        <ele>188.39</ele>
      </trkpt>
      <trkpt lat="51.27612995915115" lon="0.6425599660724401">
        <ele>187.98</ele>
      </trkpt>
      <trkpt lat="51.27601470798254" lon="0.6430060509592295">
        <ele>187.5</ele>
      </trkpt>
      <trkpt lat="51.27589995972812" lon="0.6434499565511942">
        <ele>187.08</ele>
      </trkpt>
      <trkpt lat="51.27574992366135" lon="0.6438899226486683">
        <ele>186.68</ele>
      </trkpt>
      <trkpt lat="51.27559980377555" lon="0.6440701335668564">
        <ele>186.08</ele>
      </trkpt>
      <trkpt lat="51.27544993534684" lon="0.6442499253898859">
        <ele>185.41</ele>
      </trkpt>
      <trkpt lat="51.27522991038859" lon="0.6441999692469835">
        <ele>184.57</ele>
      </trkpt>
      <trkpt lat="51.27500996924937" lon="0.6441499292850494">
        <ele>183.6</ele>
      </trkpt>
      <trkpt lat="51.27484995871782" lon="0.6442699581384659">
        <ele>182.65</ele>
      </trkpt>
      <trkpt lat="51.274629682302475" lon="0.6445269472897053">
        <ele>181.63</ele>
      </trkpt>
      <trkpt lat="51.27440940588713" lon="0.644783852621913">
        <ele>180.47</ele>
      </trkpt>
      <trkpt lat="51.274189967662096" lon="0.6450399197638035">
        <ele>179.21</ele>
      </trkpt>
      <trkpt lat="51.273934822529554" lon="0.6451399996876717">
        <ele>177.66</ele>
      </trkpt>
      <trkpt lat="51.27367992885411" lon="0.6452399957925081">
        <ele>176.01</ele>
      </trkpt>
      <trkpt lat="51.27355998381972" lon="0.6453999225050211">
        <ele>174.47</ele>
      </trkpt>
      <trkpt lat="51.27331992611289" lon="0.6454799696803093">
        <ele>172.71</ele>
      </trkpt>
      <trkpt lat="51.27300996333361" lon="0.6454799696803093">
        <ele>170.69</ele>
      </trkpt>
      <trkpt lat="51.27286998555064" lon="0.645439988002181">
        <ele>168.64</ele>
      </trkpt>
      <trkpt lat="51.272729923948646" lon="0.6453999225050211">
        <ele>166.49</ele>
      </trkpt>
      <trkpt lat="51.27254485152662" lon="0.6453149300068617">
        <ele>164.23</ele>
      </trkpt>
      <trkpt lat="51.272359946742654" lon="0.6452299375087023">
        <ele>161.91</ele>
      </trkpt>
      <trkpt lat="51.27219993621111" lon="0.6452199630439281">
        <ele>159.65</ele>
      </trkpt>
      <trkpt lat="51.27210999839008" lon="0.6452399957925081">
        <ele>157.38</ele>
      </trkpt>
      <trkpt lat="51.271999944001436" lon="0.6452299375087023">
        <ele>155.0</ele>
      </trkpt>
      <trkpt lat="51.27182995900512" lon="0.6453299336135387">
        <ele>152.67</ele>
      </trkpt>
      <trkpt lat="51.27166978083551" lon="0.6454850826412439">
        <ele>150.18</ele>
      </trkpt>
      <trkpt lat="51.27150993794203" lon="0.645639980211854">
        <ele>147.56</ele>
      </trkpt>
      <trkpt lat="51.271279938519" lon="0.6459699757397175">
        <ele>144.83</ele>
      </trkpt>
      <trkpt lat="51.27114993520081" lon="0.6462099496275187">
        <ele>141.97</ele>
      </trkpt>
      <trkpt lat="51.271049939095974" lon="0.6464799307286739">
        <ele>139.07</ele>
      </trkpt>
      <trkpt lat="51.27078984864056" lon="0.6463531963527203">
        <ele>135.74</ele>
      </trkpt>
      <trkpt lat="51.27052967436612" lon="0.6462264619767666">
        <ele>132.47</ele>
      </trkpt>
      <trkpt lat="51.27026991918683" lon="0.6460999790579081">
        <ele>129.19</ele>
      </trkpt>
      <trkpt lat="51.27006313763559" lon="0.6459698919206858">
        <ele>126.01</ele>
      </trkpt>
      <trkpt lat="51.26985635608435" lon="0.6458398047834635">
        <ele>122.88</ele>
      </trkpt>
      <trkpt lat="51.26964999362826" lon="0.6457099691033363">
        <ele>119.84</ele>
      </trkpt>
      <trkpt lat="51.26951462589204" lon="0.6452990043908358">
        <ele>116.91</ele>
      </trkpt>
      <trkpt lat="51.26937992870808" lon="0.6448899675160646">
        <ele>114.08</ele>
      </trkpt>
      <trkpt lat="51.26917960122228" lon="0.6445593852549791">
        <ele>111.26</ele>
      </trkpt>
      <trkpt lat="51.26897994428873" lon="0.6442299764603376">
        <ele>108.53</ele>
      </trkpt>
      <trkpt lat="51.26896996982396" lon="0.6441299803555012">
        <ele>106.04</ele>
      </trkpt>
      <trkpt lat="51.26889478415251" lon="0.6438743323087692">
        <ele>103.58</ele>
      </trkpt>
      <trkpt lat="51.268819933757186" lon="0.643619941547513">
        <ele>101.29</ele>
      </trkpt>
      <trkpt lat="51.268559927120805" lon="0.6435299199074507">
        <ele>99.07</ele>
      </trkpt>
      <trkpt lat="51.2682699970901" lon="0.6436499487608671">
        <ele>96.99</ele>
      </trkpt>
      <trkpt lat="51.268119709566236" lon="0.6434396468102932">
        <ele>95.0</ele>
      </trkpt>
      <trkpt lat="51.26796992495656" lon="0.6432299315929413">
        <ele>93.18</ele>
      </trkpt>
      <trkpt lat="51.267939917743206" lon="0.6432799715548754">
        <ele>91.66</ele>
      </trkpt>
      <trkpt lat="51.26789993606508" lon="0.6431999243795872">
        <ele>90.27</ele>
      </trkpt>
      <trkpt lat="51.26778996549547" lon="0.6431099865585566">
        <ele>89.01</ele>
      </trkpt>
      <trkpt lat="51.2676399294287" lon="0.6430399976670742">
        <ele>87.9</ele>
      </trkpt>
      <trkpt lat="51.267540184780955" lon="0.6432166881859303">
        <ele>87.0</ele>
      </trkpt>
      <trkpt lat="51.26752979122102" lon="0.6432352960109711">
        <ele>87.0</ele>
      </trkpt>
      <trkpt lat="51.267419988289475" lon="0.6434299238026142">
        <ele>86.32</ele>
      </trkpt>
      <trkpt lat="51.26734999939799" lon="0.643619941547513">
        <ele>85.78</ele>
      </trkpt>
      <trkpt lat="51.26717967912555" lon="0.6439254619181156">
        <ele>85.42</ele>
      </trkpt>
      <trkpt lat="51.267009945586324" lon="0.6442299764603376">
        <ele>85.2</ele>
      </trkpt>
      <trkpt lat="51.26676997169852" lon="0.644549997523427">
        <ele>85.09</ele>
      </trkpt>
      <trkpt lat="51.26655472442508" lon="0.6447701901197433">
        <ele>85.22</ele>
      </trkpt>
      <trkpt lat="51.26633998006582" lon="0.6449899636209011">
        <ele>85.49</ele>
      </trkpt>
      <trkpt lat="51.26612473279238" lon="0.6452101562172174">
        <ele>85.95</ele>
      </trkpt>
      <trkpt lat="51.26590998843312" lon="0.6454299297183752">
        <ele>86.5</ele>
      </trkpt>
      <trkpt lat="51.26570966094732" lon="0.6456953007727861">
        <ele>87.25</ele>
      </trkpt>
      <trkpt lat="51.265509920194745" lon="0.6459600012749434">
        <ele>88.07</ele>
      </trkpt>
      <trkpt lat="51.26530967652798" lon="0.6462252885103226">
        <ele>89.01</ele>
      </trkpt>
      <trkpt lat="51.2651099357754" lon="0.6464899890124798">
        <ele>89.98</ele>
      </trkpt>
      <trkpt lat="51.26492293551564" lon="0.6468473095446825">
        <ele>90.98</ele>
      </trkpt>
      <trkpt lat="51.264735935255885" lon="0.6472045462578535">
        <ele>91.93</ele>
      </trkpt>
      <trkpt lat="51.26454994082451" lon="0.6475599389523268">
        <ele>92.92</ele>
      </trkpt>
      <trkpt lat="51.26432999968529" lon="0.6478899344801903">
        <ele>94.04</ele>
      </trkpt>
      <trkpt lat="51.26415473408997" lon="0.6480901781469584">
        <ele>95.21</ele>
      </trkpt>
      <trkpt lat="51.263979971408844" lon="0.6482899188995361">
        <ele>96.43</ele>
      </trkpt>
      <trkpt lat="51.26380713656545" lon="0.648593008518219">
        <ele>97.68</ele>
      </trkpt>
      <trkpt lat="51.2636349722743" lon="0.6488949246704578">
        <ele>99.0</ele>
      </trkpt>
      <trkpt lat="51.263462137430906" lon="0.649197930470109">
        <ele>100.26</ele>
      </trkpt>
      <trkpt lat="51.26328997313976" lon="0.6494999304413795">
        <ele>101.44</ele>
      </trkpt>
      <trkpt lat="51.263094674795866" lon="0.6498121563345194">
        <ele>102.54</ele>
      </trkpt>
      <trkpt lat="51.26289937645197" lon="0.6501242984086275">
        <ele>103.55</ele>
      </trkpt>
      <trkpt lat="51.26270500011742" lon="0.6504350155591965">
        <ele>104.41</ele>
      </trkpt>
      <trkpt lat="51.262509701773524" lon="0.6507471576333046">
        <ele>105.22</ele>
      </trkpt>
      <trkpt lat="51.26231440342963" lon="0.6510592997074127">
        <ele>105.98</ele>
      </trkpt>
      <trkpt lat="51.26211994327605" lon="0.6513700168579817">
        <ele>106.63</ele>
      </trkpt>
      <trkpt lat="51.26192464493215" lon="0.6516821589320898">
        <ele>107.18</ele>
      </trkpt>
      <trkpt lat="51.261729346588254" lon="0.6519943010061979">
        <ele>107.64</ele>
      </trkpt>
      <trkpt lat="51.261534970253706" lon="0.6523050181567669">
        <ele>108.04</ele>
      </trkpt>
      <trkpt lat="51.26133967190981" lon="0.652617160230875">
        <ele>108.33</ele>
      </trkpt>
      <trkpt lat="51.26114437356591" lon="0.6529293023049831">
        <ele>108.59</ele>
      </trkpt>
      <trkpt lat="51.260949997231364" lon="0.6532399356365204">
        <ele>108.83</ele>
      </trkpt>
      <trkpt lat="51.26077959313989" lon="0.6536407582461834">
        <ele>108.99</ele>
      </trkpt>
      <trkpt lat="51.260609943419695" lon="0.6540399882942438">
        <ele>109.03</ele>
      </trkpt>
      <trkpt lat="51.26055311411619" lon="0.6544377095997334">
        <ele>109.03</ele>
      </trkpt>
      <trkpt lat="51.26049628481269" lon="0.6548355147242546">
        <ele>108.98</ele>
      </trkpt>
      <trkpt lat="51.260439958423376" lon="0.6552299670875072">
        <ele>108.85</ele>
      </trkpt>
      <trkpt lat="51.26034474000335" lon="0.6555657461285591">
        <ele>108.67</ele>
      </trkpt>
      <trkpt lat="51.26024952158332" lon="0.6559016089886427">
        <ele>108.4</ele>
      </trkpt>
      <trkpt lat="51.260154973715544" lon="0.6562349572777748">
        <ele>108.06</ele>
      </trkpt>
      <trkpt lat="51.260059755295515" lon="0.6565708201378584">
        <ele>107.78</ele>
      </trkpt>
      <trkpt lat="51.259964536875486" lon="0.6569065991789103">
        <ele>107.49</ele>
      </trkpt>
      <trkpt lat="51.25986998900771" lon="0.6572399474680424">
        <ele>107.27</ele>
      </trkpt>
      <trkpt lat="51.25977225601673" lon="0.6576259341090918">
        <ele>107.01</ele>
      </trkpt>
      <trkpt lat="51.25967494212091" lon="0.6580099929124117">
        <ele>106.81</ele>
      </trkpt>
      <trkpt lat="51.25957720912993" lon="0.6583958957344294">
        <ele>106.66</ele>
      </trkpt>
      <trkpt lat="51.25947997905314" lon="0.6587799545377493">
        <ele>106.56</ele>
      </trkpt>
      <trkpt lat="51.25938140787184" lon="0.6592210941016674">
        <ele>106.5</ele>
      </trkpt>
      <trkpt lat="51.25928275287151" lon="0.6596622336655855">
        <ele>106.48</ele>
      </trkpt>
      <trkpt lat="51.2591849360615" lon="0.6600999366492033">
        <ele>106.53</ele>
      </trkpt>
      <trkpt lat="51.259086364880204" lon="0.6605410762131214">
        <ele>106.67</ele>
      </trkpt>
      <trkpt lat="51.25898779369891" lon="0.6609822157770395">
        <ele>106.91</ele>
      </trkpt>
      <trkpt lat="51.258889976888895" lon="0.6614199187606573">
        <ele>107.27</ele>
      </trkpt>
      <trkpt lat="51.25877522863448" lon="0.6617903150618076">
        <ele>107.65</ele>
      </trkpt>
      <trkpt lat="51.25866056419909" lon="0.6621606275439262">
        <ele>108.11</ele>
      </trkpt>
      <trkpt lat="51.25854665413499" lon="0.6625283416360617">
        <ele>108.67</ele>
      </trkpt>
      <trkpt lat="51.25843190588057" lon="0.6628986541181803">
        <ele>109.27</ele>
      </trkpt>
      <trkpt lat="51.258317241445184" lon="0.6632689666002989">
        <ele>109.91</ele>
      </trkpt>
      <trkpt lat="51.25820333138108" lon="0.6636366806924343">
        <ele>110.57</ele>
      </trkpt>
      <trkpt lat="51.258088583126664" lon="0.6640069931745529">
        <ele>111.28</ele>
      </trkpt>
      <trkpt lat="51.25797391869128" lon="0.6643773056566715">
        <ele>112.07</ele>
      </trkpt>
      <trkpt lat="51.257860008627176" lon="0.664745019748807">
        <ele>112.96</ele>
      </trkpt>
      <trkpt lat="51.25774526037276" lon="0.6651153322309256">
        <ele>113.93</ele>
      </trkpt>
      <trkpt lat="51.25763059593737" lon="0.6654856447130442">
        <ele>114.91</ele>
      </trkpt>
      <trkpt lat="51.25751668587327" lon="0.6658533588051796">
        <ele>116.0</ele>
      </trkpt>
      <trkpt lat="51.25740193761885" lon="0.6662236712872982">
        <ele>117.11</ele>
      </trkpt>
      <trkpt lat="51.25728718936443" lon="0.6665939837694168">
        <ele>118.31</ele>
      </trkpt>
      <trkpt lat="51.25717327930033" lon="0.6669616978615522">
        <ele>119.51</ele>
      </trkpt>
      <trkpt lat="51.257058614864945" lon="0.6673320103436708">
        <ele>120.79</ele>
      </trkpt>
      <trkpt lat="51.25694386661053" lon="0.6677022390067577">
        <ele>122.06</ele>
      </trkpt>
      <trkpt lat="51.256829956546426" lon="0.6680699530988932">
        <ele>123.29</ele>
      </trkpt>
      <trkpt lat="51.25671135261655" lon="0.668405732139945">
        <ele>124.43</ele>
      </trkpt>
      <trkpt lat="51.25659274868667" lon="0.6687415111809969">
        <ele>125.38</ele>
      </trkpt>
      <trkpt lat="51.25647498294711" lon="0.6690749432891607">
        <ele>126.25</ele>
      </trkpt>
      <trkpt lat="51.256356379017234" lon="0.6694107223302126">
        <ele>126.97</ele>
      </trkpt>
      <trkpt lat="51.25623777508736" lon="0.6697465013712645">
        <ele>127.56</ele>
      </trkpt>
      <trkpt lat="51.256119925528765" lon="0.6700799334794283">
        <ele>128.09</ele>
      </trkpt>
      <trkpt lat="51.25598975457251" lon="0.6702903192490339">
        <ele>128.45</ele>
      </trkpt>
      <trkpt lat="51.255859918892384" lon="0.6704999506473541">
        <ele>128.68</ele>
      </trkpt>
      <trkpt lat="51.255747182294726" lon="0.6708959117531776">
        <ele>128.91</ele>
      </trkpt>
      <trkpt lat="51.25563494861126" lon="0.6712899450212717">
        <ele>128.89</ele>
      </trkpt>
      <trkpt lat="51.2555222120136" lon="0.6716859061270952">
        <ele>128.76</ele>
      </trkpt>
      <trkpt lat="51.255409978330135" lon="0.6720799393951893">
        <ele>128.5</ele>
      </trkpt>
      <trkpt lat="51.255256338045" lon="0.6723779998719692">
        <ele>128.11</ele>
      </trkpt>
      <trkpt lat="51.2551027815789" lon="0.6726760603487492">
        <ele>127.66</ele>
      </trkpt>
      <trkpt lat="51.25494997948408" lon="0.6729724444448948">
        <ele>127.16</ele>
      </trkpt>
      <trkpt lat="51.25479633919895" lon="0.6732705049216747">
        <ele>126.59</ele>
      </trkpt>
      <trkpt lat="51.254642782732844" lon="0.6735685653984547">
        <ele>126.0</ele>
      </trkpt>
      <trkpt lat="51.25448998063803" lon="0.673865033313632">
        <ele>125.37</ele>
      </trkpt>
      <trkpt lat="51.25433634035289" lon="0.6741630099713802">
        <ele>124.81</ele>
      </trkpt>
      <trkpt lat="51.25418278388679" lon="0.6744610704481602">
        <ele>124.33</ele>
      </trkpt>
      <trkpt lat="51.25402998179197" lon="0.6747574545443058">
        <ele>123.84</ele>
      </trkpt>
      <trkpt lat="51.25387634150684" lon="0.6750555150210857">
        <ele>123.32</ele>
      </trkpt>
      <trkpt lat="51.253722701221704" lon="0.6753535754978657">
        <ele>122.78</ele>
      </trkpt>
      <trkpt lat="51.25356998294592" lon="0.6756499595940113">
        <ele>122.32</ele>
      </trkpt>
      <trkpt lat="51.2533896882087" lon="0.6759003270417452">
        <ele>121.83</ele>
      </trkpt>
      <trkpt lat="51.2532099802047" lon="0.6761499401181936">
        <ele>121.4</ele>
      </trkpt>
      <trkpt lat="51.25303798355162" lon="0.6765073444694281">
        <ele>121.09</ele>
      </trkpt>
      <trkpt lat="51.25286598689854" lon="0.6768646650016308">
        <ele>120.87</ele>
      </trkpt>
      <trkpt lat="51.25269499607384" lon="0.6772199738770723">
        <ele>120.76</ele>
      </trkpt>
      <trkpt lat="51.25252299942076" lon="0.677577294409275">
        <ele>120.65</ele>
      </trkpt>
      <trkpt lat="51.25235100276768" lon="0.6779346987605095">
        <ele>120.67</ele>
      </trkpt>
      <trkpt lat="51.25217992812395" lon="0.6782899238169193">
        <ele>120.85</ele>
      </trkpt>
      <trkpt lat="51.252027126029134" lon="0.6786407064646482">
        <ele>121.13</ele>
      </trkpt>
      <trkpt lat="51.25187499448657" lon="0.6789899803698063">
        <ele>121.47</ele>
      </trkpt>
      <trkpt lat="51.25172219239175" lon="0.6793406791985035">
        <ele>121.93</ele>
      </trkpt>
      <trkpt lat="51.25156997703016" lon="0.6796899531036615">
        <ele>122.51</ele>
      </trkpt>
      <trkpt lat="51.25149982050061" lon="0.6799355428665876">
        <ele>123.28</ele>
      </trkpt>
      <trkpt lat="51.25142999924719" lon="0.6801799591630697">
        <ele>124.13</ele>
      </trkpt>
      <trkpt lat="51.251239981502295" lon="0.6805399619042873">
        <ele>125.1</ele>
      </trkpt>
      <trkpt lat="51.25107712112367" lon="0.6809658464044333">
        <ele>126.34</ele>
      </trkpt>
      <trkpt lat="51.2509149312973" lon="0.6813899707049131">
        <ele>127.71</ele>
      </trkpt>
      <trkpt lat="51.25075207091868" lon="0.681815855205059">
        <ele>129.05</ele>
      </trkpt>
      <trkpt lat="51.25058996491134" lon="0.6822399795055389">
        <ele>130.37</ele>
      </trkpt>
      <trkpt lat="51.25046524219215" lon="0.6826164107769728">
        <ele>131.68</ele>
      </trkpt>
      <trkpt lat="51.25034051947296" lon="0.6829928420484066">
        <ele>133.03</ele>
      </trkpt>
      <trkpt lat="51.25021663494408" lon="0.6833666749298573">
        <ele>134.33</ele>
      </trkpt>
      <trkpt lat="51.25009191222489" lon="0.6837431062012911">
        <ele>135.7</ele>
      </trkpt>
      <trkpt lat="51.249967189505696" lon="0.6841194536536932">
        <ele>137.1</ele>
      </trkpt>
      <trkpt lat="51.24984330497682" lon="0.6844932865351439">
        <ele>138.48</ele>
      </trkpt>
      <trkpt lat="51.24971858225763" lon="0.6848697178065777">
        <ele>139.66</ele>
      </trkpt>
      <trkpt lat="51.249593859538436" lon="0.6852461490780115">
        <ele>140.78</ele>
      </trkpt>
      <trkpt lat="51.24946997500956" lon="0.6856199819594622">
        <ele>141.87</ele>
      </trkpt>
      <trkpt lat="51.24935992062092" lon="0.6860099919140339">
        <ele>142.72</ele>
      </trkpt>
      <trkpt lat="51.24930485151708" lon="0.6862957309931517">
        <ele>143.41</ele>
      </trkpt>
      <trkpt lat="51.24924995005131" lon="0.6865799613296986">
        <ele>143.97</ele>
      </trkpt>
      <trkpt lat="51.24923997558653" lon="0.6867799535393715">
        <ele>144.41</ele>
      </trkpt>
      <trkpt lat="51.24926000833511" lon="0.687241293489933">
        <ele>144.73</ele>
      </trkpt>
      <trkpt lat="51.24927995726466" lon="0.6876999512314796">
        <ele>144.82</ele>
      </trkpt>
      <trkpt lat="51.249229833483696" lon="0.6881011091172695">
        <ele>144.81</ele>
      </trkpt>
      <trkpt lat="51.24917970970273" lon="0.6885021831840277">
        <ele>144.62</ele>
      </trkpt>
      <trkpt lat="51.24912992119789" lon="0.6888999883085489">
        <ele>144.41</ele>
      </trkpt>
      <trkpt lat="51.249093208462" lon="0.6893545389175415">
        <ele>144.24</ele>
      </trkpt>
      <trkpt lat="51.24905641190708" lon="0.6898091733455658">
        <ele>143.95</ele>
      </trkpt>
      <trkpt lat="51.24901995062828" lon="0.6902599520981312">
        <ele>143.6</ele>
      </trkpt>
      <trkpt lat="51.249004947021604" lon="0.6906694918870926">
        <ele>143.28</ele>
      </trkpt>
      <trkpt lat="51.248989859595895" lon="0.6910789478570223">
        <ele>142.98</ele>
      </trkpt>
      <trkpt lat="51.24897493980825" lon="0.6914849672466516">
        <ele>142.65</ele>
      </trkpt>
      <trkpt lat="51.24895993620157" lon="0.6918945070356131">
        <ele>142.36</ele>
      </trkpt>
      <trkpt lat="51.248944848775864" lon="0.6923039630055428">
        <ele>142.07</ele>
      </trkpt>
      <trkpt lat="51.24892992898822" lon="0.6927099823951721">
        <ele>141.77</ele>
      </trkpt>
      <trkpt lat="51.24890989623964" lon="0.6930642854422331">
        <ele>141.53</ele>
      </trkpt>
      <trkpt lat="51.24888986349106" lon="0.6934186723083258">
        <ele>141.24</ele>
      </trkpt>
      <trkpt lat="51.24886999838054" lon="0.693769957870245">
        <ele>140.97</ele>
      </trkpt>
      <trkpt lat="51.24883487820625" lon="0.6940457224845886">
        <ele>140.75</ele>
      </trkpt>
      <trkpt lat="51.24879992567003" lon="0.6943199783563614">
        <ele>140.51</ele>
      </trkpt>
      <trkpt lat="51.24871979467571" lon="0.6946407537907362">
        <ele>140.28</ele>
      </trkpt>
      <trkpt lat="51.248639579862356" lon="0.6949616130441427">
        <ele>140.03</ele>
      </trkpt>
      <trkpt lat="51.24855995178223" lon="0.6952799577265978">
        <ele>139.74</ele>
      </trkpt>
      <trkpt lat="51.24847470782697" lon="0.6956910062581301">
        <ele>139.45</ele>
      </trkpt>
      <trkpt lat="51.24838996678591" lon="0.6960999593138695">
        <ele>139.07</ele>
      </trkpt>
      <trkpt lat="51.24836658127606" lon="0.6965211499482393">
        <ele>138.68</ele>
      </trkpt>
      <trkpt lat="51.24834319576621" lon="0.6969423405826092">
        <ele>138.34</ele>
      </trkpt>
      <trkpt lat="51.248319977894425" lon="0.6973599269986153">
        <ele>138.05</ele>
      </trkpt>
      <trkpt lat="51.24829659238458" lon="0.6977812014520168">
        <ele>137.79</ele>
      </trkpt>
      <trkpt lat="51.2482731230557" lon="0.6982023920863867">
        <ele>137.54</ele>
      </trkpt>
      <trkpt lat="51.24824998900294" lon="0.6986199785023928">
        <ele>137.33</ele>
      </trkpt>
      <trkpt lat="51.248211516067386" lon="0.6989793106913567">
        <ele>137.15</ele>
      </trkpt>
      <trkpt lat="51.24817304313183" lon="0.6993386428803205">
        <ele>136.97</ele>
      </trkpt>
      <trkpt lat="51.24813498929143" lon="0.6996949575841427">
        <ele>136.76</ele>
      </trkpt>
      <trkpt lat="51.24809651635587" lon="0.7000542897731066">
        <ele>136.71</ele>
      </trkpt>
      <trkpt lat="51.248058043420315" lon="0.7004136219620705">
        <ele>136.69</ele>
      </trkpt>
      <trkpt lat="51.248019989579916" lon="0.7007699366658926">
        <ele>136.83</ele>
      </trkpt>
      <trkpt lat="51.24796986579895" lon="0.7010256685316563">
        <ele>137.0</ele>
      </trkpt>
      <trkpt lat="51.24791999347508" lon="0.7012799754738808">
        <ele>137.25</ele>
      </trkpt>
      <trkpt lat="51.24782469123602" lon="0.7016709074378014">
        <ele>137.5</ele>
      </trkpt>
      <trkpt lat="51.24772997573018" lon="0.7020599953830242">
        <ele>137.84</ele>
      </trkpt>
      <trkpt lat="51.247668117284775" lon="0.7024610694497824">
        <ele>138.39</ele>
      </trkpt>
      <trkpt lat="51.24760625883937" lon="0.7028621435165405">
        <ele>138.98</ele>
      </trkpt>
      <trkpt lat="51.24754481948912" lon="0.7032607868313789">
        <ele>139.6</ele>
      </trkpt>
      <trkpt lat="51.247544987127185" lon="0.7032599486410618">
        <ele>140.22</ele>
      </trkpt>
      <trkpt lat="51.24748312868178" lon="0.7036610227078199">
        <ele>140.91</ele>
      </trkpt>
      <trkpt lat="51.24742127023637" lon="0.7040621805936098">
        <ele>141.64</ele>
      </trkpt>
      <trkpt lat="51.24735999852419" lon="0.7044599857181311">
        <ele>142.45</ele>
      </trkpt>
      <trkpt lat="51.24733996577561" lon="0.7048599701374769">
        <ele>143.34</ele>
      </trkpt>
      <trkpt lat="51.247306521981955" lon="0.7052711024880409">
        <ele>144.27</ele>
      </trkpt>
      <trkpt lat="51.2472730781883" lon="0.7056823186576366">
        <ele>145.2</ele>
      </trkpt>
      <trkpt lat="51.24723996967077" lon="0.7060899306088686">
        <ele>146.18</ele>
      </trkpt>
      <trkpt lat="51.24718423001468" lon="0.7064475864171982">
        <ele>147.08</ele>
      </trkpt>
      <trkpt lat="51.24712857417762" lon="0.7068052422255278">
        <ele>147.87</ele>
      </trkpt>
      <trkpt lat="51.24707333743572" lon="0.7071599643677473">
        <ele>148.68</ele>
      </trkpt>
      <trkpt lat="51.24701759777963" lon="0.7075176201760769">
        <ele>149.42</ele>
      </trkpt>
      <trkpt lat="51.24696185812354" lon="0.7078752759844065">
        <ele>150.14</ele>
      </trkpt>
      <trkpt lat="51.24690662138164" lon="0.708229998126626">
        <ele>150.78</ele>
      </trkpt>
      <trkpt lat="51.24685096554458" lon="0.7085875701159239">
        <ele>151.45</ele>
      </trkpt>
      <trkpt lat="51.24679522588849" lon="0.7089452259242535">
        <ele>152.1</ele>
      </trkpt>
      <trkpt lat="51.24673998914659" lon="0.709299948066473">
        <ele>152.61</ele>
      </trkpt>
      <trkpt lat="51.24668483622372" lon="0.7095606252551079">
        <ele>153.08</ele>
      </trkpt>
      <trkpt lat="51.24662993475795" lon="0.7098199613392353">
        <ele>153.52</ele>
      </trkpt>
      <trkpt lat="51.24653471633792" lon="0.7102736737579107">
        <ele>153.91</ele>
      </trkpt>
      <trkpt lat="51.24644000083208" lon="0.7107249554246664">
        <ele>154.23</ele>
      </trkpt>
      <trkpt lat="51.24634469859302" lon="0.7111786678433418">
        <ele>154.58</ele>
      </trkpt>
      <trkpt lat="51.24624998308718" lon="0.7116299495100975">
        <ele>154.85</ele>
      </trkpt>
      <trkpt lat="51.24606993980706" lon="0.711959945037961">
        <ele>155.07</ele>
      </trkpt>
      <trkpt lat="51.24585301615298" lon="0.7122637052088976">
        <ele>155.32</ele>
      </trkpt>
      <trkpt lat="51.24563600867987" lon="0.7125674653798342">
        <ele>155.52</ele>
      </trkpt>
      <trkpt lat="51.245419923216105" lon="0.712869968265295">
        <ele>155.66</ele>
      </trkpt>
      <trkpt lat="51.245299726724625" lon="0.7131505105644464">
        <ele>155.78</ele>
      </trkpt>
      <trkpt lat="51.24517944641411" lon="0.7134311366826296">
        <ele>155.86</ele>
      </trkpt>
      <trkpt lat="51.24505992047489" lon="0.713709918782115">
        <ele>155.93</ele>
      </trkpt>
      <trkpt lat="51.24494969844818" lon="0.7141009345650673">
        <ele>155.93</ele>
      </trkpt>
      <trkpt lat="51.244839979335666" lon="0.7144899386912584">
        <ele>155.82</ele>
      </trkpt>
      <trkpt lat="51.24476973898709" lon="0.7148709800094366">
        <ele>155.68</ele>
      </trkpt>
      <trkpt lat="51.24469958245754" lon="0.7152520213276148">
        <ele>155.56</ele>
      </trkpt>
      <trkpt lat="51.24462992884219" lon="0.7156299613416195">
        <ele>155.4</ele>
      </trkpt>
      <trkpt lat="51.24456983059645" lon="0.7160143554210663">
        <ele>155.16</ele>
      </trkpt>
      <trkpt lat="51.244509648531675" lon="0.7163987495005131">
        <ele>154.92</ele>
      </trkpt>
      <trkpt lat="51.244449969381094" lon="0.7167799584567547">
        <ele>154.73</ele>
      </trkpt>
      <trkpt lat="51.244414849206805" lon="0.7171885762363672">
        <ele>154.53</ele>
      </trkpt>
      <trkpt lat="51.24437998048961" lon="0.7175949309021235">
        <ele>154.31</ele>
      </trkpt>
      <trkpt lat="51.24434486031532" lon="0.7180036325007677">
        <ele>154.06</ele>
      </trkpt>
      <trkpt lat="51.24430999159813" lon="0.7184099871665239">
        <ele>153.82</ele>
      </trkpt>
      <trkpt lat="51.24430328607559" lon="0.7188545633107424">
        <ele>153.61</ele>
      </trkpt>
      <trkpt lat="51.244296580553055" lon="0.7192991394549608">
        <ele>153.36</ele>
      </trkpt>
      <trkpt lat="51.24428995884955" lon="0.7197399437427521">
        <ele>153.11</ele>
      </trkpt>
      <trkpt lat="51.244233129546046" lon="0.7200742140412331">
        <ele>152.83</ele>
      </trkpt>
      <trkpt lat="51.24417630024254" lon="0.7204084005206823">
        <ele>152.62</ele>
      </trkpt>
      <trkpt lat="51.24411997385323" lon="0.7207399886101484">
        <ele>152.35</ele>
      </trkpt>
      <trkpt lat="51.24402718618512" lon="0.7211936172097921">
        <ele>152.02</ele>
      </trkpt>
      <trkpt lat="51.243934985250235" lon="0.7216449826955795">
        <ele>151.59</ele>
      </trkpt>
      <trkpt lat="51.243842197582126" lon="0.7220986112952232">
        <ele>151.19</ele>
      </trkpt>
      <trkpt lat="51.24374999664724" lon="0.7225499767810106">
        <ele>151.02</ele>
      </trkpt>
      <trkpt lat="51.243699956685305" lon="0.7229099795222282">
        <ele>151.04</ele>
      </trkpt>
      <trkpt lat="51.24361999332905" lon="0.7231199461966753">
        <ele>150.93</ele>
      </trkpt>
      <trkpt lat="51.24343642964959" lon="0.7233368698507547">
        <ele>150.76</ele>
      </trkpt>
      <trkpt lat="51.243252865970135" lon="0.7235537935048342">
        <ele>150.61</ele>
      </trkpt>
      <trkpt lat="51.24306997284293" lon="0.7237699627876282">
        <ele>150.51</ele>
      </trkpt>
      <trkpt lat="51.24292965978384" lon="0.7240555342286825">
        <ele>150.43</ele>
      </trkpt>
      <trkpt lat="51.24278993345797" lon="0.7243399322032928">
        <ele>150.26</ele>
      </trkpt>
      <trkpt lat="51.24266470782459" lon="0.7246606238186359">
        <ele>150.05</ele>
      </trkpt>
      <trkpt lat="51.242539985105395" lon="0.7249799743294716">
        <ele>149.79</ele>
      </trkpt>
      <trkpt lat="51.242427164688706" lon="0.7253884244710207">
        <ele>149.48</ele>
      </trkpt>
      <trkpt lat="51.24231493100524" lon="0.7257949467748404">
        <ele>149.26</ele>
      </trkpt>
      <trkpt lat="51.24220219440758" lon="0.7262034807354212">
        <ele>148.98</ele>
      </trkpt>
      <trkpt lat="51.242089960724115" lon="0.7266099192202091">
        <ele>148.73</ele>
      </trkpt>
      <trkpt lat="51.242009745910764" lon="0.7269207201898098">
        <ele>148.48</ele>
      </trkpt>
      <trkpt lat="51.24192953109741" lon="0.7272315211594105">
        <ele>148.2</ele>
      </trkpt>
      <trkpt lat="51.241849986836314" lon="0.7275399751961231">
        <ele>147.88</ele>
      </trkpt>
      <trkpt lat="51.241783099249005" lon="0.7278674561530352">
        <ele>147.66</ele>
      </trkpt>
      <trkpt lat="51.24171629548073" lon="0.7281950209289789">
        <ele>147.54</ele>
      </trkpt>
      <trkpt lat="51.24164999462664" lon="0.7285199873149395">
        <ele>147.41</ele>
      </trkpt>
      <trkpt lat="51.24158310703933" lon="0.7288474682718515">
        <ele>147.37</ele>
      </trkpt>
      <trkpt lat="51.241516303271055" lon="0.7291750330477953">
        <ele>147.35</ele>
      </trkpt>
      <trkpt lat="51.24144991859794" lon="0.7294999994337559">
        <ele>147.31</ele>
      </trkpt>
      <trkpt lat="51.24136978760362" lon="0.7298609241843224">
        <ele>147.23</ele>
      </trkpt>
      <trkpt lat="51.241289572790265" lon="0.7302218489348888">
        <ele>147.16</ele>
      </trkpt>
      <trkpt lat="51.241209944710135" lon="0.730579923838377">
        <ele>147.09</ele>
      </trkpt>
      <trkpt lat="51.24115982092917" lon="0.7309276051819324">
        <ele>147.04</ele>
      </trkpt>
      <trkpt lat="51.241109697148204" lon="0.7312752027064562">
        <ele>146.91</ele>
      </trkpt>
      <trkpt lat="51.2410599924624" lon="0.7316199503839016">
        <ele>146.86</ele>
      </trkpt>
      <trkpt lat="51.241031577810645" lon="0.7319776061922312">
        <ele>146.85</ele>
      </trkpt>
      <trkpt lat="51.241003163158894" lon="0.7323353458195925">
        <ele>146.69</ele>
      </trkpt>
      <trkpt lat="51.24097499996424" lon="0.7326899841427803">
        <ele>146.6</ele>
      </trkpt>
      <trkpt lat="51.240946585312486" lon="0.7330476399511099">
        <ele>146.55</ele>
      </trkpt>
      <trkpt lat="51.240918170660734" lon="0.7334052957594395">
        <ele>146.54</ele>
      </trkpt>
      <trkpt lat="51.240889923647046" lon="0.7337599340826273">
        <ele>146.47</ele>
      </trkpt>
      <trkpt lat="51.24083477072418" lon="0.7341209426522255">
        <ele>146.4</ele>
      </trkpt>
      <trkpt lat="51.240779953077435" lon="0.7344799395650625">
        <ele>146.42</ele>
      </trkpt>
      <trkpt lat="51.240676352754235" lon="0.7349077519029379">
        <ele>146.38</ele>
      </trkpt>
      <trkpt lat="51.240572752431035" lon="0.7353354804217815">
        <ele>146.42</ele>
      </trkpt>
      <trkpt lat="51.24046999029815" lon="0.7357599399983883">
        <ele>146.59</ele>
      </trkpt>
      <trkpt lat="51.24034082517028" lon="0.7361006643623114">
        <ele>146.85</ele>
      </trkpt>
      <trkpt lat="51.240211660042405" lon="0.7364414725452662">
        <ele>147.21</ele>
      </trkpt>
      <trkpt lat="51.24008333310485" lon="0.7367799337953329">
        <ele>147.55</ele>
      </trkpt>
      <trkpt lat="51.239954167976975" lon="0.7371207419782877">
        <ele>147.99</ele>
      </trkpt>
      <trkpt lat="51.2398250028491" lon="0.7374614663422108">
        <ele>148.51</ele>
      </trkpt>
      <trkpt lat="51.239696592092514" lon="0.7378000114113092">
        <ele>149.11</ele>
      </trkpt>
      <trkpt lat="51.23956742696464" lon="0.7381407357752323">
        <ele>149.82</ele>
      </trkpt>
      <trkpt lat="51.23943826183677" lon="0.7384814601391554">
        <ele>150.54</ele>
      </trkpt>
      <trkpt lat="51.23930993489921" lon="0.7388199213892221">
        <ele>151.27</ele>
      </trkpt>
      <trkpt lat="51.23920717276633" lon="0.7392635755240917">
        <ele>152.11</ele>
      </trkpt>
      <trkpt lat="51.23910499736667" lon="0.739704966545105">
        <ele>153.01</ele>
      </trkpt>
      <trkpt lat="51.239002235233784" lon="0.7401486206799746">
        <ele>153.95</ele>
      </trkpt>
      <trkpt lat="51.23889997601509" lon="0.7405899278819561">
        <ele>154.75</ele>
      </trkpt>
      <trkpt lat="51.238854797556996" lon="0.7409459073096514">
        <ele>155.51</ele>
      </trkpt>
      <trkpt lat="51.23880995437503" lon="0.7412999588996172">
        <ele>156.26</ele>
      </trkpt>
      <trkpt lat="51.238784892484546" lon="0.7416710257530212">
        <ele>156.99</ele>
      </trkpt>
      <trkpt lat="51.238759998232126" lon="0.7420399971306324">
        <ele>157.69</ele>
      </trkpt>
      <trkpt lat="51.23875496909022" lon="0.7423508819192648">
        <ele>158.3</ele>
      </trkpt>
      <trkpt lat="51.23874993994832" lon="0.7426599226891994">
        <ele>158.84</ele>
      </trkpt>
      <trkpt lat="51.238780030980706" lon="0.7429608330130577">
        <ele>159.34</ele>
      </trkpt>
      <trkpt lat="51.23880995437503" lon="0.74325998313725">
        <ele>159.75</ele>
      </trkpt>
      <trkpt lat="51.23885999433696" lon="0.7435399387031794">
        <ele>160.12</ele>
      </trkpt>
      <trkpt lat="51.23883157968521" lon="0.7438960019499063">
        <ele>160.4</ele>
      </trkpt>
      <trkpt lat="51.23880316503346" lon="0.7442519813776016">
        <ele>160.55</ele>
      </trkpt>
      <trkpt lat="51.2387750018388" lon="0.7446049433201551">
        <ele>160.58</ele>
      </trkpt>
      <trkpt lat="51.23874658718705" lon="0.7449610065668821">
        <ele>160.51</ele>
      </trkpt>
      <trkpt lat="51.2387181725353" lon="0.7453169859945774">
        <ele>160.39</ele>
      </trkpt>
      <trkpt lat="51.23868992552161" lon="0.7456699479371309">
        <ele>160.21</ele>
      </trkpt>
      <trkpt lat="51.23861222527921" lon="0.7461236603558064">
        <ele>160.03</ele>
      </trkpt>
      <trkpt lat="51.23853494413197" lon="0.746574942022562">
        <ele>159.86</ele>
      </trkpt>
      <trkpt lat="51.23845724388957" lon="0.7470286544412374">
        <ele>159.66</ele>
      </trkpt>
      <trkpt lat="51.23837996274233" lon="0.7474799361079931">
        <ele>159.46</ele>
      </trkpt>
      <trkpt lat="51.238169660791755" lon="0.7478004600852728">
        <ele>159.13</ele>
      </trkpt>
      <trkpt lat="51.2379599455744" lon="0.7481199782341719">
        <ele>158.7</ele>
      </trkpt>
      <trkpt lat="51.23779222369194" lon="0.7483979221433401">
        <ele>158.37</ele>
      </trkpt>
      <trkpt lat="51.237624920904636" lon="0.7486749440431595">
        <ele>158.06</ele>
      </trkpt>
      <trkpt lat="51.237457199022174" lon="0.7489528879523277">
        <ele>157.74</ele>
      </trkpt>
      <trkpt lat="51.2372899800539" lon="0.7492299936711788">
        <ele>157.49</ele>
      </trkpt>
      <trkpt lat="51.23715469613671" lon="0.7495556306093931">
        <ele>157.32</ele>
      </trkpt>
      <trkpt lat="51.237019998952746" lon="0.7498799264431">
        <ele>157.15</ele>
      </trkpt>
      <trkpt lat="51.2369448132813" lon="0.750130545347929">
        <ele>157.05</ele>
      </trkpt>
      <trkpt lat="51.236869962885976" lon="0.750379990786314">
        <ele>156.97</ele>
      </trkpt>
      <trkpt lat="51.236829813569784" lon="0.7506607007235289">
        <ele>157.02</ele>
      </trkpt>
      <trkpt lat="51.23678999952972" lon="0.7509399857372046">
        <ele>157.06</ele>
      </trkpt>
      <trkpt lat="51.236909944564104" lon="0.7509999163448811">
        <ele>157.21</ele>
      </trkpt>
      <trkpt lat="51.23686484992504" lon="0.751355979591608">
        <ele>157.29</ele>
      </trkpt>
      <trkpt lat="51.23681975528598" lon="0.7517119590193033">
        <ele>157.34</ele>
      </trkpt>
      <trkpt lat="51.23677499592304" lon="0.7520649209618568">
        <ele>157.39</ele>
      </trkpt>
      <trkpt lat="51.23672981746495" lon="0.7524209842085838">
        <ele>157.46</ele>
      </trkpt>
      <trkpt lat="51.236684722825885" lon="0.7527769636362791">
        <ele>157.67</ele>
      </trkpt>
      <trkpt lat="51.23663996346295" lon="0.7531299255788326">
        <ele>157.9</ele>
      </trkpt>
      <trkpt lat="51.23658983968198" lon="0.7534257229417562">
        <ele>158.03</ele>
      </trkpt>
      <trkpt lat="51.23653996735811" lon="0.7537199277430773">
        <ele>158.16</ele>
      </trkpt>
      <trkpt lat="51.23646981082857" lon="0.7539605721831322">
        <ele>158.25</ele>
      </trkpt>
      <trkpt lat="51.23639998957515" lon="0.7541999593377113">
        <ele>158.31</ele>
      </trkpt>
      <trkpt lat="51.2362299207598" lon="0.7545899692922831">
        <ele>158.34</ele>
      </trkpt>
      <trkpt lat="51.23603998683393" lon="0.7548999320715666">
        <ele>158.35</ele>
      </trkpt>
      <trkpt lat="51.23587477952242" lon="0.7550651393830776">
        <ele>158.36</ele>
      </trkpt>
      <trkpt lat="51.23570999130607" lon="0.7552299275994301">
        <ele>158.39</ele>
      </trkpt>
      <trkpt lat="51.235539838671684" lon="0.7553450111299753">
        <ele>158.4</ele>
      </trkpt>
      <trkpt lat="51.2353699374944" lon="0.7554599270224571">
        <ele>158.4</ele>
      </trkpt>
      <trkpt lat="51.23520967550576" lon="0.7558072730898857">
        <ele>158.49</ele>
      </trkpt>
      <trkpt lat="51.235049329698086" lon="0.7561546191573143">
        <ele>158.56</ele>
      </trkpt>
      <trkpt lat="51.234889989718795" lon="0.7564999535679817">
        <ele>158.59</ele>
      </trkpt>
      <trkpt lat="51.23472964391112" lon="0.7568472996354103">
        <ele>158.53</ele>
      </trkpt>
      <trkpt lat="51.23456929810345" lon="0.7571946457028389">
        <ele>158.52</ele>
      </trkpt>
      <trkpt lat="51.23440995812416" lon="0.7575399801135063">
        <ele>158.56</ele>
      </trkpt>
      <trkpt lat="51.23425221070647" lon="0.757820438593626">
        <ele>158.6</ele>
      </trkpt>
      <trkpt lat="51.234094966202974" lon="0.7580999750643969">
        <ele>158.54</ele>
      </trkpt>
      <trkpt lat="51.233937218785286" lon="0.7583804335445166">
        <ele>158.36</ele>
      </trkpt>
      <trkpt lat="51.23377997428179" lon="0.7586599700152874">
        <ele>158.18</ele>
      </trkpt>
      <trkpt lat="51.233689952641726" lon="0.7590999361127615">
        <ele>158.12</ele>
      </trkpt>
      <trkpt lat="51.23352214694023" lon="0.7594029419124126">
        <ele>157.9</ele>
      </trkpt>
      <trkpt lat="51.23335492797196" lon="0.7597049418836832">
        <ele>157.58</ele>
      </trkpt>
      <trkpt lat="51.2331872060895" lon="0.7600079476833344">
        <ele>157.15</ele>
      </trkpt>
      <trkpt lat="51.233019987121224" lon="0.7603099476546049">
        <ele>156.53</ele>
      </trkpt>
      <trkpt lat="51.23291973955929" lon="0.7605655118823051">
        <ele>155.96</ele>
      </trkpt>
      <trkpt lat="51.23281999491155" lon="0.7608199864625931">
        <ele>155.33</ele>
      </trkpt>
      <trkpt lat="51.232719998806715" lon="0.7612699270248413">
        <ele>154.61</ele>
      </trkpt>
      <trkpt lat="51.23268990777433" lon="0.7616610266268253">
        <ele>153.83</ele>
      </trkpt>
      <trkpt lat="51.23265998438001" lon="0.7620499469339848">
        <ele>152.91</ele>
      </trkpt>
      <trkpt lat="51.23258479870856" lon="0.76242595911026">
        <ele>151.89</ele>
      </trkpt>
      <trkpt lat="51.232509948313236" lon="0.7627999596297741">
        <ele>150.94</ele>
      </trkpt>
      <trkpt lat="51.23235463164747" lon="0.7631406001746655">
        <ele>149.9</ele>
      </trkpt>
      <trkpt lat="51.23219998553395" lon="0.7634799834340811">
        <ele>148.83</ele>
      </trkpt>
      <trkpt lat="51.232024719938636" lon="0.7637403253465891">
        <ele>147.75</ele>
      </trkpt>
      <trkpt lat="51.23184995725751" lon="0.7639999967068434">
        <ele>146.64</ele>
      </trkpt>
      <trkpt lat="51.23171995393932" lon="0.7640799600630999">
        <ele>145.44</ele>
      </trkpt>
      <trkpt lat="51.23153136111796" lon="0.7643821276724339">
        <ele>144.23</ele>
      </trkpt>
      <trkpt lat="51.23134268447757" lon="0.7646842114627361">
        <ele>143.05</ele>
      </trkpt>
      <trkpt lat="51.231154929846525" lon="0.764984954148531">
        <ele>141.85</ele>
      </trkpt>
      <trkpt lat="51.230966337025166" lon="0.765287121757865">
        <ele>140.66</ele>
      </trkpt>
      <trkpt lat="51.230777744203806" lon="0.7655892055481672">
        <ele>139.46</ele>
      </trkpt>
      <trkpt lat="51.23058998957276" lon="0.7658899482339621">
        <ele>138.38</ele>
      </trkpt>
      <trkpt lat="51.23043995350599" lon="0.7660599332302809">
        <ele>137.32</ele>
      </trkpt>
      <trkpt lat="51.23032998293638" lon="0.7661399804055691">
        <ele>136.34</ele>
      </trkpt>
      <trkpt lat="51.23011481948197" lon="0.7662450056523085">
        <ele>135.36</ele>
      </trkpt>
      <trkpt lat="51.22989999130368" lon="0.7663499470800161">
        <ele>134.4</ele>
      </trkpt>
      <trkpt lat="51.22969999909401" lon="0.7663699798285961">
        <ele>133.54</ele>
      </trkpt>
      <trkpt lat="51.229476453736424" lon="0.7665367797017097">
        <ele>132.78</ele>
      </trkpt>
      <trkpt lat="51.22925299219787" lon="0.7667034957557917">
        <ele>132.08</ele>
      </trkpt>
      <trkpt lat="51.22902994975448" lon="0.7668699603527784">
        <ele>131.5</ele>
      </trkpt>
      <trkpt lat="51.22884982265532" lon="0.7669700402766466">
        <ele>131.05</ele>
      </trkpt>
      <trkpt lat="51.22866994701326" lon="0.7670699525624514">
        <ele>130.73</ele>
      </trkpt>
      <trkpt lat="51.22841983102262" lon="0.7672250177711248">
        <ele>130.55</ele>
      </trkpt>
      <trkpt lat="51.22816996648908" lon="0.7673799991607666">
        <ele>130.44</ele>
      </trkpt>
      <trkpt lat="51.22791985049844" lon="0.7675350643694401">
        <ele>130.39</ele>
      </trkpt>
      <trkpt lat="51.227669985964894" lon="0.7676899619400501">
        <ele>130.31</ele>
      </trkpt>
      <trkpt lat="51.22740981169045" lon="0.7678867690265179">
        <ele>130.26</ele>
      </trkpt>
      <trkpt lat="51.22714955359697" lon="0.7680835761129856">
        <ele>130.33</ele>
      </trkpt>
      <trkpt lat="51.22688996605575" lon="0.7682799641042948">
        <ele>130.42</ele>
      </trkpt>
      <trkpt lat="51.22664965689182" lon="0.7685703132301569">
        <ele>130.52</ele>
      </trkpt>
      <trkpt lat="51.22640993446112" lon="0.7688599918037653">
        <ele>130.64</ele>
      </trkpt>
      <trkpt lat="51.22626995667815" lon="0.7692899834364653">
        <ele>130.77</ele>
      </trkpt>
      <trkpt lat="51.22607993893325" lon="0.7696199789643288">
        <ele>130.85</ele>
      </trkpt>
      <trkpt lat="51.22590970247984" lon="0.7698402553796768">
        <ele>130.91</ele>
      </trkpt>
      <trkpt lat="51.225739968940616" lon="0.7700599450618029">
        <ele>130.97</ele>
      </trkpt>
      <trkpt lat="51.22559638693929" lon="0.7703203707933426">
        <ele>130.92</ele>
      </trkpt>
      <trkpt lat="51.22545280493796" lon="0.770580880343914">
        <ele>130.8</ele>
      </trkpt>
      <trkpt lat="51.225309977307916" lon="0.7708399649709463">
        <ele>130.57</ele>
      </trkpt>
      <trkpt lat="51.22521995566785" lon="0.7705899327993393">
        <ele>130.16</ele>
      </trkpt>
      <trkpt lat="51.22501644305885" lon="0.7703880965709686">
        <ele>129.66</ele>
      </trkpt>
      <trkpt lat="51.22481293044984" lon="0.770186260342598">
        <ele>129.11</ele>
      </trkpt>
      <trkpt lat="51.22460992075503" lon="0.7699849270284176">
        <ele>128.51</ele>
      </trkpt>
      <trkpt lat="51.224406408146024" lon="0.7697830908000469">
        <ele>127.88</ele>
      </trkpt>
      <trkpt lat="51.22420289553702" lon="0.7695812545716763">
        <ele>127.24</ele>
      </trkpt>
      <trkpt lat="51.223999969661236" lon="0.7693799212574959">
        <ele>126.55</ele>
      </trkpt>
      <trkpt lat="51.22383995912969" lon="0.7691599801182747">
        <ele>125.8</ele>
      </trkpt>
      <trkpt lat="51.223627142608166" lon="0.7688043359667063">
        <ele>124.95</ele>
      </trkpt>
      <trkpt lat="51.223414996638894" lon="0.7684499491006136">
        <ele>124.13</ele>
      </trkpt>
      <trkpt lat="51.22320209629834" lon="0.7680943887680769">
        <ele>123.39</ele>
      </trkpt>
      <trkpt lat="51.222989950329065" lon="0.7677399180829525">
        <ele>122.57</ele>
      </trkpt>
      <trkpt lat="51.22301995754242" lon="0.7676999364048243">
        <ele>121.85</ele>
      </trkpt>
      <trkpt lat="51.22291996143758" lon="0.7676899619400501">
        <ele>121.11</ele>
      </trkpt>
      <trkpt lat="51.22274964116514" lon="0.7673944998532534">
        <ele>120.39</ele>
      </trkpt>
      <trkpt lat="51.222579991444945" lon="0.7670999597758055">
        <ele>119.64</ele>
      </trkpt>
      <trkpt lat="51.22244470752776" lon="0.766844479367137">
        <ele>118.87</ele>
      </trkpt>
      <trkpt lat="51.22230992652476" lon="0.7665899209678173">
        <ele>118.02</ele>
      </trkpt>
      <trkpt lat="51.222169948741794" lon="0.7661499548703432">
        <ele>117.08</ele>
      </trkpt>
      <trkpt lat="51.222114795818925" lon="0.7658591866493225">
        <ele>116.16</ele>
      </trkpt>
      <trkpt lat="51.22205997817218" lon="0.7655699271708727">
        <ele>115.21</ele>
      </trkpt>
      <trkpt lat="51.22197976335883" lon="0.7652691844850779">
        <ele>114.26</ele>
      </trkpt>
      <trkpt lat="51.22189996764064" lon="0.7649699505418539">
        <ele>113.34</ele>
      </trkpt>
      <trkpt lat="51.221829978749156" lon="0.7645799405872822">
        <ele>112.42</ele>
      </trkpt>
      <trkpt lat="51.22178999707103" lon="0.7644399628043175">
        <ele>111.49</ele>
      </trkpt>
      <trkpt lat="51.22165999375284" lon="0.7641399744898081">
        <ele>110.49</ele>
      </trkpt>
      <trkpt lat="51.22165999375284" lon="0.763909975066781">
        <ele>109.5</ele>
      </trkpt>
      <trkpt lat="51.22163996100426" lon="0.7638099789619446">
        <ele>108.5</ele>
      </trkpt>
      <trkpt lat="51.221499647945166" lon="0.7634943164885044">
        <ele>107.43</ele>
      </trkpt>
      <trkpt lat="51.221359921619296" lon="0.7631799951195717">
        <ele>106.37</ele>
      </trkpt>
      <trkpt lat="51.221112152561545" lon="0.7629096787422895">
        <ele>105.24</ele>
      </trkpt>
      <trkpt lat="51.22086497023702" lon="0.7626399490982294">
        <ele>104.13</ele>
      </trkpt>
      <trkpt lat="51.220617201179266" lon="0.7623696327209473">
        <ele>103.02</ele>
      </trkpt>
      <trkpt lat="51.220369935035706" lon="0.7620999868959188">
        <ele>101.92</ele>
      </trkpt>
      <trkpt lat="51.22009978629649" lon="0.7618848234415054">
        <ele>100.92</ele>
      </trkpt>
      <trkpt lat="51.219829972833395" lon="0.7616699114441872">
        <ele>99.97</ele>
      </trkpt>
      <trkpt lat="51.219559740275145" lon="0.7614548318088055">
        <ele>98.96</ele>
      </trkpt>
      <trkpt lat="51.21928992681205" lon="0.7612399198114872">
        <ele>97.95</ele>
      </trkpt>
      <trkpt lat="51.21899656020105" lon="0.761141600087285">
        <ele>96.91</ele>
      </trkpt>
      <trkpt lat="51.21870327740908" lon="0.7610432803630829">
        <ele>95.82</ele>
      </trkpt>
      <trkpt lat="51.21840982697904" lon="0.760944876819849">
        <ele>94.71</ele>
      </trkpt>
      <trkpt lat="51.2181166280061" lon="0.7608466409146786">
        <ele>93.67</ele>
      </trkpt>
      <trkpt lat="51.217823177576065" lon="0.7607482373714447">
        <ele>92.73</ele>
      </trkpt>
      <trkpt lat="51.217529978603125" lon="0.7606499176472425">
        <ele>91.84</ele>
      </trkpt>
      <trkpt lat="51.2172999791801" lon="0.7604899909347296">
        <ele>90.99</ele>
      </trkpt>
      <trkpt lat="51.21715480461717" lon="0.7603548746556044">
        <ele>90.14</ele>
      </trkpt>
      <trkpt lat="51.21700996533036" lon="0.7602199260145426">
        <ele>89.19</ele>
      </trkpt>
      <trkpt lat="51.216779965907335" lon="0.7600699737668037">
        <ele>88.26</ele>
      </trkpt>
      <trkpt lat="51.216566395014524" lon="0.7598631083965302">
        <ele>87.43</ele>
      </trkpt>
      <trkpt lat="51.216352907940745" lon="0.7596562430262566">
        <ele>86.75</ele>
      </trkpt>
      <trkpt lat="51.21613992378116" lon="0.759449964389205">
        <ele>86.11</ele>
      </trkpt>
      <trkpt lat="51.21585996821523" lon="0.759249972179532">
        <ele>85.48</ele>
      </trkpt>
      <trkpt lat="51.215659976005554" lon="0.7591299433261156">
        <ele>84.99</ele>
      </trkpt>
      <trkpt lat="51.21539988555014" lon="0.7590432744473219">
        <ele>84.61</ele>
      </trkpt>
      <trkpt lat="51.21513979509473" lon="0.7589565217494965">
        <ele>84.44</ele>
      </trkpt>
      <trkpt lat="51.21487995609641" lon="0.7588699366897345">
        <ele>84.5</ele>
      </trkpt>
      <trkpt lat="51.21482999995351" lon="0.7588999439030886">
        <ele>84.56</ele>
      </trkpt>
      <trkpt lat="51.214764788746834" lon="0.7591405883431435">
        <ele>84.72</ele>
      </trkpt>
      <trkpt lat="51.21469999663532" lon="0.7593799754977226">
        <ele>84.96</ele>
      </trkpt>
      <trkpt lat="51.21469999663532" lon="0.7594599388539791">
        <ele>85.25</ele>
      </trkpt>
      <trkpt lat="51.21460972353816" lon="0.7597874198108912">
        <ele>85.65</ele>
      </trkpt>
      <trkpt lat="51.214519534260035" lon="0.7601149007678032">
        <ele>86.17</ele>
      </trkpt>
      <trkpt lat="51.21442993171513" lon="0.7604399509727955">
        <ele>86.71</ele>
      </trkpt>
      <trkpt lat="51.21425483375788" lon="0.7605650089681149">
        <ele>87.39</ele>
      </trkpt>
      <trkpt lat="51.21407998725772" lon="0.7606899831444025">
        <ele>88.15</ele>
      </trkpt>
      <trkpt lat="51.21380313299596" lon="0.7608333975076675">
        <ele>88.89</ele>
      </trkpt>
      <trkpt lat="51.21352636255324" lon="0.7609767280519009">
        <ele>89.63</ele>
      </trkpt>
      <trkpt lat="51.21324992738664" lon="0.7611199747771025">
        <ele>90.39</ele>
      </trkpt>
      <trkpt lat="51.21303820051253" lon="0.761216701939702">
        <ele>91.23</ele>
      </trkpt>
      <trkpt lat="51.212826473638415" lon="0.7613133452832699">
        <ele>91.93</ele>
      </trkpt>
      <trkpt lat="51.2126149982214" lon="0.7614099886268377">
        <ele>92.55</ele>
      </trkpt>
      <trkpt lat="51.21240318752825" lon="0.7615066319704056">
        <ele>93.1</ele>
      </trkpt>
      <trkpt lat="51.21219146065414" lon="0.7616033591330051">
        <ele>93.58</ele>
      </trkpt>
      <trkpt lat="51.21197998523712" lon="0.7616999186575413">
        <ele>93.99</ele>
      </trkpt>
      <trkpt lat="51.211814945563674" lon="0.7617399841547012">
        <ele>94.37</ele>
      </trkpt>
      <trkpt lat="51.21164998970926" lon="0.7617799658328295">
        <ele>94.66</ele>
      </trkpt>
      <trkpt lat="51.21165996417403" lon="0.7618999946862459">
        <ele>94.85</ele>
      </trkpt>
      <trkpt lat="51.21142719872296" lon="0.7616120763123035">
        <ele>94.81</ele>
      </trkpt>
      <trkpt lat="51.211194936186075" lon="0.7613249123096466">
        <ele>94.74</ele>
      </trkpt>
      <trkpt lat="51.210962170735" lon="0.761037077754736">
        <ele>94.59</ele>
      </trkpt>
      <trkpt lat="51.21072999201715" lon="0.7607499975711107">
        <ele>94.28</ele>
      </trkpt>
      <trkpt lat="51.21055472642183" lon="0.7605480775237083">
        <ele>93.75</ele>
      </trkpt>
      <trkpt lat="51.21037954464555" lon="0.760346157476306">
        <ele>93.06</ele>
      </trkpt>
      <trkpt lat="51.210204949602485" lon="0.760144991800189">
        <ele>92.26</ele>
      </trkpt>
      <trkpt lat="51.2100297678262" lon="0.7599430717527866">
        <ele>91.39</ele>
      </trkpt>
      <trkpt lat="51.209854586049914" lon="0.7597411517053843">
        <ele>90.59</ele>
      </trkpt>
      <trkpt lat="51.20967982336879" lon="0.7595398183912039">
        <ele>89.96</ele>
      </trkpt>
    </trkseg>
  </trk>
</gpx>
