<?xml version="1.0" encoding="UTF-8"?>
<gpx creator="Garmin Connect" version="1.1"
  xsi:schemaLocation="http://www.topografix.com/GPX/1/1 http://www.topografix.com/GPX/11.xsd"
  xmlns:ns3="http://www.garmin.com/xmlschemas/TrackPointExtension/v1"
  xmlns="http://www.topografix.com/GPX/1/1"
  xmlns:xsi="http://www.w3.org/2001/XMLSchema-instance" xmlns:ns2="http://www.garmin.com/xmlschemas/GpxExtensions/v3">
  <metadata>
    <name>Charing Heath Canterbury</name>
    <link href="connect.garmin.com">
      <text>Garmin Connect</text>
    </link>
    <time>2026-08-02T15:33:53.000Z</time>
  </metadata>
  <wpt lat="51.24396736330747" lon="0.96195911708696">
    <ele>0.0</ele>
    <name>Church Mouse Te</name>
    <cmt>The Church Mouse Tea Rooms
The White Horse Inn</cmt>
    <type>AID STATION</type>
  </wpt>
  <trk>
    <name>Charing Heath Canterbury</name>
    <trkseg>
      <trkpt lat="51.209539929404855" lon="0.7599199377000332">
        <ele>89.99</ele>
      </trkpt>
      <trkpt lat="51.2096499837935" lon="0.7600699737668037">
        <ele>90.6</ele>
      </trkpt>
      <trkpt lat="51.209729947149754" lon="0.7602899987250566">
        <ele>91.36</ele>
      </trkpt>
      <trkpt lat="51.209729947149754" lon="0.7604399509727955">
        <ele>92.11</ele>
      </trkpt>
      <trkpt lat="51.20977998711169" lon="0.7607999537140131">
        <ele>93.0</ele>
      </trkpt>
      <trkpt lat="51.20992683805525" lon="0.7610470522195101">
        <ele>93.9</ele>
      </trkpt>
      <trkpt lat="51.21007377281785" lon="0.7612940669059753">
        <ele>94.73</ele>
      </trkpt>
      <trkpt lat="51.21021995320916" lon="0.7615399919450283">
        <ele>95.44</ele>
      </trkpt>
      <trkpt lat="51.210319949314" lon="0.7618399802595377">
        <ele>96.1</ele>
      </trkpt>
      <trkpt lat="51.21033998206258" lon="0.7620299980044365">
        <ele>96.62</ele>
      </trkpt>
      <trkpt lat="51.210334952920675" lon="0.7624009810388088">
        <ele>97.1</ele>
      </trkpt>
      <trkpt lat="51.21032992377877" lon="0.76276995241642">
        <ele>97.41</ele>
      </trkpt>
      <trkpt lat="51.21034995652735" lon="0.7628799229860306">
        <ele>97.53</ele>
      </trkpt>
      <trkpt lat="51.21046998538077" lon="0.7630099263042212">
        <ele>97.54</ele>
      </trkpt>
      <trkpt lat="51.210659919306636" lon="0.7630799990147352">
        <ele>97.41</ele>
      </trkpt>
      <trkpt lat="51.210519690066576" lon="0.763355428352952">
        <ele>97.17</ele>
      </trkpt>
      <trkpt lat="51.210379963740706" lon="0.7636299356818199">
        <ele>96.81</ele>
      </trkpt>
      <trkpt lat="51.210269993171096" lon="0.7637499645352364">
        <ele>96.24</ele>
      </trkpt>
      <trkpt lat="51.21010998263955" lon="0.7637999206781387">
        <ele>95.59</ele>
      </trkpt>
      <trkpt lat="51.209989953786135" lon="0.7637899462133646">
        <ele>94.83</ele>
      </trkpt>
      <trkpt lat="51.20970983058214" lon="0.7637098990380764">
        <ele>93.94</ele>
      </trkpt>
      <trkpt lat="51.209429958835244" lon="0.7636299356818199">
        <ele>93.1</ele>
      </trkpt>
      <trkpt lat="51.209389977157116" lon="0.7640699855983257">
        <ele>92.07</ele>
      </trkpt>
      <trkpt lat="51.20929718948901" lon="0.7644935231655836">
        <ele>91.08</ele>
      </trkpt>
      <trkpt lat="51.20920498855412" lon="0.7649149652570486">
        <ele>89.98</ele>
      </trkpt>
      <trkpt lat="51.20911220088601" lon="0.7653385866433382">
        <ele>88.87</ele>
      </trkpt>
      <trkpt lat="51.209019999951124" lon="0.7657599449157715">
        <ele>87.81</ele>
      </trkpt>
      <trkpt lat="51.20888966135681" lon="0.7661508768796921">
        <ele>86.79</ele>
      </trkpt>
      <trkpt lat="51.20875999331474" lon="0.7665399648249149">
        <ele>85.82</ele>
      </trkpt>
      <trkpt lat="51.2086499389261" lon="0.7667599897831678">
        <ele>85.0</ele>
      </trkpt>
      <trkpt lat="51.208509961143136" lon="0.7669399492442608">
        <ele>84.29</ele>
      </trkpt>
      <trkpt lat="51.20853996835649" lon="0.767019996419549">
        <ele>83.72</ele>
      </trkpt>
      <trkpt lat="51.208699978888035" lon="0.7672699447721243">
        <ele>83.32</ele>
      </trkpt>
      <trkpt lat="51.208800142630935" lon="0.7675505708903074">
        <ele>82.99</ele>
      </trkpt>
      <trkpt lat="51.20889997109771" lon="0.7678299397230148">
        <ele>82.79</ele>
      </trkpt>
      <trkpt lat="51.20901019312441" lon="0.7682008389383554">
        <ele>82.63</ele>
      </trkpt>
      <trkpt lat="51.20912049897015" lon="0.7685717381536961">
        <ele>82.57</ele>
      </trkpt>
      <trkpt lat="51.20922996662557" lon="0.7689399551600218">
        <ele>82.52</ele>
      </trkpt>
      <trkpt lat="51.20922996662557" lon="0.7691199984401464">
        <ele>82.57</ele>
      </trkpt>
      <trkpt lat="51.20933993719518" lon="0.7692799251526594">
        <ele>82.66</ele>
      </trkpt>
      <trkpt lat="51.20950690470636" lon="0.7696105912327766">
        <ele>82.84</ele>
      </trkpt>
      <trkpt lat="51.209673872217536" lon="0.7699411734938622">
        <ele>83.08</ele>
      </trkpt>
      <trkpt lat="51.209839917719364" lon="0.7702699955552816">
        <ele>83.39</ele>
      </trkpt>
      <trkpt lat="51.20997687801719" lon="0.7705771923065186">
        <ele>83.74</ele>
      </trkpt>
      <trkpt lat="51.21011383831501" lon="0.7708844728767872">
        <ele>84.07</ele>
      </trkpt>
      <trkpt lat="51.210249960422516" lon="0.7711899932473898">
        <ele>84.59</ele>
      </trkpt>
      <trkpt lat="51.2103802151978" lon="0.7714554481208324">
        <ele>85.15</ele>
      </trkpt>
      <trkpt lat="51.2105099670589" lon="0.7717199809849262">
        <ele>85.79</ele>
      </trkpt>
      <trkpt lat="51.21061993762851" lon="0.7720099948346615">
        <ele>86.3</ele>
      </trkpt>
      <trkpt lat="51.210739966481924" lon="0.7724399864673615">
        <ele>86.94</ele>
      </trkpt>
      <trkpt lat="51.210840214043856" lon="0.7727305870503187">
        <ele>87.63</ele>
      </trkpt>
      <trkpt lat="51.2109399586916" lon="0.7730199303478003">
        <ele>88.38</ele>
      </trkpt>
      <trkpt lat="51.21093325316906" lon="0.7733575534075499">
        <ele>89.08</ele>
      </trkpt>
      <trkpt lat="51.21092654764652" lon="0.7736952602863312">
        <ele>89.71</ele>
      </trkpt>
      <trkpt lat="51.21091992594302" lon="0.7740299496799707">
        <ele>90.36</ele>
      </trkpt>
      <trkpt lat="51.210854798555374" lon="0.7742805685847998">
        <ele>90.91</ele>
      </trkpt>
      <trkpt lat="51.210789922624826" lon="0.7745299302041531">
        <ele>91.49</ele>
      </trkpt>
      <trkpt lat="51.210549948737025" lon="0.7748199440538883">
        <ele>92.01</ele>
      </trkpt>
      <trkpt lat="51.210289942100644" lon="0.7749699801206589">
        <ele>92.45</ele>
      </trkpt>
      <trkpt lat="51.21008994989097" lon="0.7751299906522036">
        <ele>92.94</ele>
      </trkpt>
      <trkpt lat="51.20990999042988" lon="0.7753399573266506">
        <ele>93.46</ele>
      </trkpt>
      <trkpt lat="51.20962995104492" lon="0.7752499356865883">
        <ele>93.45</ele>
      </trkpt>
      <trkpt lat="51.20939995162189" lon="0.7753299828618765">
        <ele>93.68</ele>
      </trkpt>
      <trkpt lat="51.20917992666364" lon="0.7755399495363235">
        <ele>93.89</ele>
      </trkpt>
      <trkpt lat="51.20903994888067" lon="0.7759399339556694">
        <ele>94.14</ele>
      </trkpt>
      <trkpt lat="51.2090299744159" lon="0.776299936696887">
        <ele>94.32</ele>
      </trkpt>
      <trkpt lat="51.209080098196864" lon="0.7766007632017136">
        <ele>94.46</ele>
      </trkpt>
      <trkpt lat="51.209129970520735" lon="0.7768999971449375">
        <ele>94.44</ele>
      </trkpt>
      <trkpt lat="51.20911999605596" lon="0.7770599238574505">
        <ele>94.3</ele>
      </trkpt>
      <trkpt lat="51.20906995609403" lon="0.7771899271756411">
        <ele>94.12</ele>
      </trkpt>
      <trkpt lat="51.209109937772155" lon="0.7776699587702751">
        <ele>93.94</ele>
      </trkpt>
      <trkpt lat="51.20908998884261" lon="0.7778499182313681">
        <ele>93.69</ele>
      </trkpt>
      <trkpt lat="51.20915997773409" lon="0.7779799215495586">
        <ele>93.46</ele>
      </trkpt>
      <trkpt lat="51.20920993387699" lon="0.7781399320811033">
        <ele>93.21</ele>
      </trkpt>
      <trkpt lat="51.20919995941222" lon="0.7783299498260021">
        <ele>92.92</ele>
      </trkpt>
      <trkpt lat="51.209099711850286" lon="0.7787359692156315">
        <ele>92.59</ele>
      </trkpt>
      <trkpt lat="51.208999967202544" lon="0.7791399769484997">
        <ele>92.25</ele>
      </trkpt>
      <trkpt lat="51.20905998162925" lon="0.779209965839982">
        <ele>91.96</ele>
      </trkpt>
      <trkpt lat="51.20915017090738" lon="0.7795959524810314">
        <ele>91.56</ele>
      </trkpt>
      <trkpt lat="51.209239941090345" lon="0.7799799274653196">
        <ele>91.17</ele>
      </trkpt>
      <trkpt lat="51.20933993719518" lon="0.7800299674272537">
        <ele>90.8</ele>
      </trkpt>
      <trkpt lat="51.209389977157116" lon="0.7799899857491255">
        <ele>90.45</ele>
      </trkpt>
      <trkpt lat="51.20937991887331" lon="0.7802799995988607">
        <ele>90.04</ele>
      </trkpt>
      <trkpt lat="51.20934999547899" lon="0.7804599590599537">
        <ele>89.69</ele>
      </trkpt>
      <trkpt lat="51.20932652615011" lon="0.7808360550552607">
        <ele>89.32</ele>
      </trkpt>
      <trkpt lat="51.20930314064026" lon="0.7812120672315359">
        <ele>88.99</ele>
      </trkpt>
      <trkpt lat="51.209279922768474" lon="0.7815849781036377">
        <ele>88.71</ele>
      </trkpt>
      <trkpt lat="51.209256537258625" lon="0.781960990279913">
        <ele>88.51</ele>
      </trkpt>
      <trkpt lat="51.209233151748776" lon="0.7823370862752199">
        <ele>88.31</ele>
      </trkpt>
      <trkpt lat="51.20920993387699" lon="0.7827099971473217">
        <ele>88.13</ele>
      </trkpt>
      <trkpt lat="51.20918654836714" lon="0.783086009323597">
        <ele>87.9</ele>
      </trkpt>
      <trkpt lat="51.209163162857294" lon="0.7834621053189039">
        <ele>87.72</ele>
      </trkpt>
      <trkpt lat="51.20913994498551" lon="0.783834932371974">
        <ele>87.64</ele>
      </trkpt>
      <trkpt lat="51.20911655947566" lon="0.784211028367281">
        <ele>87.68</ele>
      </trkpt>
      <trkpt lat="51.20909317396581" lon="0.7845871243625879">
        <ele>87.78</ele>
      </trkpt>
      <trkpt lat="51.20906995609403" lon="0.784959951415658">
        <ele>87.89</ele>
      </trkpt>
      <trkpt lat="51.2090299744159" lon="0.7850999291986227">
        <ele>87.99</ele>
      </trkpt>
      <trkpt lat="51.209109937772155" lon="0.7853099796921015">
        <ele>88.18</ele>
      </trkpt>
      <trkpt lat="51.20928520336747" lon="0.7855201978236437">
        <ele>88.45</ele>
      </trkpt>
      <trkpt lat="51.2094599660486" lon="0.7857299968600273">
        <ele>88.67</ele>
      </trkpt>
      <trkpt lat="51.20960991829634" lon="0.785849941894412">
        <ele>88.87</ele>
      </trkpt>
      <trkpt lat="51.20950975455344" lon="0.7861757464706898">
        <ele>89.19</ele>
      </trkpt>
      <trkpt lat="51.209409926086664" lon="0.7864999584853649">
        <ele>89.55</ele>
      </trkpt>
      <trkpt lat="51.209334740415215" lon="0.7869511563330889">
        <ele>89.92</ele>
      </trkpt>
      <trkpt lat="51.209259973838925" lon="0.7873999234288931">
        <ele>90.3</ele>
      </trkpt>
      <trkpt lat="51.20916726998985" lon="0.7877282425761223">
        <ele>90.73</ele>
      </trkpt>
      <trkpt lat="51.20907498523593" lon="0.7880549691617489">
        <ele>91.17</ele>
      </trkpt>
      <trkpt lat="51.20898219756782" lon="0.7883832883089781">
        <ele>91.59</ele>
      </trkpt>
      <trkpt lat="51.208889996632934" lon="0.788709931075573">
        <ele>92.03</ele>
      </trkpt>
      <trkpt lat="51.208910029381514" lon="0.7890759687870741">
        <ele>92.45</ele>
      </trkpt>
      <trkpt lat="51.20892997831106" lon="0.789439994841814">
        <ele>92.89</ele>
      </trkpt>
      <trkpt lat="51.20895001105964" lon="0.7898060325533152">
        <ele>93.33</ele>
      </trkpt>
      <trkpt lat="51.20896995998919" lon="0.7901699747890234">
        <ele>93.84</ele>
      </trkpt>
      <trkpt lat="51.208999967202544" lon="0.7903499342501163">
        <ele>94.29</ele>
      </trkpt>
      <trkpt lat="51.20889997109771" lon="0.7906299736350775">
        <ele>94.83</ele>
      </trkpt>
      <trkpt lat="51.2090852111578" lon="0.7908802572637796">
        <ele>95.26</ele>
      </trkpt>
      <trkpt lat="51.2092699483037" lon="0.7911299541592598">
        <ele>95.78</ele>
      </trkpt>
      <trkpt lat="51.20924999937415" lon="0.791169935837388">
        <ele>96.27</ele>
      </trkpt>
      <trkpt lat="51.20933993719518" lon="0.7913099974393845">
        <ele>96.75</ele>
      </trkpt>
      <trkpt lat="51.20937991887331" lon="0.7915399968624115">
        <ele>97.23</ele>
      </trkpt>
      <trkpt lat="51.20934999547899" lon="0.7917099818587303">
        <ele>97.73</ele>
      </trkpt>
      <trkpt lat="51.209169616922736" lon="0.7921207789331675">
        <ele>98.24</ele>
      </trkpt>
      <trkpt lat="51.20898999273777" lon="0.792529983446002">
        <ele>98.73</ele>
      </trkpt>
      <trkpt lat="51.20905998162925" lon="0.7929899822920561">
        <ele>99.16</ele>
      </trkpt>
      <trkpt lat="51.2092199921608" lon="0.793369933962822">
        <ele>99.57</ele>
      </trkpt>
      <trkpt lat="51.209385115653276" lon="0.79357017762959">
        <ele>99.91</ele>
      </trkpt>
      <trkpt lat="51.20954998768866" lon="0.7937699183821678">
        <ele>100.25</ele>
      </trkpt>
      <trkpt lat="51.209725169464946" lon="0.7939551584422588">
        <ele>100.56</ele>
      </trkpt>
      <trkpt lat="51.20989993214607" lon="0.7941399794071913">
        <ele>100.86</ele>
      </trkpt>
      <trkpt lat="51.21017997153103" lon="0.7943599205464125">
        <ele>101.17</ele>
      </trkpt>
      <trkpt lat="51.210455149412155" lon="0.7945351023226976">
        <ele>101.48</ele>
      </trkpt>
      <trkpt lat="51.21072999201715" lon="0.794709948822856">
        <ele>101.7</ele>
      </trkpt>
      <trkpt lat="51.210664780810475" lon="0.7950257789343596">
        <ele>101.76</ele>
      </trkpt>
      <trkpt lat="51.21059998869896" lon="0.7953399326652288">
        <ele>101.71</ele>
      </trkpt>
      <trkpt lat="51.21050477027893" lon="0.7956507336348295">
        <ele>101.64</ele>
      </trkpt>
      <trkpt lat="51.21040997095406" lon="0.7959599420428276">
        <ele>101.51</ele>
      </trkpt>
      <trkpt lat="51.210379963740706" lon="0.7961599342525005">
        <ele>101.35</ele>
      </trkpt>
      <trkpt lat="51.21033998206258" lon="0.7961999997496605">
        <ele>101.14</ele>
      </trkpt>
      <trkpt lat="51.21013294905424" lon="0.7965271454304457">
        <ele>100.9</ele>
      </trkpt>
      <trkpt lat="51.209925999864936" lon="0.7968542911112309">
        <ele>100.6</ele>
      </trkpt>
      <trkpt lat="51.20971997268498" lon="0.7971799280494452">
        <ele>100.34</ele>
      </trkpt>
      <trkpt lat="51.209539929404855" lon="0.7975599635392427">
        <ele>99.98</ele>
      </trkpt>
      <trkpt lat="51.20937991887331" lon="0.7977999374270439">
        <ele>99.59</ele>
      </trkpt>
      <trkpt lat="51.20919970795512" lon="0.7980536576360464">
        <ele>99.08</ele>
      </trkpt>
      <trkpt lat="51.209019497036934" lon="0.7983072940260172">
        <ele>98.65</ele>
      </trkpt>
      <trkpt lat="51.208839956671" lon="0.7985599245876074">
        <ele>98.3</ele>
      </trkpt>
      <trkpt lat="51.20881992392242" lon="0.7988599967211485">
        <ele>97.96</ele>
      </trkpt>
      <trkpt lat="51.208749767392874" lon="0.7992643397301435">
        <ele>97.73</ele>
      </trkpt>
      <trkpt lat="51.20867961086333" lon="0.7996687665581703">
        <ele>97.55</ele>
      </trkpt>
      <trkpt lat="51.20860995724797" lon="0.8000699244439602">
        <ele>97.38</ele>
      </trkpt>
      <trkpt lat="51.208509961143136" lon="0.8002199605107307">
        <ele>97.27</ele>
      </trkpt>
      <trkpt lat="51.20842999778688" lon="0.8004699926823378">
        <ele>97.24</ele>
      </trkpt>
      <trkpt lat="51.208379957824945" lon="0.8007299993187189">
        <ele>97.24</ele>
      </trkpt>
      <trkpt lat="51.208279710263014" lon="0.8010958693921566">
        <ele>97.34</ele>
      </trkpt>
      <trkpt lat="51.20817996561527" lon="0.8014599792659283">
        <ele>97.46</ele>
      </trkpt>
      <trkpt lat="51.20802967809141" lon="0.8018407691270113">
        <ele>97.82</ele>
      </trkpt>
      <trkpt lat="51.20787997730076" lon="0.8022199664264917">
        <ele>98.26</ele>
      </trkpt>
      <trkpt lat="51.20771963149309" lon="0.8025555778294802">
        <ele>98.82</ele>
      </trkpt>
      <trkpt lat="51.207559956237674" lon="0.8028899319469929">
        <ele>99.5</ele>
      </trkpt>
      <trkpt lat="51.207620138302445" lon="0.8032174967229366">
        <ele>100.29</ele>
      </trkpt>
      <trkpt lat="51.20768032036722" lon="0.8035450614988804">
        <ele>101.21</ele>
      </trkpt>
      <trkpt lat="51.2077399995178" lon="0.8038699440658092">
        <ele>102.19</ele>
      </trkpt>
      <trkpt lat="51.20771996676922" lon="0.804079994559288">
        <ele>103.16</ele>
      </trkpt>
      <trkpt lat="51.20782691985369" lon="0.8044408354908228">
        <ele>104.18</ele>
      </trkpt>
      <trkpt lat="51.207933789119124" lon="0.8048016764223576">
        <ele>105.15</ele>
      </trkpt>
      <trkpt lat="51.20803998783231" lon="0.8051599189639091">
        <ele>106.22</ele>
      </trkpt>
      <trkpt lat="51.20817024260759" lon="0.8056060038506985">
        <ele>107.36</ele>
      </trkpt>
      <trkpt lat="51.20829999446869" lon="0.8060499932616949">
        <ele>108.54</ele>
      </trkpt>
      <trkpt lat="51.20829999446869" lon="0.8061099238693714">
        <ele>109.65</ele>
      </trkpt>
      <trkpt lat="51.20823998004198" lon="0.8064999338239431">
        <ele>110.79</ele>
      </trkpt>
      <trkpt lat="51.20820234529674" lon="0.8069036062806845">
        <ele>111.96</ele>
      </trkpt>
      <trkpt lat="51.208164962008595" lon="0.8073049318045378">
        <ele>113.09</ele>
      </trkpt>
      <trkpt lat="51.208127327263355" lon="0.8077086042612791">
        <ele>114.33</ele>
      </trkpt>
      <trkpt lat="51.20808994397521" lon="0.8081099297851324">
        <ele>115.52</ele>
      </trkpt>
      <trkpt lat="51.208051554858685" lon="0.8084701001644135">
        <ele>116.71</ele>
      </trkpt>
      <trkpt lat="51.20801308192313" lon="0.8088302705436945">
        <ele>117.95</ele>
      </trkpt>
      <trkpt lat="51.2079749442637" lon="0.8091874234378338">
        <ele>119.26</ele>
      </trkpt>
      <trkpt lat="51.20793655514717" lon="0.8095475938171148">
        <ele>120.62</ele>
      </trkpt>
      <trkpt lat="51.207898082211614" lon="0.8099078480154276">
        <ele>121.92</ele>
      </trkpt>
      <trkpt lat="51.20785994455218" lon="0.8102649170905352">
        <ele>123.19</ele>
      </trkpt>
      <trkpt lat="51.20782155543566" lon="0.8106251712888479">
        <ele>124.5</ele>
      </trkpt>
      <trkpt lat="51.2077830825001" lon="0.810985341668129">
        <ele>125.81</ele>
      </trkpt>
      <trkpt lat="51.20774494484067" lon="0.8113424945622683">
        <ele>127.13</ele>
      </trkpt>
      <trkpt lat="51.207706555724144" lon="0.8117026649415493">
        <ele>128.49</ele>
      </trkpt>
      <trkpt lat="51.20766808278859" lon="0.8120628353208303">
        <ele>129.82</ele>
      </trkpt>
      <trkpt lat="51.207629945129156" lon="0.8124199882149696">
        <ele>131.12</ele>
      </trkpt>
      <trkpt lat="51.20761997066438" lon="0.8126806654036045">
        <ele>132.33</ele>
      </trkpt>
      <trkpt lat="51.20760999619961" lon="0.8129399176687002">
        <ele>133.46</ele>
      </trkpt>
      <trkpt lat="51.207649977877736" lon="0.8129999320954084">
        <ele>134.54</ele>
      </trkpt>
      <trkpt lat="51.20747462846339" lon="0.8133205398917198">
        <ele>135.58</ele>
      </trkpt>
      <trkpt lat="51.20729994960129" lon="0.8136399742215872">
        <ele>136.56</ele>
      </trkpt>
      <trkpt lat="51.20717472396791" lon="0.8139205165207386">
        <ele>137.5</ele>
      </trkpt>
      <trkpt lat="51.207049917429686" lon="0.8141999691724777">
        <ele>138.43</ele>
      </trkpt>
      <trkpt lat="51.206944808363914" lon="0.8143903221935034">
        <ele>139.3</ele>
      </trkpt>
      <trkpt lat="51.20683995075524" lon="0.8145799208432436">
        <ele>140.15</ele>
      </trkpt>
      <trkpt lat="51.206749929115176" lon="0.8147799968719482">
        <ele>141.03</ele>
      </trkpt>
      <trkpt lat="51.20664993301034" lon="0.8150899596512318">
        <ele>141.96</ele>
      </trkpt>
      <trkpt lat="51.206699972972274" lon="0.8152299374341965">
        <ele>142.85</ele>
      </trkpt>
      <trkpt lat="51.20686995796859" lon="0.8154699951410294">
        <ele>143.82</ele>
      </trkpt>
      <trkpt lat="51.20686995796859" lon="0.8156999945640564">
        <ele>144.72</ele>
      </trkpt>
      <trkpt lat="51.20673970319331" lon="0.815990511327982">
        <ele>145.45</ele>
      </trkpt>
      <trkpt lat="51.20660995133221" lon="0.8162799384444952">
        <ele>146.05</ele>
      </trkpt>
      <trkpt lat="51.20645999908447" lon="0.8166899811476469">
        <ele>146.59</ele>
      </trkpt>
      <trkpt lat="51.20634994469583" lon="0.8170599583536386">
        <ele>147.2</ele>
      </trkpt>
      <trkpt lat="51.20623217895627" lon="0.8173881936818361">
        <ele>147.66</ele>
      </trkpt>
      <trkpt lat="51.20611499994993" lon="0.8177149202674627">
        <ele>148.03</ele>
      </trkpt>
      <trkpt lat="51.20599723421037" lon="0.8180431555956602">
        <ele>148.32</ele>
      </trkpt>
      <trkpt lat="51.205879971385" lon="0.8183699660003185">
        <ele>148.5</ele>
      </trkpt>
      <trkpt lat="51.20570965111256" lon="0.8187607303261757">
        <ele>148.66</ele>
      </trkpt>
      <trkpt lat="51.20553991757333" lon="0.819149985909462">
        <ele>148.83</ele>
      </trkpt>
      <trkpt lat="51.20534964837134" lon="0.8194604516029358">
        <ele>148.85</ele>
      </trkpt>
      <trkpt lat="51.20515996590257" lon="0.8197699952870607">
        <ele>148.86</ele>
      </trkpt>
      <trkpt lat="51.205074805766344" lon="0.8200054429471493">
        <ele>148.77</ele>
      </trkpt>
      <trkpt lat="51.20498998090625" lon="0.820239968597889">
        <ele>148.66</ele>
      </trkpt>
      <trkpt lat="51.20489970780909" lon="0.8206209260970354">
        <ele>148.47</ele>
      </trkpt>
      <trkpt lat="51.20480993762612" lon="0.8209999557584524">
        <ele>148.38</ele>
      </trkpt>
      <trkpt lat="51.20469971559942" lon="0.8213206473737955">
        <ele>148.09</ele>
      </trkpt>
      <trkpt lat="51.2045899964869" lon="0.8216399978846312">
        <ele>147.84</ele>
      </trkpt>
      <trkpt lat="51.20444633066654" lon="0.8219673112034798">
        <ele>147.59</ele>
      </trkpt>
      <trkpt lat="51.204302748665214" lon="0.8222946245223284">
        <ele>147.29</ele>
      </trkpt>
      <trkpt lat="51.20415992103517" lon="0.8226199261844158">
        <ele>146.94</ele>
      </trkpt>
      <trkpt lat="51.20401969179511" lon="0.8229873888194561">
        <ele>146.44</ele>
      </trkpt>
      <trkpt lat="51.20387937873602" lon="0.8233548514544964">
        <ele>145.82</ele>
      </trkpt>
      <trkpt lat="51.203739987686276" lon="0.8237199671566486">
        <ele>145.16</ele>
      </trkpt>
      <trkpt lat="51.203546365723014" lon="0.8239836618304253">
        <ele>144.4</ele>
      </trkpt>
      <trkpt lat="51.20335274375975" lon="0.8242473565042019">
        <ele>143.64</ele>
      </trkpt>
      <trkpt lat="51.203159959986806" lon="0.8245099615305662">
        <ele>142.99</ele>
      </trkpt>
      <trkpt lat="51.20301637798548" lon="0.8247937727719545">
        <ele>142.4</ele>
      </trkpt>
      <trkpt lat="51.20287279598415" lon="0.8250776678323746">
        <ele>141.64</ele>
      </trkpt>
      <trkpt lat="51.202729968354106" lon="0.825359970331192">
        <ele>140.8</ele>
      </trkpt>
      <trkpt lat="51.20253215543926" lon="0.82564034499228">
        <ele>139.99</ele>
      </trkpt>
      <trkpt lat="51.20233492925763" lon="0.8259199652820826">
        <ele>139.27</ele>
      </trkpt>
      <trkpt lat="51.202137200161815" lon="0.8262003399431705">
        <ele>138.55</ele>
      </trkpt>
      <trkpt lat="51.20193997398019" lon="0.8264799602329731">
        <ele>137.85</ele>
      </trkpt>
      <trkpt lat="51.201689690351486" lon="0.826728567481041">
        <ele>137.18</ele>
      </trkpt>
      <trkpt lat="51.201439490541816" lon="0.8269770909100771">
        <ele>136.53</ele>
      </trkpt>
      <trkpt lat="51.2011899612844" lon="0.8272249437868595">
        <ele>135.99</ele>
      </trkpt>
      <trkpt lat="51.2009396776557" lon="0.8274735510349274">
        <ele>135.46</ele>
      </trkpt>
      <trkpt lat="51.200689477846026" lon="0.8277220744639635">
        <ele>135.01</ele>
      </trkpt>
      <trkpt lat="51.20043994858861" lon="0.8279699273407459">
        <ele>134.54</ele>
      </trkpt>
      <trkpt lat="51.200289661064744" lon="0.8282604441046715">
        <ele>134.33</ele>
      </trkpt>
      <trkpt lat="51.2001399602741" lon="0.8285499550402164">
        <ele>134.31</ele>
      </trkpt>
      <trkpt lat="51.199989672750235" lon="0.828840471804142">
        <ele>134.31</ele>
      </trkpt>
      <trkpt lat="51.19983997195959" lon="0.829129982739687">
        <ele>134.37</ele>
      </trkpt>
      <trkpt lat="51.19974810630083" lon="0.8294724673032761">
        <ele>134.66</ele>
      </trkpt>
      <trkpt lat="51.19965615682304" lon="0.8298149518668652">
        <ele>135.09</ele>
      </trkpt>
      <trkpt lat="51.19956496171653" lon="0.8301549218595028">
        <ele>135.62</ele>
      </trkpt>
      <trkpt lat="51.19947309605777" lon="0.8304974902421236">
        <ele>136.23</ele>
      </trkpt>
      <trkpt lat="51.19938114657998" lon="0.8308399748057127">
        <ele>136.92</ele>
      </trkpt>
      <trkpt lat="51.199289951473475" lon="0.8311799447983503">
        <ele>137.71</ele>
      </trkpt>
      <trkpt lat="51.199146285653114" lon="0.831605913117528">
        <ele>138.57</ele>
      </trkpt>
      <trkpt lat="51.19900329038501" lon="0.8320299535989761">
        <ele>139.36</ele>
      </trkpt>
      <trkpt lat="51.19885962456465" lon="0.8324559219181538">
        <ele>140.12</ele>
      </trkpt>
      <trkpt lat="51.19871662929654" lon="0.8328799623996019">
        <ele>140.95</ele>
      </trkpt>
      <trkpt lat="51.19857296347618" lon="0.8333059307187796">
        <ele>141.79</ele>
      </trkpt>
      <trkpt lat="51.198429968208075" lon="0.8337299712002277">
        <ele>142.53</ele>
      </trkpt>
      <trkpt lat="51.19828806258738" lon="0.8340004552155733">
        <ele>143.17</ele>
      </trkpt>
      <trkpt lat="51.198146156966686" lon="0.8342709392309189">
        <ele>143.77</ele>
      </trkpt>
      <trkpt lat="51.198004921898246" lon="0.8345399983227253">
        <ele>144.27</ele>
      </trkpt>
      <trkpt lat="51.19786301627755" lon="0.8348104823380709">
        <ele>144.7</ele>
      </trkpt>
      <trkpt lat="51.19772111065686" lon="0.8350809663534164">
        <ele>144.99</ele>
      </trkpt>
      <trkpt lat="51.19757995940745" lon="0.8353499416261911">
        <ele>145.24</ele>
      </trkpt>
      <trkpt lat="51.19751977734268" lon="0.8357259538024664">
        <ele>145.56</ele>
      </trkpt>
      <trkpt lat="51.197459595277905" lon="0.8361019659787416">
        <ele>145.8</ele>
      </trkpt>
      <trkpt lat="51.197399999946356" lon="0.8364749606698751">
        <ele>145.88</ele>
      </trkpt>
      <trkpt lat="51.197339817881584" lon="0.8368509728461504">
        <ele>145.81</ele>
      </trkpt>
      <trkpt lat="51.19727963581681" lon="0.8372269850224257">
        <ele>145.65</ele>
      </trkpt>
      <trkpt lat="51.19721995666623" lon="0.8375999797135592">
        <ele>145.33</ele>
      </trkpt>
      <trkpt lat="51.19711300358176" lon="0.8380277082324028">
        <ele>144.97</ele>
      </trkpt>
      <trkpt lat="51.19700605049729" lon="0.8384554367512465">
        <ele>144.6</ele>
      </trkpt>
      <trkpt lat="51.19689993560314" lon="0.8388799801468849">
        <ele>144.13</ele>
      </trkpt>
      <trkpt lat="51.19683229364455" lon="0.8392885979264975">
        <ele>143.55</ele>
      </trkpt>
      <trkpt lat="51.19676498696208" lon="0.8396949525922537">
        <ele>142.76</ele>
      </trkpt>
      <trkpt lat="51.196697261184454" lon="0.8401035703718662">
        <ele>141.89</ele>
      </trkpt>
      <trkpt lat="51.19662995450199" lon="0.8405099250376225">
        <ele>141.06</ele>
      </trkpt>
      <trkpt lat="51.19660992175341" lon="0.8409799821674824">
        <ele>140.18</ele>
      </trkpt>
      <trkpt lat="51.19661746546626" lon="0.8414112310856581">
        <ele>139.3</ele>
      </trkpt>
      <trkpt lat="51.196624925360084" lon="0.8418399654328823">
        <ele>138.38</ele>
      </trkpt>
      <trkpt lat="51.19663246907294" lon="0.842271214351058">
        <ele>137.38</ele>
      </trkpt>
      <trkpt lat="51.19663992896676" lon="0.8426999486982822">
        <ele>136.49</ele>
      </trkpt>
      <trkpt lat="51.19668007828295" lon="0.8430508989840746">
        <ele>135.65</ele>
      </trkpt>
      <trkpt lat="51.19671997614205" lon="0.8433999214321375">
        <ele>134.82</ele>
      </trkpt>
      <trkpt lat="51.19675995782018" lon="0.8436399791389704">
        <ele>133.96</ele>
      </trkpt>
      <trkpt lat="51.19680505245924" lon="0.8440661150962114">
        <ele>133.0</ele>
      </trkpt>
      <trkpt lat="51.19684997946024" lon="0.8444899879395962">
        <ele>132.01</ele>
      </trkpt>
      <trkpt lat="51.196842435747385" lon="0.8448935765773058">
        <ele>131.13</ele>
      </trkpt>
      <trkpt lat="51.19683497585356" lon="0.8452949859201908">
        <ele>130.35</ele>
      </trkpt>
      <trkpt lat="51.19682743214071" lon="0.8456985745579004">
        <ele>129.6</ele>
      </trkpt>
      <trkpt lat="51.196819972246885" lon="0.8460999839007854">
        <ele>128.96</ele>
      </trkpt>
      <trkpt lat="51.19677999056876" lon="0.8465199172496796">
        <ele>128.35</ele>
      </trkpt>
      <trkpt lat="51.19672651402652" lon="0.8468943368643522">
        <ele>127.75</ele>
      </trkpt>
      <trkpt lat="51.19667303748429" lon="0.8472686726599932">
        <ele>127.16</ele>
      </trkpt>
      <trkpt lat="51.19661998003721" lon="0.8476399909704924">
        <ele>126.57</ele>
      </trkpt>
      <trkpt lat="51.19657480157912" lon="0.8478906098753214">
        <ele>125.95</ele>
      </trkpt>
      <trkpt lat="51.19652995839715" lon="0.8481399714946747">
        <ele>125.31</ele>
      </trkpt>
      <trkpt lat="51.196429962292314" lon="0.84840995259583">
        <ele>124.61</ele>
      </trkpt>
      <trkpt lat="51.19636483490467" lon="0.8486555423587561">
        <ele>123.89</ele>
      </trkpt>
      <trkpt lat="51.19629995897412" lon="0.8488999586552382">
        <ele>123.14</ele>
      </trkpt>
      <trkpt lat="51.196259977295995" lon="0.8492699358612299">
        <ele>122.33</ele>
      </trkpt>
      <trkpt lat="51.19624991901219" lon="0.8496299386024475">
        <ele>121.62</ele>
      </trkpt>
      <trkpt lat="51.19627992622554" lon="0.8499499596655369">
        <ele>120.83</ele>
      </trkpt>
      <trkpt lat="51.1963099334389" lon="0.849979966878891">
        <ele>119.97</ele>
      </trkpt>
      <trkpt lat="51.196539932861924" lon="0.8500299230217934">
        <ele>119.07</ele>
      </trkpt>
      <trkpt lat="51.19667999446392" lon="0.8500899374485016">
        <ele>118.1</ele>
      </trkpt>
      <trkpt lat="51.1967499833554" lon="0.8501599263399839">
        <ele>117.04</ele>
      </trkpt>
      <trkpt lat="51.19678996503353" lon="0.8502699807286263">
        <ele>115.9</ele>
      </trkpt>
      <trkpt lat="51.196699691936374" lon="0.8507086057215929">
        <ele>114.49</ele>
      </trkpt>
      <trkpt lat="51.19660950265825" lon="0.8511472307145596">
        <ele>112.99</ele>
      </trkpt>
      <trkpt lat="51.196519983932376" lon="0.8515824191272259">
        <ele>111.56</ele>
      </trkpt>
      <trkpt lat="51.19642971083522" lon="0.8520211279392242">
        <ele>110.14</ele>
      </trkpt>
      <trkpt lat="51.19633952155709" lon="0.8524597529321909">
        <ele>108.69</ele>
      </trkpt>
      <trkpt lat="51.19624991901219" lon="0.8528949413448572">
        <ele>107.22</ele>
      </trkpt>
      <trkpt lat="51.19615972973406" lon="0.8533335663378239">
        <ele>105.78</ele>
      </trkpt>
      <trkpt lat="51.196069456636906" lon="0.8537722751498222">
        <ele>104.29</ele>
      </trkpt>
      <trkpt lat="51.195979937911034" lon="0.8542074635624886">
        <ele>102.95</ele>
      </trkpt>
      <trkpt lat="51.19588974863291" lon="0.8546460885554552">
        <ele>101.65</ele>
      </trkpt>
      <trkpt lat="51.19579947553575" lon="0.8550847973674536">
        <ele>100.44</ele>
      </trkpt>
      <trkpt lat="51.19570995680988" lon="0.8555199857801199">
        <ele>99.23</ele>
      </trkpt>
      <trkpt lat="51.19555992074311" lon="0.855939919129014">
        <ele>98.17</ele>
      </trkpt>
      <trkpt lat="51.19538960047066" lon="0.8563307672739029">
        <ele>97.02</ele>
      </trkpt>
      <trkpt lat="51.195219280198216" lon="0.8567215315997601">
        <ele>95.85</ele>
      </trkpt>
      <trkpt lat="51.19504996575415" lon="0.8571099489927292">
        <ele>94.77</ele>
      </trkpt>
      <trkpt lat="51.194929936900735" lon="0.8575599733740091">
        <ele>93.79</ele>
      </trkpt>
      <trkpt lat="51.19486145675182" lon="0.8579493127763271">
        <ele>92.93</ele>
      </trkpt>
      <trkpt lat="51.19479289278388" lon="0.8583387359976768">
        <ele>92.12</ele>
      </trkpt>
      <trkpt lat="51.19472499936819" lon="0.8587249740958214">
        <ele>91.35</ele>
      </trkpt>
      <trkpt lat="51.19465643540025" lon="0.8591143134981394">
        <ele>90.61</ele>
      </trkpt>
      <trkpt lat="51.194587955251336" lon="0.8595037367194891">
        <ele>89.94</ele>
      </trkpt>
      <trkpt lat="51.194519978016615" lon="0.8598899748176336">
        <ele>89.44</ele>
      </trkpt>
      <trkpt lat="51.194464825093746" lon="0.8602342195808887">
        <ele>89.04</ele>
      </trkpt>
      <trkpt lat="51.19440967217088" lon="0.8605784643441439">
        <ele>88.69</ele>
      </trkpt>
      <trkpt lat="51.19435493834317" lon="0.8609199430793524">
        <ele>88.39</ele>
      </trkpt>
      <trkpt lat="51.1942997854203" lon="0.8612641878426075">
        <ele>88.13</ele>
      </trkpt>
      <trkpt lat="51.19424463249743" lon="0.8616085164248943">
        <ele>87.94</ele>
      </trkpt>
      <trkpt lat="51.19418998248875" lon="0.8619499951601028">
        <ele>87.79</ele>
      </trkpt>
      <trkpt lat="51.19406970217824" lon="0.8623408433049917">
        <ele>87.76</ele>
      </trkpt>
      <trkpt lat="51.19394992478192" lon="0.8627299312502146">
        <ele>87.7</ele>
      </trkpt>
      <trkpt lat="51.19384640827775" lon="0.8630974777042866">
        <ele>87.65</ele>
      </trkpt>
      <trkpt lat="51.19374280795455" lon="0.8634651079773903">
        <ele>87.59</ele>
      </trkpt>
      <trkpt lat="51.193639962002635" lon="0.8638299722224474">
        <ele>87.56</ele>
      </trkpt>
      <trkpt lat="51.19357475079596" lon="0.8642460498958826">
        <ele>87.55</ele>
      </trkpt>
      <trkpt lat="51.193509958684444" lon="0.8646599482744932">
        <ele>87.57</ele>
      </trkpt>
      <trkpt lat="51.19336998090148" lon="0.8647499699145555">
        <ele>87.39</ele>
      </trkpt>
      <trkpt lat="51.193194882944226" lon="0.8647799771279097">
        <ele>87.09</ele>
      </trkpt>
      <trkpt lat="51.193019952625036" lon="0.8648099843412638">
        <ele>86.71</ele>
      </trkpt>
      <trkpt lat="51.19284996762872" lon="0.8648799732327461">
        <ele>86.23</ele>
      </trkpt>
      <trkpt lat="51.192779978737235" lon="0.8651899360120296">
        <ele>85.81</ele>
      </trkpt>
      <trkpt lat="51.19273480027914" lon="0.8656336739659309">
        <ele>85.32</ele>
      </trkpt>
      <trkpt lat="51.19268995709717" lon="0.8660749811679125">
        <ele>84.74</ele>
      </trkpt>
      <trkpt lat="51.19264486245811" lon="0.8665187191218138">
        <ele>84.06</ele>
      </trkpt>
      <trkpt lat="51.19259993545711" lon="0.8669599425047636">
        <ele>83.34</ele>
      </trkpt>
      <trkpt lat="51.19253983721137" lon="0.8673008345067501">
        <ele>82.57</ele>
      </trkpt>
      <trkpt lat="51.192479990422726" lon="0.8676399663090706">
        <ele>81.8</ele>
      </trkpt>
      <trkpt lat="51.19236130267382" lon="0.8680994622409344">
        <ele>81.04</ele>
      </trkpt>
      <trkpt lat="51.19224328547716" lon="0.8685566950589418">
        <ele>80.22</ele>
      </trkpt>
      <trkpt lat="51.192124681547284" lon="0.8690161071717739">
        <ele>79.51</ele>
      </trkpt>
      <trkpt lat="51.19200666435063" lon="0.8694732561707497">
        <ele>78.96</ele>
      </trkpt>
      <trkpt lat="51.19188797660172" lon="0.8699327521026134">
        <ele>78.49</ele>
      </trkpt>
      <trkpt lat="51.191769959405065" lon="0.8703899849206209">
        <ele>78.01</ele>
      </trkpt>
      <trkpt lat="51.1916574742645" lon="0.8708054758608341">
        <ele>77.55</ele>
      </trkpt>
      <trkpt lat="51.19154490530491" lon="0.8712209668010473">
        <ele>77.21</ele>
      </trkpt>
      <trkpt lat="51.191433258354664" lon="0.8716333564370871">
        <ele>76.94</ele>
      </trkpt>
      <trkpt lat="51.1913207732141" lon="0.8720488473773003">
        <ele>76.7</ele>
      </trkpt>
      <trkpt lat="51.19120828807354" lon="0.8724642544984818">
        <ele>76.58</ele>
      </trkpt>
      <trkpt lat="51.191096641123295" lon="0.8728766441345215">
        <ele>76.5</ele>
      </trkpt>
      <trkpt lat="51.19098415598273" lon="0.8732921350747347">
        <ele>76.49</ele>
      </trkpt>
      <trkpt lat="51.19087167084217" lon="0.8737075421959162">
        <ele>76.61</ele>
      </trkpt>
      <trkpt lat="51.190759940072894" lon="0.8741199318319559">
        <ele>76.78</ele>
      </trkpt>
      <trkpt lat="51.1906872689724" lon="0.8745210058987141">
        <ele>77.12</ele>
      </trkpt>
      <trkpt lat="51.19061493314803" lon="0.8749199844896793">
        <ele>77.58</ele>
      </trkpt>
      <trkpt lat="51.19054226204753" lon="0.8753210585564375">
        <ele>78.01</ele>
      </trkpt>
      <trkpt lat="51.19046992622316" lon="0.875719953328371">
        <ele>78.48</ele>
      </trkpt>
      <trkpt lat="51.190376384183764" lon="0.8761076163500547">
        <ele>78.92</ele>
      </trkpt>
      <trkpt lat="51.19028284214437" lon="0.8764952793717384">
        <ele>79.5</ele>
      </trkpt>
      <trkpt lat="51.19018997065723" lon="0.8768799249082804">
        <ele>80.09</ele>
      </trkpt>
      <trkpt lat="51.190096428617835" lon="0.8772675879299641">
        <ele>80.66</ele>
      </trkpt>
      <trkpt lat="51.19000280275941" lon="0.8776552509516478">
        <ele>81.25</ele>
      </trkpt>
      <trkpt lat="51.18990993127227" lon="0.8780399803072214">
        <ele>81.93</ele>
      </trkpt>
      <trkpt lat="51.18979970924556" lon="0.8784283977001905">
        <ele>82.54</ele>
      </trkpt>
      <trkpt lat="51.18968999013305" lon="0.8788149710744619">
        <ele>83.12</ele>
      </trkpt>
      <trkpt lat="51.18957968428731" lon="0.8792033884674311">
        <ele>83.63</ele>
      </trkpt>
      <trkpt lat="51.189469965174794" lon="0.8795899618417025">
        <ele>84.14</ele>
      </trkpt>
      <trkpt lat="51.18937994353473" lon="0.8800099790096283">
        <ele>84.57</ele>
      </trkpt>
      <trkpt lat="51.18936996906996" lon="0.8802599273622036">
        <ele>84.93</ele>
      </trkpt>
      <trkpt lat="51.18924465961754" lon="0.8806081954389811">
        <ele>85.14</ele>
      </trkpt>
      <trkpt lat="51.18911993689835" lon="0.8809549547731876">
        <ele>85.34</ele>
      </trkpt>
      <trkpt lat="51.18899471126497" lon="0.8813032228499651">
        <ele>85.49</ele>
      </trkpt>
      <trkpt lat="51.188869988545775" lon="0.8816499821841717">
        <ele>85.57</ele>
      </trkpt>
      <trkpt lat="51.1888047773391" lon="0.881880484521389">
        <ele>85.53</ele>
      </trkpt>
      <trkpt lat="51.188739985227585" lon="0.8821099810302258">
        <ele>85.41</ele>
      </trkpt>
      <trkpt lat="51.18861744180322" lon="0.8824517950415611">
        <ele>85.21</ele>
      </trkpt>
      <trkpt lat="51.18849498219788" lon="0.8827936928719282">
        <ele>84.99</ele>
      </trkpt>
      <trkpt lat="51.18837327696383" lon="0.8831332437694073">
        <ele>84.69</ele>
      </trkpt>
      <trkpt lat="51.188250817358494" lon="0.8834751415997744">
        <ele>84.39</ele>
      </trkpt>
      <trkpt lat="51.188128273934126" lon="0.8838170394301414">
        <ele>84.09</ele>
      </trkpt>
      <trkpt lat="51.18800665251911" lon="0.8841566741466522">
        <ele>83.68</ele>
      </trkpt>
      <trkpt lat="51.18788419291377" lon="0.8844984881579876">
        <ele>83.13</ele>
      </trkpt>
      <trkpt lat="51.1877616494894" lon="0.8848403859883547">
        <ele>82.55</ele>
      </trkpt>
      <trkpt lat="51.18763994425535" lon="0.8851799368858337">
        <ele>81.93</ele>
      </trkpt>
      <trkpt lat="51.187627455219626" lon="0.8856738824397326">
        <ele>81.3</ele>
      </trkpt>
      <trkpt lat="51.1876149661839" lon="0.886164978146553">
        <ele>80.65</ele>
      </trkpt>
      <trkpt lat="51.18760239332914" lon="0.8866588398814201">
        <ele>79.95</ele>
      </trkpt>
      <trkpt lat="51.18758998811245" lon="0.8871499355882406">
        <ele>79.3</ele>
      </trkpt>
      <trkpt lat="51.187609937042" lon="0.8872799389064312">
        <ele>78.67</ele>
      </trkpt>
      <trkpt lat="51.187579929828644" lon="0.8873499277979136">
        <ele>78.05</ele>
      </trkpt>
      <trkpt lat="51.187609937042" lon="0.88748998939991">
        <ele>77.45</ele>
      </trkpt>
      <trkpt lat="51.187548162415624" lon="0.8878660015761852">
        <ele>76.86</ele>
      </trkpt>
      <trkpt lat="51.18748630397022" lon="0.8882420137524605">
        <ele>76.23</ele>
      </trkpt>
      <trkpt lat="51.187424948439" lon="0.8886149246245623">
        <ele>75.61</ele>
      </trkpt>
      <trkpt lat="51.187363089993596" lon="0.8889909368008375">
        <ele>75.03</ele>
      </trkpt>
      <trkpt lat="51.18730131536722" lon="0.8893670327961445">
        <ele>74.41</ele>
      </trkpt>
      <trkpt lat="51.187239959836006" lon="0.8897399436682463">
        <ele>73.84</ele>
      </trkpt>
      <trkpt lat="51.18720483966172" lon="0.8901059813797474">
        <ele>73.38</ele>
      </trkpt>
      <trkpt lat="51.187169970944524" lon="0.8904699236154556">
        <ele>72.92</ele>
      </trkpt>
      <trkpt lat="51.187129989266396" lon="0.8905999269336462">
        <ele>72.45</ele>
      </trkpt>
      <trkpt lat="51.18724993430078" lon="0.8907599374651909">
        <ele>72.07</ele>
      </trkpt>
      <trkpt lat="51.1874199192971" lon="0.8910599257797003">
        <ele>71.71</ele>
      </trkpt>
      <trkpt lat="51.18755025789142" lon="0.8913505263626575">
        <ele>71.29</ele>
      </trkpt>
      <trkpt lat="51.1876805126667" lon="0.8916411269456148">
        <ele>70.87</ele>
      </trkpt>
      <trkpt lat="51.18780992925167" lon="0.8919299673289061">
        <ele>70.43</ele>
      </trkpt>
      <trkpt lat="51.18795015849173" lon="0.8921703603118658">
        <ele>69.97</ele>
      </trkpt>
      <trkpt lat="51.18808996863663" lon="0.8924099989235401">
        <ele>69.52</ele>
      </trkpt>
      <trkpt lat="51.1882727779448" lon="0.89280822314322">
        <ele>69.08</ele>
      </trkpt>
      <trkpt lat="51.18845491670072" lon="0.8932049386203289">
        <ele>68.66</ele>
      </trkpt>
      <trkpt lat="51.188637809827924" lon="0.8936032466590405">
        <ele>68.15</ele>
      </trkpt>
      <trkpt lat="51.18881994858384" lon="0.8939999621361494">
        <ele>67.62</ele>
      </trkpt>
      <trkpt lat="51.18889999575913" lon="0.8940799254924059">
        <ele>67.15</ele>
      </trkpt>
      <trkpt lat="51.18885993026197" lon="0.8944699354469776">
        <ele>66.69</ele>
      </trkpt>
      <trkpt lat="51.18904517032206" lon="0.8946851827204227">
        <ele>66.2</ele>
      </trkpt>
      <trkpt lat="51.18922999128699" lon="0.8948999270796776">
        <ele>65.72</ele>
      </trkpt>
      <trkpt lat="51.189460242167115" lon="0.8952053636312485">
        <ele>65.3</ele>
      </trkpt>
      <trkpt lat="51.18968999013305" lon="0.8955099619925022">
        <ele>64.82</ele>
      </trkpt>
      <trkpt lat="51.18989274837077" lon="0.8958530332893133">
        <ele>64.34</ele>
      </trkpt>
      <trkpt lat="51.190094919875264" lon="0.8961949311196804">
        <ele>63.85</ele>
      </trkpt>
      <trkpt lat="51.190297761932015" lon="0.8965380024164915">
        <ele>63.49</ele>
      </trkpt>
      <trkpt lat="51.19049993343651" lon="0.8968799840658903">
        <ele>63.14</ele>
      </trkpt>
      <trkpt lat="51.1906299367547" lon="0.8971599396318197">
        <ele>62.88</ele>
      </trkpt>
      <trkpt lat="51.190759940072894" lon="0.8975899312645197">
        <ele>62.67</ele>
      </trkpt>
      <trkpt lat="51.19083998724818" lon="0.8979799412190914">
        <ele>62.55</ele>
      </trkpt>
      <trkpt lat="51.19091014377773" lon="0.89845628477633">
        <ele>62.44</ele>
      </trkpt>
      <trkpt lat="51.19097996503115" lon="0.8989299461245537">
        <ele>62.45</ele>
      </trkpt>
      <trkpt lat="51.19105012156069" lon="0.8994062896817923">
        <ele>62.61</ele>
      </trkpt>
      <trkpt lat="51.19111994281411" lon="0.899879951030016">
        <ele>62.89</ele>
      </trkpt>
      <trkpt lat="51.191165121272206" lon="0.90025101788342">
        <ele>63.29</ele>
      </trkpt>
      <trkpt lat="51.191209964454174" lon="0.9006199892610312">
        <ele>63.77</ele>
      </trkpt>
      <trkpt lat="51.19119990617037" lon="0.9010144416242838">
        <ele>64.32</ele>
      </trkpt>
      <trkpt lat="51.191189931705594" lon="0.9014088939875364">
        <ele>64.89</ele>
      </trkpt>
      <trkpt lat="51.19117995724082" lon="0.9017999935895205">
        <ele>65.5</ele>
      </trkpt>
      <trkpt lat="51.191319935023785" lon="0.9020599164068699">
        <ele>66.2</ele>
      </trkpt>
      <trkpt lat="51.19145513512194" lon="0.9022552147507668">
        <ele>66.9</ele>
      </trkpt>
      <trkpt lat="51.19158999994397" lon="0.9024499263614416">
        <ele>67.65</ele>
      </trkpt>
      <trkpt lat="51.19175017811358" lon="0.9027103520929813">
        <ele>68.4</ele>
      </trkpt>
      <trkpt lat="51.19190993718803" lon="0.9029699396342039">
        <ele>69.13</ele>
      </trkpt>
      <trkpt lat="51.19198998436332" lon="0.9030099213123322">
        <ele>69.82</ele>
      </trkpt>
      <trkpt lat="51.192089980468154" lon="0.9029699396342039">
        <ele>70.53</ele>
      </trkpt>
      <trkpt lat="51.19216994382441" lon="0.9030399285256863">
        <ele>71.22</ele>
      </trkpt>
      <trkpt lat="51.19235694408417" lon="0.9033237397670746">
        <ele>71.92</ele>
      </trkpt>
      <trkpt lat="51.19254386052489" lon="0.9036074671894312">
        <ele>72.6</ele>
      </trkpt>
      <trkpt lat="51.1927299387753" lon="0.9038899373263121">
        <ele>73.29</ele>
      </trkpt>
      <trkpt lat="51.19291853159666" lon="0.9041536320000887">
        <ele>73.96</ele>
      </trkpt>
      <trkpt lat="51.19310712441802" lon="0.9044173266738653">
        <ele>74.61</ele>
      </trkpt>
      <trkpt lat="51.193294962868094" lon="0.9046799317002296">
        <ele>75.21</ele>
      </trkpt>
      <trkpt lat="51.193483555689454" lon="0.9049436263740063">
        <ele>75.81</ele>
      </trkpt>
      <trkpt lat="51.193672148510814" lon="0.9052073210477829">
        <ele>76.33</ele>
      </trkpt>
      <trkpt lat="51.19385998696089" lon="0.9054699260741472">
        <ele>76.75</ele>
      </trkpt>
      <trkpt lat="51.19405696168542" lon="0.9057954791933298">
        <ele>77.02</ele>
      </trkpt>
      <trkpt lat="51.19425393640995" lon="0.9061210323125124">
        <ele>77.31</ele>
      </trkpt>
      <trkpt lat="51.19444998912513" lon="0.9064449928700924">
        <ele>77.63</ele>
      </trkpt>
      <trkpt lat="51.194646963849664" lon="0.9067704621702433">
        <ele>77.89</ele>
      </trkpt>
      <trkpt lat="51.194843938574195" lon="0.9070960152894258">
        <ele>78.06</ele>
      </trkpt>
      <trkpt lat="51.19503999128938" lon="0.9074199758470058">
        <ele>78.22</ele>
      </trkpt>
      <trkpt lat="51.19508994743228" lon="0.9074899647384882">
        <ele>78.31</ele>
      </trkpt>
      <trkpt lat="51.19503999128938" lon="0.9076099935919046">
        <ele>78.33</ele>
      </trkpt>
      <trkpt lat="51.195220202207565" lon="0.9079029411077499">
        <ele>78.31</ele>
      </trkpt>
      <trkpt lat="51.195399994030595" lon="0.9081949666142464">
        <ele>78.28</ele>
      </trkpt>
      <trkpt lat="51.19558020494878" lon="0.9084879141300917">
        <ele>78.31</ele>
      </trkpt>
      <trkpt lat="51.19575999677181" lon="0.9087799396365881">
        <ele>78.32</ele>
      </trkpt>
      <trkpt lat="51.19595521129668" lon="0.9090703725814819">
        <ele>78.26</ele>
      </trkpt>
      <trkpt lat="51.19614992290735" lon="0.9093599673360586">
        <ele>78.01</ele>
      </trkpt>
      <trkpt lat="51.19621999561787" lon="0.909449988976121">
        <ele>77.71</ele>
      </trkpt>
      <trkpt lat="51.196389980614185" lon="0.9097499772906303">
        <ele>77.32</ele>
      </trkpt>
      <trkpt lat="51.19660019874573" lon="0.9100169409066439">
        <ele>76.93</ele>
      </trkpt>
      <trkpt lat="51.1968105006963" lon="0.9102839883416891">
        <ele>76.5</ele>
      </trkpt>
      <trkpt lat="51.19701996445656" lon="0.910549946129322">
        <ele>76.01</ele>
      </trkpt>
      <trkpt lat="51.197099927812815" lon="0.9106099605560303">
        <ele>75.56</ele>
      </trkpt>
      <trkpt lat="51.1971699167043" lon="0.9106299933046103">
        <ele>75.13</ele>
      </trkpt>
      <trkpt lat="51.19731995277107" lon="0.9107399638742208">
        <ele>74.66</ele>
      </trkpt>
      <trkpt lat="51.19753360748291" lon="0.9110553748905659">
        <ele>74.1</ele>
      </trkpt>
      <trkpt lat="51.19774726219475" lon="0.9113708697259426">
        <ele>73.59</ele>
      </trkpt>
      <trkpt lat="51.197959994897246" lon="0.9116849396377802">
        <ele>73.24</ele>
      </trkpt>
      <trkpt lat="51.19817356579006" lon="0.9120004344731569">
        <ele>73.01</ele>
      </trkpt>
      <trkpt lat="51.1983872205019" lon="0.912315845489502">
        <ele>72.85</ele>
      </trkpt>
      <trkpt lat="51.19859995320439" lon="0.9126299992203712">
        <ele>72.78</ele>
      </trkpt>
      <trkpt lat="51.19875912554562" lon="0.9128725714981556">
        <ele>72.84</ele>
      </trkpt>
      <trkpt lat="51.19891821406782" lon="0.9131151437759399">
        <ele>73.02</ele>
      </trkpt>
      <trkpt lat="51.19907663203776" lon="0.913356626406312">
        <ele>73.3</ele>
      </trkpt>
      <trkpt lat="51.199235720559955" lon="0.9135991986840963">
        <ele>73.7</ele>
      </trkpt>
      <trkpt lat="51.19939489290118" lon="0.9138417709618807">
        <ele>74.18</ele>
      </trkpt>
      <trkpt lat="51.19955322705209" lon="0.9140832535922527">
        <ele>74.69</ele>
      </trkpt>
      <trkpt lat="51.19971239939332" lon="0.9143258258700371">
        <ele>75.28</ele>
      </trkpt>
      <trkpt lat="51.19987157173455" lon="0.9145684819668531">
        <ele>75.96</ele>
      </trkpt>
      <trkpt lat="51.20002998970449" lon="0.9148099645972252">
        <ele>76.67</ele>
      </trkpt>
      <trkpt lat="51.20017994195223" lon="0.914999982342124">
        <ele>77.37</ele>
      </trkpt>
      <trkpt lat="51.20026996359229" lon="0.9151999745517969">
        <ele>78.01</ele>
      </trkpt>
      <trkpt lat="51.20035998523235" lon="0.9153299778699875">
        <ele>78.56</ele>
      </trkpt>
      <trkpt lat="51.200449923053384" lon="0.9151999745517969">
        <ele>79.02</ele>
      </trkpt>
      <trkpt lat="51.200489988550544" lon="0.9152399562299252">
        <ele>79.43</ele>
      </trkpt>
      <trkpt lat="51.200579926371574" lon="0.9151599928736687">
        <ele>79.78</ele>
      </trkpt>
      <trkpt lat="51.20075519196689" lon="0.9153802692890167">
        <ele>80.13</ele>
      </trkpt>
      <trkpt lat="51.20092995464802" lon="0.9155999589711428">
        <ele>80.32</ele>
      </trkpt>
      <trkpt lat="51.20108351111412" lon="0.9158704429864883">
        <ele>80.34</ele>
      </trkpt>
      <trkpt lat="51.201237151399255" lon="0.9161408431828022">
        <ele>80.21</ele>
      </trkpt>
      <trkpt lat="51.20138995349407" lon="0.9164099860936403">
        <ele>79.99</ele>
      </trkpt>
      <trkpt lat="51.201543509960175" lon="0.9166803862899542">
        <ele>79.63</ele>
      </trkpt>
      <trkpt lat="51.20169715024531" lon="0.9169508703052998">
        <ele>79.18</ele>
      </trkpt>
      <trkpt lat="51.201849952340126" lon="0.9172199293971062">
        <ele>78.63</ele>
      </trkpt>
      <trkpt lat="51.201990181580186" lon="0.9174453187733889">
        <ele>78.01</ele>
      </trkpt>
      <trkpt lat="51.20212999172509" lon="0.9176699537783861">
        <ele>77.35</ele>
      </trkpt>
      <trkpt lat="51.202250104397535" lon="0.9178351610898972">
        <ele>76.71</ele>
      </trkpt>
      <trkpt lat="51.20236996561289" lon="0.9179999493062496">
        <ele>76.03</ele>
      </trkpt>
      <trkpt lat="51.20252016931772" lon="0.9182603750377893">
        <ele>75.33</ele>
      </trkpt>
      <trkpt lat="51.2026699539274" lon="0.9185199625790119">
        <ele>74.67</ele>
      </trkpt>
      <trkpt lat="51.20278688147664" lon="0.9188072104007006">
        <ele>74.03</ele>
      </trkpt>
      <trkpt lat="51.202903809025884" lon="0.9190944582223892">
        <ele>73.48</ele>
      </trkpt>
      <trkpt lat="51.20301998220384" lon="0.9193799458444118">
        <ele>73.06</ele>
      </trkpt>
      <trkpt lat="51.203125175088644" lon="0.9196856338530779">
        <ele>72.76</ele>
      </trkpt>
      <trkpt lat="51.20322994887829" lon="0.9199899807572365">
        <ele>72.6</ele>
      </trkpt>
      <trkpt lat="51.203349977731705" lon="0.9202399291098118">
        <ele>72.61</ele>
      </trkpt>
      <trkpt lat="51.20337998494506" lon="0.9203499834984541">
        <ele>72.7</ele>
      </trkpt>
      <trkpt lat="51.20343999937177" lon="0.9204399213194847">
        <ele>72.95</ele>
      </trkpt>
      <trkpt lat="51.20372992940247" lon="0.9206199645996094">
        <ele>73.51</ele>
      </trkpt>
      <trkpt lat="51.20381995104253" lon="0.9206999279558659">
        <ele>74.1</ele>
      </trkpt>
      <trkpt lat="51.20395515114069" lon="0.9208952262997627">
        <ele>74.81</ele>
      </trkpt>
      <trkpt lat="51.20408993214369" lon="0.9210899379104376">
        <ele>75.65</ele>
      </trkpt>
      <trkpt lat="51.20417995378375" lon="0.9211099706590176">
        <ele>76.68</ele>
      </trkpt>
      <trkpt lat="51.204415149986744" lon="0.9209398180246353">
        <ele>77.94</ele>
      </trkpt>
      <trkpt lat="51.20464992709458" lon="0.9207699168473482">
        <ele>79.34</ele>
      </trkpt>
      <trkpt lat="51.20477993041277" lon="0.9206999279558659">
        <ele>80.94</ele>
      </trkpt>
      <trkpt lat="51.20503013022244" lon="0.9205098263919353">
        <ele>82.74</ele>
      </trkpt>
      <trkpt lat="51.20527999475598" lon="0.9203199762851">
        <ele>84.76</ele>
      </trkpt>
      <trkpt lat="51.205459954217076" lon="0.9201999474316835">
        <ele>86.85</ele>
      </trkpt>
      <trkpt lat="51.20552994310856" lon="0.9201799985021353">
        <ele>89.06</ele>
      </trkpt>
      <trkpt lat="51.2056399974972" lon="0.9202899690717459">
        <ele>91.48</ele>
      </trkpt>
      <trkpt lat="51.20575516484678" lon="0.9204802382737398">
        <ele>94.02</ele>
      </trkpt>
      <trkpt lat="51.20586999692023" lon="0.9206699207425117">
        <ele>96.68</ele>
      </trkpt>
      <trkpt lat="51.20608993805945" lon="0.9209499601274729">
        <ele>99.65</ele>
      </trkpt>
      <trkpt lat="51.206249948590994" lon="0.9213099628686905">
        <ele>102.63</ele>
      </trkpt>
      <trkpt lat="51.20632999576628" lon="0.9214199334383011">
        <ele>105.54</ele>
      </trkpt>
      <trkpt lat="51.20642999187112" lon="0.9216299839317799">
        <ele>108.51</ele>
      </trkpt>
      <trkpt lat="51.20655999518931" lon="0.9217699617147446">
        <ele>111.6</ele>
      </trkpt>
      <trkpt lat="51.20662998408079" lon="0.9217999689280987">
        <ele>114.61</ele>
      </trkpt>
      <trkpt lat="51.2067399546504" lon="0.9217699617147446">
        <ele>117.68</ele>
      </trkpt>
      <trkpt lat="51.20683995075524" lon="0.9216499328613281">
        <ele>120.79</ele>
      </trkpt>
      <trkpt lat="51.20686995796859" lon="0.921639958396554">
        <ele>123.82</ele>
      </trkpt>
      <trkpt lat="51.206939946860075" lon="0.9212199412286282">
        <ele>126.99</ele>
      </trkpt>
      <trkpt lat="51.20705016888678" lon="0.9209493733942509">
        <ele>130.17</ele>
      </trkpt>
      <trkpt lat="51.20715997181833" lon="0.9206799790263176">
        <ele>133.37</ele>
      </trkpt>
      <trkpt lat="51.207219986245036" lon="0.9204699285328388">
        <ele>136.38</ele>
      </trkpt>
      <trkpt lat="51.20731017552316" lon="0.9202444553375244">
        <ele>139.38</ele>
      </trkpt>
      <trkpt lat="51.20739994570613" lon="0.9200199879705906">
        <ele>142.29</ele>
      </trkpt>
      <trkpt lat="51.20753690600395" lon="0.9197561256587505">
        <ele>145.04</ele>
      </trkpt>
      <trkpt lat="51.20767378248274" lon="0.9194923471659422">
        <ele>147.77</ele>
      </trkpt>
      <trkpt lat="51.20780998840928" lon="0.919229993596673">
        <ele>150.34</ele>
      </trkpt>
      <trkpt lat="51.20797016657889" lon="0.9190196916460991">
        <ele>152.75</ele>
      </trkpt>
      <trkpt lat="51.20812992565334" lon="0.9188099764287472">
        <ele>154.91</ele>
      </trkpt>
      <trkpt lat="51.20836998336017" lon="0.9186399914324284">
        <ele>156.96</ele>
      </trkpt>
      <trkpt lat="51.20860995724797" lon="0.918729929253459">
        <ele>158.74</ele>
      </trkpt>
      <trkpt lat="51.20878027752042" lon="0.9191458392888308">
        <ele>160.16</ele>
      </trkpt>
      <trkpt lat="51.20894992724061" lon="0.9195599891245365">
        <ele>161.32</ele>
      </trkpt>
      <trkpt lat="51.20902511291206" lon="0.9199007973074913">
        <ele>162.4</ele>
      </trkpt>
      <trkpt lat="51.20909996330738" lon="0.9202399291098118">
        <ele>163.32</ele>
      </trkpt>
      <trkpt lat="51.2092268653214" lon="0.9205639734864235">
        <ele>164.13</ele>
      </trkpt>
      <trkpt lat="51.20935385115445" lon="0.9208880178630352">
        <ele>164.78</ele>
      </trkpt>
      <trkpt lat="51.20947999879718" lon="0.921209966763854">
        <ele>165.27</ele>
      </trkpt>
      <trkpt lat="51.209669932723045" lon="0.9215499367564917">
        <ele>165.63</ele>
      </trkpt>
      <trkpt lat="51.20989993214607" lon="0.9218399506062269">
        <ele>165.9</ele>
      </trkpt>
      <trkpt lat="51.20995994657278" lon="0.9219699539244175">
        <ele>165.97</ele>
      </trkpt>
      <trkpt lat="51.21001996099949" lon="0.9220399428158998">
        <ele>165.94</ele>
      </trkpt>
      <trkpt lat="51.210249960422516" lon="0.9221399389207363">
        <ele>165.84</ele>
      </trkpt>
      <trkpt lat="51.210379963740706" lon="0.9222599677741528">
        <ele>165.63</ele>
      </trkpt>
      <trkpt lat="51.21045992709696" lon="0.9223099239170551">
        <ele>165.37</ele>
      </trkpt>
      <trkpt lat="51.210549948737025" lon="0.9224099200218916">
        <ele>165.03</ele>
      </trkpt>
      <trkpt lat="51.2107050139457" lon="0.9224749635905027">
        <ele>164.64</ele>
      </trkpt>
      <trkpt lat="51.21085999533534" lon="0.9225399233400822">
        <ele>164.29</ele>
      </trkpt>
      <trkpt lat="51.211109943687916" lon="0.9225799888372421">
        <ele>163.96</ele>
      </trkpt>
      <trkpt lat="51.211299961432815" lon="0.9226399194449186">
        <ele>163.64</ele>
      </trkpt>
      <trkpt lat="51.211539935320616" lon="0.9226799849420786">
        <ele>163.36</ele>
      </trkpt>
      <trkpt lat="51.21162995696068" lon="0.9226399194449186">
        <ele>163.12</ele>
      </trkpt>
      <trkpt lat="51.21176993474364" lon="0.9224299527704716">
        <ele>162.9</ele>
      </trkpt>
      <trkpt lat="51.211879989132285" lon="0.9221799205988646">
        <ele>162.76</ele>
      </trkpt>
      <trkpt lat="51.211844868957996" lon="0.9219142142683268">
        <ele>162.73</ele>
      </trkpt>
      <trkpt lat="51.21180991642177" lon="0.9216499328613281">
        <ele>162.79</ele>
      </trkpt>
      <trkpt lat="51.2118100002408" lon="0.9213123098015785">
        <ele>162.89</ele>
      </trkpt>
      <trkpt lat="51.2118100002408" lon="0.9209746867418289">
        <ele>163.07</ele>
      </trkpt>
      <trkpt lat="51.21180991642177" lon="0.9206399973481894">
        <ele>163.27</ele>
      </trkpt>
      <trkpt lat="51.211794912815094" lon="0.9201861172914505">
        <ele>163.54</ele>
      </trkpt>
      <trkpt lat="51.21177999302745" lon="0.9197349194437265">
        <ele>163.89</ele>
      </trkpt>
      <trkpt lat="51.21176490560174" lon="0.9192811232060194">
        <ele>164.42</ele>
      </trkpt>
      <trkpt lat="51.211749985814095" lon="0.9188299253582954">
        <ele>164.94</ele>
      </trkpt>
      <trkpt lat="51.21178996749222" lon="0.918529937043786">
        <ele>165.42</ele>
      </trkpt>
      <trkpt lat="51.21188996359706" lon="0.918299937620759">
        <ele>165.92</ele>
      </trkpt>
      <trkpt lat="51.21197998523712" lon="0.9179199859499931">
        <ele>166.51</ele>
      </trkpt>
      <trkpt lat="51.21195995248854" lon="0.9174599871039391">
        <ele>167.11</ele>
      </trkpt>
      <trkpt lat="51.21189977042377" lon="0.9170588292181492">
        <ele>167.78</ele>
      </trkpt>
      <trkpt lat="51.21183967217803" lon="0.916657755151391">
        <ele>168.4</ele>
      </trkpt>
      <trkpt lat="51.21177999302745" lon="0.9162599500268698">
        <ele>169.05</ele>
      </trkpt>
      <trkpt lat="51.21176993474364" lon="0.9159240033477545">
        <ele>169.72</ele>
      </trkpt>
      <trkpt lat="51.21175996027887" lon="0.9155899845063686">
        <ele>170.36</ele>
      </trkpt>
      <trkpt lat="51.21181511320174" lon="0.9151687938719988">
        <ele>170.95</ele>
      </trkpt>
      <trkpt lat="51.21186993084848" lon="0.914749950170517">
        <ele>171.52</ele>
      </trkpt>
      <trkpt lat="51.21192508377135" lon="0.9143287595361471">
        <ele>172.04</ele>
      </trkpt>
      <trkpt lat="51.21197998523712" lon="0.913909999653697">
        <ele>172.55</ele>
      </trkpt>
      <trkpt lat="51.21201007626951" lon="0.9136341512203217">
        <ele>172.97</ele>
      </trkpt>
      <trkpt lat="51.21203999966383" lon="0.9133599791675806">
        <ele>173.35</ele>
      </trkpt>
      <trkpt lat="51.21212021447718" lon="0.9129187557846308">
        <ele>173.71</ele>
      </trkpt>
      <trkpt lat="51.21219992637634" lon="0.9124799631536007">
        <ele>173.94</ele>
      </trkpt>
      <trkpt lat="51.212224988266826" lon="0.9121941402554512">
        <ele>174.14</ele>
      </trkpt>
      <trkpt lat="51.21224996633828" lon="0.911909993737936">
        <ele>174.28</ele>
      </trkpt>
      <trkpt lat="51.21224828995764" lon="0.9115606360137463">
        <ele>174.42</ele>
      </trkpt>
      <trkpt lat="51.21224661357701" lon="0.9112112782895565">
        <ele>174.48</ele>
      </trkpt>
      <trkpt lat="51.212244937196374" lon="0.9108649380505085">
        <ele>174.46</ele>
      </trkpt>
      <trkpt lat="51.21224326081574" lon="0.9105155803263187">
        <ele>174.32</ele>
      </trkpt>
      <trkpt lat="51.212241584435105" lon="0.9101663064211607">
        <ele>174.07</ele>
      </trkpt>
      <trkpt lat="51.2122399918735" lon="0.9098199661821127">
        <ele>173.72</ele>
      </trkpt>
      <trkpt lat="51.2124300096184" lon="0.9097949881106615">
        <ele>173.14</ele>
      </trkpt>
      <trkpt lat="51.21261994354427" lon="0.9097699262201786">
        <ele>172.47</ele>
      </trkpt>
      <trkpt lat="51.212849942967296" lon="0.9096899628639221">
        <ele>171.67</ele>
      </trkpt>
      <trkpt lat="51.21307005174458" lon="0.9097499772906303">
        <ele>170.87</ele>
      </trkpt>
      <trkpt lat="51.2132899928838" lon="0.9098099917173386">
        <ele>170.01</ele>
      </trkpt>
      <trkpt lat="51.213520243763924" lon="0.9094845224171877">
        <ele>169.08</ele>
      </trkpt>
      <trkpt lat="51.213749991729856" lon="0.9091599751263857">
        <ele>167.87</ele>
      </trkpt>
      <trkpt lat="51.2139652390033" lon="0.9089046623557806">
        <ele>166.7</ele>
      </trkpt>
      <trkpt lat="51.214179983362556" lon="0.9086499363183975">
        <ele>165.57</ele>
      </trkpt>
      <trkpt lat="51.214395230636" lon="0.9083946235477924">
        <ele>164.43</ele>
      </trkpt>
      <trkpt lat="51.214609974995255" lon="0.9081399813294411">
        <ele>163.22</ele>
      </trkpt>
      <trkpt lat="51.2148201931268" lon="0.907864635810256">
        <ele>161.96</ele>
      </trkpt>
      <trkpt lat="51.21502999216318" lon="0.9075899608433247">
        <ele>160.67</ele>
      </trkpt>
      <trkpt lat="51.21515513397753" lon="0.9073946624994278">
        <ele>159.43</ele>
      </trkpt>
      <trkpt lat="51.21527994051576" lon="0.9071999508887529">
        <ele>158.22</ele>
      </trkpt>
      <trkpt lat="51.21541991829872" lon="0.9070099331438541">
        <ele>156.98</ele>
      </trkpt>
      <trkpt lat="51.215590070933104" lon="0.9068848751485348">
        <ele>155.84</ele>
      </trkpt>
      <trkpt lat="51.21575997211039" lon="0.9067599847912788">
        <ele>154.82</ele>
      </trkpt>
      <trkpt lat="51.21603003703058" lon="0.9066599048674107">
        <ele>153.88</ele>
      </trkpt>
      <trkpt lat="51.216300185769796" lon="0.9065599087625742">
        <ele>153.06</ele>
      </trkpt>
      <trkpt lat="51.21656999923289" lon="0.9064599964767694">
        <ele>152.22</ele>
      </trkpt>
      <trkpt lat="51.216649962589145" lon="0.9063599165529013">
        <ele>151.54</ele>
      </trkpt>
      <trkpt lat="51.216649962589145" lon="0.9061399754136801">
        <ele>150.93</ele>
      </trkpt>
      <trkpt lat="51.21660486795008" lon="0.9058892726898193">
        <ele>150.41</ele>
      </trkpt>
      <trkpt lat="51.21655994094908" lon="0.9056399948894978">
        <ele>149.99</ele>
      </trkpt>
      <trkpt lat="51.21656664647162" lon="0.9052856080234051">
        <ele>149.63</ele>
      </trkpt>
      <trkpt lat="51.21657335199416" lon="0.9049312211573124">
        <ele>149.34</ele>
      </trkpt>
      <trkpt lat="51.21657997369766" lon="0.9045799355953932">
        <ele>149.12</ele>
      </trkpt>
      <trkpt lat="51.21661006473005" lon="0.9041086211800575">
        <ele>148.93</ele>
      </trkpt>
      <trkpt lat="51.21663998812437" lon="0.9036399889737368">
        <ele>148.79</ele>
      </trkpt>
      <trkpt lat="51.216710144653916" lon="0.9032940678298473">
        <ele>148.73</ele>
      </trkpt>
      <trkpt lat="51.216779965907335" lon="0.9029499907046556">
        <ele>148.76</ele>
      </trkpt>
      <trkpt lat="51.216779965907335" lon="0.9027299657464027">
        <ele>148.79</ele>
      </trkpt>
      <trkpt lat="51.21673487126827" lon="0.9022335894405842">
        <ele>148.88</ele>
      </trkpt>
      <trkpt lat="51.21668994426727" lon="0.9017399791628122">
        <ele>149.01</ele>
      </trkpt>
      <trkpt lat="51.21672003529966" lon="0.9013137593865395">
        <ele>149.18</ele>
      </trkpt>
      <trkpt lat="51.21674995869398" lon="0.9008899703621864">
        <ele>149.33</ele>
      </trkpt>
      <trkpt lat="51.21682011522353" lon="0.9006343223154545">
        <ele>149.38</ele>
      </trkpt>
      <trkpt lat="51.216889936476946" lon="0.9003799315541983">
        <ele>149.41</ele>
      </trkpt>
      <trkpt lat="51.21704692952335" lon="0.9000192582607269">
        <ele>149.48</ele>
      </trkpt>
      <trkpt lat="51.21720392256975" lon="0.8996585011482239">
        <ele>149.55</ele>
      </trkpt>
      <trkpt lat="51.217359993606806" lon="0.8992999233305454">
        <ele>149.56</ele>
      </trkpt>
      <trkpt lat="51.217480190098286" lon="0.8989859372377396">
        <ele>149.48</ele>
      </trkpt>
      <trkpt lat="51.2176004704088" lon="0.8986719511449337">
        <ele>149.33</ele>
      </trkpt>
      <trkpt lat="51.21771999634802" lon="0.898359976708889">
        <ele>149.16</ele>
      </trkpt>
      <trkpt lat="51.21792032383382" lon="0.8979742415249348">
        <ele>148.85</ele>
      </trkpt>
      <trkpt lat="51.21811998076737" lon="0.8975899312645197">
        <ele>148.49</ele>
      </trkpt>
      <trkpt lat="51.21832022443414" lon="0.8973196148872375">
        <ele>148.22</ele>
      </trkpt>
      <trkpt lat="51.218519965186715" lon="0.8970499690622091">
        <ele>147.97</ele>
      </trkpt>
      <trkpt lat="51.21865013614297" lon="0.8968847617506981">
        <ele>147.74</ele>
      </trkpt>
      <trkpt lat="51.218779971823096" lon="0.8967199735343456">
        <ele>147.45</ele>
      </trkpt>
      <trkpt lat="51.21896680444479" lon="0.896553173661232">
        <ele>147.2</ele>
      </trkpt>
      <trkpt lat="51.21915363706648" lon="0.8963863737881184">
        <ele>146.89</ele>
      </trkpt>
      <trkpt lat="51.21933996677399" lon="0.8962199930101633">
        <ele>146.56</ele>
      </trkpt>
      <trkpt lat="51.219569966197014" lon="0.8962999563664198">
        <ele>146.25</ele>
      </trkpt>
      <trkpt lat="51.219569966197014" lon="0.8964899741113186">
        <ele>145.95</ele>
      </trkpt>
      <trkpt lat="51.219619922339916" lon="0.8969199657440186">
        <ele>145.68</ele>
      </trkpt>
      <trkpt lat="51.219679936766624" lon="0.8972399868071079">
        <ele>145.36</ele>
      </trkpt>
      <trkpt lat="51.219836845993996" lon="0.8975004125386477">
        <ele>144.99</ele>
      </trkpt>
      <trkpt lat="51.21999375522137" lon="0.8977607544511557">
        <ele>144.59</ele>
      </trkpt>
      <trkpt lat="51.220149993896484" lon="0.8980199228972197">
        <ele>144.15</ele>
      </trkpt>
      <trkpt lat="51.22033531777561" lon="0.8984106872230768">
        <ele>143.62</ele>
      </trkpt>
      <trkpt lat="51.220519971102476" lon="0.8987999428063631">
        <ele>142.99</ele>
      </trkpt>
      <trkpt lat="51.220660200342536" lon="0.8990653976798058">
        <ele>142.29</ele>
      </trkpt>
      <trkpt lat="51.220799926668406" lon="0.8993299305438995">
        <ele>141.55</ele>
      </trkpt>
      <trkpt lat="51.22097024694085" lon="0.8995928708463907">
        <ele>140.77</ele>
      </trkpt>
      <trkpt lat="51.221139980480075" lon="0.8998549729585648">
        <ele>139.96</ele>
      </trkpt>
      <trkpt lat="51.22131021693349" lon="0.9001178294420242">
        <ele>139.1</ele>
      </trkpt>
      <trkpt lat="51.22147995047271" lon="0.9003799315541983">
        <ele>138.3</ele>
      </trkpt>
      <trkpt lat="51.221670135855675" lon="0.9005852043628693">
        <ele>137.42</ele>
      </trkpt>
      <trkpt lat="51.22185998596251" lon="0.90078997425735">
        <ele>136.53</ele>
      </trkpt>
      <trkpt lat="51.22204011306167" lon="0.9009451232850552">
        <ele>135.61</ele>
      </trkpt>
      <trkpt lat="51.22221998870373" lon="0.9010999370366335">
        <ele>134.62</ele>
      </trkpt>
      <trkpt lat="51.22239517048001" lon="0.9013001807034016">
        <ele>133.59</ele>
      </trkpt>
      <trkpt lat="51.22256993316114" lon="0.9014999214559793">
        <ele>132.51</ele>
      </trkpt>
      <trkpt lat="51.2227635551244" lon="0.9017770271748304">
        <ele>131.36</ele>
      </trkpt>
      <trkpt lat="51.222957177087665" lon="0.9020540490746498">
        <ele>130.18</ele>
      </trkpt>
      <trkpt lat="51.22314996086061" lon="0.9023299813270569">
        <ele>129.12</ele>
      </trkpt>
      <trkpt lat="51.22335992753506" lon="0.9026999585330486">
        <ele>128.03</ele>
      </trkpt>
      <trkpt lat="51.22344994917512" lon="0.9031099174171686">
        <ele>127.05</ele>
      </trkpt>
      <trkpt lat="51.22344994917512" lon="0.903449971228838">
        <ele>126.19</ele>
      </trkpt>
      <trkpt lat="51.22352513484657" lon="0.9038309287279844">
        <ele>125.47</ele>
      </trkpt>
      <trkpt lat="51.22359998524189" lon="0.9042099583894014">
        <ele>124.82</ele>
      </trkpt>
      <trkpt lat="51.22359998524189" lon="0.9045299794524908">
        <ele>124.18</ele>
      </trkpt>
      <trkpt lat="51.223629992455244" lon="0.904789986088872">
        <ele>123.49</ele>
      </trkpt>
      <trkpt lat="51.22373350895941" lon="0.9051809180527925">
        <ele>122.78</ele>
      </trkpt>
      <trkpt lat="51.22383710928261" lon="0.9055718500167131">
        <ele>122.02</ele>
      </trkpt>
      <trkpt lat="51.22393995523453" lon="0.9059599321335554">
        <ele>121.34</ele>
      </trkpt>
      <trkpt lat="51.224063504487276" lon="0.9062505327165127">
        <ele>120.66</ele>
      </trkpt>
      <trkpt lat="51.224187137559056" lon="0.90654113329947">
        <ele>120.01</ele>
      </trkpt>
      <trkpt lat="51.22430993244052" lon="0.9068299736827612">
        <ele>119.34</ele>
      </trkpt>
      <trkpt lat="51.22444530017674" lon="0.907245883718133">
        <ele>118.76</ele>
      </trkpt>
      <trkpt lat="51.224579997360706" lon="0.907659949734807">
        <ele>118.26</ele>
      </trkpt>
      <trkpt lat="51.22467689216137" lon="0.9080476127564907">
        <ele>117.81</ele>
      </trkpt>
      <trkpt lat="51.22477378696203" lon="0.9084351919591427">
        <ele>117.32</ele>
      </trkpt>
      <trkpt lat="51.22486992739141" lon="0.9088199213147163">
        <ele>116.92</ele>
      </trkpt>
      <trkpt lat="51.22497017495334" lon="0.9091909043490887">
        <ele>116.65</ele>
      </trkpt>
      <trkpt lat="51.22506991960108" lon="0.9095599595457315">
        <ele>116.69</ele>
      </trkpt>
      <trkpt lat="51.225210232660174" lon="0.9099057130515575">
        <ele>116.95</ele>
      </trkpt>
      <trkpt lat="51.225349958986044" lon="0.9102499578148127">
        <ele>117.33</ele>
      </trkpt>
      <trkpt lat="51.225410141050816" lon="0.9105256386101246">
        <ele>117.84</ele>
      </trkpt>
      <trkpt lat="51.22546998783946" lon="0.9107999783009291">
        <ele>118.48</ele>
      </trkpt>
      <trkpt lat="51.22552991844714" lon="0.9112799260765314">
        <ele>119.28</ele>
      </trkpt>
      <trkpt lat="51.22548650018871" lon="0.9116242546588182">
        <ele>120.14</ele>
      </trkpt>
      <trkpt lat="51.22544308193028" lon="0.9119684994220734">
        <ele>120.99</ele>
      </trkpt>
      <trkpt lat="51.22539999894798" lon="0.9123099781572819">
        <ele>121.79</ele>
      </trkpt>
      <trkpt lat="51.22539999894798" lon="0.9126199409365654">
        <ele>122.63</ele>
      </trkpt>
      <trkpt lat="51.225349958986044" lon="0.9130099508911371">
        <ele>123.53</ele>
      </trkpt>
      <trkpt lat="51.22533990070224" lon="0.9132656827569008">
        <ele>124.4</ele>
      </trkpt>
      <trkpt lat="51.225329926237464" lon="0.9135199896991253">
        <ele>125.24</ele>
      </trkpt>
      <trkpt lat="51.22532498091459" lon="0.9138759691268206">
        <ele>126.1</ele>
      </trkpt>
      <trkpt lat="51.22531995177269" lon="0.9142299368977547">
        <ele>126.92</ele>
      </trkpt>
      <trkpt lat="51.22537510469556" lon="0.9145057015120983">
        <ele>127.71</ele>
      </trkpt>
      <trkpt lat="51.2254299223423" lon="0.9147799573838711">
        <ele>128.46</ele>
      </trkpt>
      <trkpt lat="51.2254299223423" lon="0.9150299895554781">
        <ele>129.18</ele>
      </trkpt>
      <trkpt lat="51.225499995052814" lon="0.9155099373310804">
        <ele>129.88</ele>
      </trkpt>
      <trkpt lat="51.22555992566049" lon="0.9157999511808157">
        <ele>130.47</ele>
      </trkpt>
      <trkpt lat="51.2255699839443" lon="0.9160607121884823">
        <ele>131.0</ele>
      </trkpt>
      <trkpt lat="51.22557995840907" lon="0.916319964453578">
        <ele>131.49</ele>
      </trkpt>
      <trkpt lat="51.22553997673094" lon="0.9166699927300215">
        <ele>131.93</ele>
      </trkpt>
      <trkpt lat="51.22544995509088" lon="0.9169099666178226">
        <ele>132.3</ele>
      </trkpt>
      <trkpt lat="51.225376445800066" lon="0.9172775968909264">
        <ele>132.52</ele>
      </trkpt>
      <trkpt lat="51.22530293650925" lon="0.9176452271640301">
        <ele>132.62</ele>
      </trkpt>
      <trkpt lat="51.22522993013263" lon="0.9180099237710238">
        <ele>132.64</ele>
      </trkpt>
      <trkpt lat="51.22509992681444" lon="0.918299937620759">
        <ele>132.61</ele>
      </trkpt>
      <trkpt lat="51.22492960654199" lon="0.9186355490237474">
        <ele>132.57</ele>
      </trkpt>
      <trkpt lat="51.2247599568218" lon="0.9189699869602919">
        <ele>132.54</ele>
      </trkpt>
      <trkpt lat="51.22467974200845" lon="0.9192055184394121">
        <ele>132.43</ele>
      </trkpt>
      <trkpt lat="51.224599946290255" lon="0.9194399602711201">
        <ele>132.27</ele>
      </trkpt>
      <trkpt lat="51.2244748044759" lon="0.919630229473114">
        <ele>132.08</ele>
      </trkpt>
      <trkpt lat="51.22434999793768" lon="0.9198199957609177">
        <ele>131.89</ele>
      </trkpt>
      <trkpt lat="51.22417992912233" lon="0.9202399291098118">
        <ele>131.81</ele>
      </trkpt>
      <trkpt lat="51.22409996576607" lon="0.9206199645996094">
        <ele>131.72</ele>
      </trkpt>
      <trkpt lat="51.224109940230846" lon="0.920959934592247">
        <ele>131.67</ele>
      </trkpt>
      <trkpt lat="51.22407993301749" lon="0.9211199451237917">
        <ele>131.55</ele>
      </trkpt>
      <trkpt lat="51.223999969661236" lon="0.9213599190115929">
        <ele>131.4</ele>
      </trkpt>
      <trkpt lat="51.22390969656408" lon="0.9217559639364481">
        <ele>131.15</ele>
      </trkpt>
      <trkpt lat="51.22381992638111" lon="0.9221499972045422">
        <ele>130.91</ele>
      </trkpt>
      <trkpt lat="51.22375479899347" lon="0.9225359838455915">
        <ele>130.83</ele>
      </trkpt>
      <trkpt lat="51.22368992306292" lon="0.9229199588298798">
        <ele>131.06</ele>
      </trkpt>
      <trkpt lat="51.223609959706664" lon="0.9232799615710974">
        <ele>131.25</ele>
      </trkpt>
      <trkpt lat="51.22349722310901" lon="0.923665864393115">
        <ele>131.41</ele>
      </trkpt>
      <trkpt lat="51.22338498942554" lon="0.924049923196435">
        <ele>131.55</ele>
      </trkpt>
      <trkpt lat="51.22327216900885" lon="0.9244359098374844">
        <ele>131.73</ele>
      </trkpt>
      <trkpt lat="51.223159935325384" lon="0.9248199686408043">
        <ele>131.86</ele>
      </trkpt>
      <trkpt lat="51.22307972051203" lon="0.9251608606427908">
        <ele>131.89</ele>
      </trkpt>
      <trkpt lat="51.22299992479384" lon="0.9254999924451113">
        <ele>131.86</ele>
      </trkpt>
      <trkpt lat="51.22292482294142" lon="0.9257355239242315">
        <ele>131.87</ele>
      </trkpt>
      <trkpt lat="51.2228499725461" lon="0.9259699657559395">
        <ele>131.87</ele>
      </trkpt>
      <trkpt lat="51.22277478687465" lon="0.9263007994741201">
        <ele>131.85</ele>
      </trkpt>
      <trkpt lat="51.22269993647933" lon="0.9266299568116665">
        <ele>131.91</ele>
      </trkpt>
      <trkpt lat="51.22259977273643" lon="0.9268253389745951">
        <ele>131.99</ele>
      </trkpt>
      <trkpt lat="51.22249994426966" lon="0.9270199667662382">
        <ele>132.07</ele>
      </trkpt>
      <trkpt lat="51.2224199809134" lon="0.9273499622941017">
        <ele>132.1</ele>
      </trkpt>
      <trkpt lat="51.222354769706726" lon="0.9277510363608599">
        <ele>132.17</ele>
      </trkpt>
      <trkpt lat="51.22228997759521" lon="0.9281499311327934">
        <ele>132.28</ele>
      </trkpt>
      <trkpt lat="51.22218973003328" lon="0.9284807648509741">
        <ele>132.41</ele>
      </trkpt>
      <trkpt lat="51.22208998538554" lon="0.9288099221885204">
        <ele>132.4</ele>
      </trkpt>
      <trkpt lat="51.222009770572186" lon="0.9291508141905069">
        <ele>132.36</ele>
      </trkpt>
      <trkpt lat="51.22192997485399" lon="0.9294899459928274">
        <ele>132.28</ele>
      </trkpt>
      <trkpt lat="51.221869960427284" lon="0.9295899420976639">
        <ele>132.48</ele>
      </trkpt>
      <trkpt lat="51.22190994210541" lon="0.9298299998044968">
        <ele>132.73</ele>
      </trkpt>
      <trkpt lat="51.221849927678704" lon="0.9300399664789438">
        <ele>133.18</ele>
      </trkpt>
      <trkpt lat="51.221759989857674" lon="0.9304999653249979">
        <ele>133.99</ele>
      </trkpt>
      <trkpt lat="51.22170994989574" lon="0.930939931422472">
        <ele>134.86</ele>
      </trkpt>
      <trkpt lat="51.22165999375284" lon="0.9311299491673708">
        <ele>135.54</ele>
      </trkpt>
      <trkpt lat="51.22152470983565" lon="0.9314155206084251">
        <ele>136.27</ele>
      </trkpt>
      <trkpt lat="51.22138992883265" lon="0.9316999185830355">
        <ele>136.85</ele>
      </trkpt>
      <trkpt lat="51.22133997268975" lon="0.9321699757128954">
        <ele>137.43</ele>
      </trkpt>
      <trkpt lat="51.221249951049685" lon="0.9324699640274048">
        <ele>137.9</ele>
      </trkpt>
      <trkpt lat="51.221249951049685" lon="0.9326799307018518">
        <ele>138.34</ele>
      </trkpt>
      <trkpt lat="51.22134994715452" lon="0.9328099340200424">
        <ele>138.8</ele>
      </trkpt>
      <trkpt lat="51.2216099537909" lon="0.9330399334430695">
        <ele>139.24</ele>
      </trkpt>
      <trkpt lat="51.221829978749156" lon="0.9332099184393883">
        <ele>139.64</ele>
      </trkpt>
      <trkpt lat="51.22187993489206" lon="0.9332799911499023">
        <ele>139.95</ele>
      </trkpt>
      <trkpt lat="51.22209995985031" lon="0.933419968932867">
        <ele>140.18</ele>
      </trkpt>
      <trkpt lat="51.22223507612944" lon="0.9335500560700893">
        <ele>140.37</ele>
      </trkpt>
      <trkpt lat="51.22236994095147" lon="0.9336799755692482">
        <ele>140.51</ele>
      </trkpt>
      <trkpt lat="51.22258510440588" lon="0.9338325262069702">
        <ele>140.61</ele>
      </trkpt>
      <trkpt lat="51.22279993258417" lon="0.9339849930256605">
        <ele>140.69</ele>
      </trkpt>
      <trkpt lat="51.22301509603858" lon="0.9341375436633825">
        <ele>140.76</ele>
      </trkpt>
      <trkpt lat="51.22322992421687" lon="0.9342899266630411">
        <ele>140.82</ele>
      </trkpt>
      <trkpt lat="51.22331994585693" lon="0.9343399666249752">
        <ele>140.82</ele>
      </trkpt>
      <trkpt lat="51.223455062136054" lon="0.9344700537621975">
        <ele>140.77</ele>
      </trkpt>
      <trkpt lat="51.223589926958084" lon="0.9345999732613564">
        <ele>140.67</ele>
      </trkpt>
      <trkpt lat="51.22380676679313" lon="0.9347801003605127">
        <ele>140.49</ele>
      </trkpt>
      <trkpt lat="51.22402360662818" lon="0.9349602274596691">
        <ele>140.31</ele>
      </trkpt>
      <trkpt lat="51.22423994354904" lon="0.9351399354636669">
        <ele>140.11</ele>
      </trkpt>
      <trkpt lat="51.22446524910629" lon="0.9354053065180779">
        <ele>139.84</ele>
      </trkpt>
      <trkpt lat="51.22468996793032" lon="0.9356699232012033">
        <ele>139.45</ele>
      </trkpt>
      <trkpt lat="51.224859952926636" lon="0.9359799697995186">
        <ele>138.96</ele>
      </trkpt>
      <trkpt lat="51.22495014220476" lon="0.9362004138529301">
        <ele>138.44</ele>
      </trkpt>
      <trkpt lat="51.22503999620676" lon="0.9364199358969927">
        <ele>137.89</ele>
      </trkpt>
      <trkpt lat="51.225175112485886" lon="0.9365851432085037">
        <ele>137.32</ele>
      </trkpt>
      <trkpt lat="51.225309977307916" lon="0.9367499314248562">
        <ele>136.65</ele>
      </trkpt>
      <trkpt lat="51.22547007165849" lon="0.9368800185620785">
        <ele>135.93</ele>
      </trkpt>
      <trkpt lat="51.225629998371005" lon="0.9370099380612373">
        <ele>135.23</ele>
      </trkpt>
      <trkpt lat="51.225909953936934" lon="0.9370999597012997">
        <ele>134.54</ele>
      </trkpt>
      <trkpt lat="51.22614758089185" lon="0.9371975250542164">
        <ele>133.88</ele>
      </trkpt>
      <trkpt lat="51.226384956389666" lon="0.9372949227690697">
        <ele>133.24</ele>
      </trkpt>
      <trkpt lat="51.22662258334458" lon="0.9373924881219864">
        <ele>132.56</ele>
      </trkpt>
      <trkpt lat="51.2268599588424" lon="0.9374899696558714">
        <ele>132.05</ele>
      </trkpt>
      <trkpt lat="51.227150056511164" lon="0.9375850204378366">
        <ele>131.51</ele>
      </trkpt>
      <trkpt lat="51.22743998654187" lon="0.9376799874007702">
        <ele>130.97</ele>
      </trkpt>
      <trkpt lat="51.22768498957157" lon="0.9377349726855755">
        <ele>130.49</ele>
      </trkpt>
      <trkpt lat="51.227929992601275" lon="0.9377899579703808">
        <ele>130.1</ele>
      </trkpt>
      <trkpt lat="51.22812679968774" lon="0.937960110604763">
        <ele>129.74</ele>
      </trkpt>
      <trkpt lat="51.22832360677421" lon="0.9381302632391453">
        <ele>129.42</ele>
      </trkpt>
      <trkpt lat="51.22851999476552" lon="0.938299996778369">
        <ele>129.16</ele>
      </trkpt>
      <trkpt lat="51.22873993590474" lon="0.9385399706661701">
        <ele>128.94</ele>
      </trkpt>
      <trkpt lat="51.228865161538124" lon="0.938750272616744">
        <ele>128.81</ele>
      </trkpt>
      <trkpt lat="51.22898996807635" lon="0.938959987834096">
        <ele>128.74</ele>
      </trkpt>
      <trkpt lat="51.229109996929765" lon="0.9392499178647995">
        <ele>128.67</ele>
      </trkpt>
      <trkpt lat="51.229258608072996" lon="0.9396608825773001">
        <ele>128.63</ele>
      </trkpt>
      <trkpt lat="51.22940730303526" lon="0.9400717634707689">
        <ele>128.64</ele>
      </trkpt>
      <trkpt lat="51.22955499216914" lon="0.9404799621552229">
        <ele>128.57</ele>
      </trkpt>
      <trkpt lat="51.22970360331237" lon="0.9408908430486917">
        <ele>128.43</ele>
      </trkpt>
      <trkpt lat="51.229852298274636" lon="0.9413018077611923">
        <ele>128.25</ele>
      </trkpt>
      <trkpt lat="51.22999998740852" lon="0.9417099226266146">
        <ele>128.04</ele>
      </trkpt>
      <trkpt lat="51.230079950764775" lon="0.9419899620115757">
        <ele>127.84</ele>
      </trkpt>
      <trkpt lat="51.230195201933384" lon="0.9422705043107271">
        <ele>127.63</ele>
      </trkpt>
      <trkpt lat="51.2303099501878" lon="0.9425499569624662">
        <ele>127.32</ele>
      </trkpt>
      <trkpt lat="51.23041992075741" lon="0.9428599197417498">
        <ele>126.9</ele>
      </trkpt>
      <trkpt lat="51.23053525574505" lon="0.9433060884475708">
        <ele>126.42</ele>
      </trkpt>
      <trkpt lat="51.23064992018044" lon="0.9437499940395355">
        <ele>125.93</ele>
      </trkpt>
      <trkpt lat="51.23062485828996" lon="0.9440257586538792">
        <ele>125.25</ele>
      </trkpt>
      <trkpt lat="51.23059996403754" lon="0.9442999307066202">
        <ele>124.38</ele>
      </trkpt>
      <trkpt lat="51.230529975146055" lon="0.9447499550879002">
        <ele>123.38</ele>
      </trkpt>
      <trkpt lat="51.2304999679327" lon="0.9451199322938919">
        <ele>122.19</ele>
      </trkpt>
      <trkpt lat="51.230529975146055" lon="0.945399971678853">
        <ele>120.95</ele>
      </trkpt>
      <trkpt lat="51.230659978464246" lon="0.9457099344581366">
        <ele>119.56</ele>
      </trkpt>
      <trkpt lat="51.230809930711985" lon="0.9458999522030354">
        <ele>118.03</ele>
      </trkpt>
      <trkpt lat="51.23100531287491" lon="0.9462305344641209">
        <ele>116.31</ele>
      </trkpt>
      <trkpt lat="51.231199940666556" lon="0.9465599432587624">
        <ele>114.29</ele>
      </trkpt>
      <trkpt lat="51.23118996620178" lon="0.9466499648988247">
        <ele>112.15</ele>
      </trkpt>
      <trkpt lat="51.231018556281924" lon="0.9470362868160009">
        <ele>109.69</ele>
      </trkpt>
      <trkpt lat="51.230847062543035" lon="0.9474226087331772">
        <ele>106.98</ele>
      </trkpt>
      <trkpt lat="51.23067665845156" lon="0.9478066675364971">
        <ele>104.23</ele>
      </trkpt>
      <trkpt lat="51.23050516471267" lon="0.9481929894536734">
        <ele>101.4</ele>
      </trkpt>
      <trkpt lat="51.23033367097378" lon="0.9485793113708496">
        <ele>98.31</ele>
      </trkpt>
      <trkpt lat="51.2301632668823" lon="0.9489633701741695">
        <ele>95.31</ele>
      </trkpt>
      <trkpt lat="51.22999185696244" lon="0.9493496920913458">
        <ele>92.29</ele>
      </trkpt>
      <trkpt lat="51.22982036322355" lon="0.9497359301894903">
        <ele>89.35</ele>
      </trkpt>
      <trkpt lat="51.229649959132075" lon="0.9501199889928102">
        <ele>86.51</ele>
      </trkpt>
      <trkpt lat="51.22955474071205" lon="0.9504256770014763">
        <ele>83.86</ele>
      </trkpt>
      <trkpt lat="51.22945994138718" lon="0.9507299400866032">
        <ele>81.32</ele>
      </trkpt>
      <trkpt lat="51.22940478846431" lon="0.950995646417141">
        <ele>78.93</ele>
      </trkpt>
      <trkpt lat="51.229349970817566" lon="0.9512599278241396">
        <ele>76.63</ele>
      </trkpt>
      <trkpt lat="51.22928475961089" lon="0.9516911767423153">
        <ele>74.41</ele>
      </trkpt>
      <trkpt lat="51.229219967499375" lon="0.9521199949085712">
        <ele>72.43</ele>
      </trkpt>
      <trkpt lat="51.22916481457651" lon="0.9525461308658123">
        <ele>70.7</ele>
      </trkpt>
      <trkpt lat="51.229109996929765" lon="0.9529699198901653">
        <ele>69.16</ele>
      </trkpt>
      <trkpt lat="51.229054844006896" lon="0.9533961396664381">
        <ele>67.83</ele>
      </trkpt>
      <trkpt lat="51.22899994254112" lon="0.9538199286907911">
        <ele>66.66</ele>
      </trkpt>
      <trkpt lat="51.22898996807635" lon="0.9539099503308535">
        <ele>65.72</ele>
      </trkpt>
      <trkpt lat="51.2290099170059" lon="0.9539799392223358">
        <ele>64.99</ele>
      </trkpt>
      <trkpt lat="51.22903992421925" lon="0.9540299791842699">
        <ele>64.41</ele>
      </trkpt>
      <trkpt lat="51.229259949177504" lon="0.9541399497538805">
        <ele>64.06</ele>
      </trkpt>
      <trkpt lat="51.22946446761489" lon="0.9542299713939428">
        <ele>63.81</ele>
      </trkpt>
      <trkpt lat="51.229668986052275" lon="0.9543199930340052">
        <ele>63.66</ele>
      </trkpt>
      <trkpt lat="51.229873253032565" lon="0.9544099308550358">
        <ele>63.58</ele>
      </trkpt>
      <trkpt lat="51.23007777146995" lon="0.9545000363141298">
        <ele>63.52</ele>
      </trkpt>
      <trkpt lat="51.23028237372637" lon="0.9545900579541922">
        <ele>63.51</ele>
      </trkpt>
      <trkpt lat="51.23048664070666" lon="0.9546799957752228">
        <ele>63.57</ele>
      </trkpt>
      <trkpt lat="51.230691159144044" lon="0.9547700174152851">
        <ele>63.63</ele>
      </trkpt>
      <trkpt lat="51.23089567758143" lon="0.9548600390553474">
        <ele>63.58</ele>
      </trkpt>
      <trkpt lat="51.23109994456172" lon="0.9549499768763781">
        <ele>63.4</ele>
      </trkpt>
      <trkpt lat="51.231255093589425" lon="0.9550750348716974">
        <ele>63.16</ele>
      </trkpt>
      <trkpt lat="51.231409991160035" lon="0.9551999252289534">
        <ele>62.89</ele>
      </trkpt>
      <trkpt lat="51.231669997796416" lon="0.9554699901491404">
        <ele>62.5</ele>
      </trkpt>
      <trkpt lat="51.23184995725751" lon="0.9557599201798439">
        <ele>62.05</ele>
      </trkpt>
      <trkpt lat="51.23203025199473" lon="0.9561106190085411">
        <ele>61.57</ele>
      </trkpt>
      <trkpt lat="51.23220995999873" lon="0.9564599767327309">
        <ele>61.02</ele>
      </trkpt>
      <trkpt lat="51.23230995610356" lon="0.9567799977958202">
        <ele>60.45</ele>
      </trkpt>
      <trkpt lat="51.23236510902643" lon="0.9570406749844551">
        <ele>59.92</ele>
      </trkpt>
      <trkpt lat="51.232419926673174" lon="0.9572999272495508">
        <ele>59.35</ele>
      </trkpt>
      <trkpt lat="51.23246996663511" lon="0.9576399810612202">
        <ele>58.75</ele>
      </trkpt>
      <trkpt lat="51.23255018144846" lon="0.9579206071794033">
        <ele>58.08</ele>
      </trkpt>
      <trkpt lat="51.23262997716665" lon="0.9581999760121107">
        <ele>57.36</ele>
      </trkpt>
      <trkpt lat="51.23272997327149" lon="0.9584199171513319">
        <ele>56.55</ele>
      </trkpt>
      <trkpt lat="51.23292996548116" lon="0.9587099310010672">
        <ele>55.65</ele>
      </trkpt>
      <trkpt lat="51.233116798102856" lon="0.9588667564094067">
        <ele>54.92</ele>
      </trkpt>
      <trkpt lat="51.23330363072455" lon="0.9590235818177462">
        <ele>54.2</ele>
      </trkpt>
      <trkpt lat="51.23348996043205" lon="0.9591799881309271">
        <ele>53.41</ele>
      </trkpt>
      <trkpt lat="51.23358995653689" lon="0.9593099914491177">
        <ele>52.55</ele>
      </trkpt>
      <trkpt lat="51.233689952641726" lon="0.9594899509102106">
        <ele>51.64</ele>
      </trkpt>
      <trkpt lat="51.233865302056074" lon="0.9599008318036795">
        <ele>50.65</ele>
      </trkpt>
      <trkpt lat="51.23403998091817" lon="0.9603099524974823">
        <ele>49.5</ele>
      </trkpt>
      <trkpt lat="51.23421994037926" lon="0.9606499224901199">
        <ele>48.42</ele>
      </trkpt>
      <trkpt lat="51.23438514769077" lon="0.960835162550211">
        <ele>47.39</ele>
      </trkpt>
      <trkpt lat="51.234549935907125" lon="0.9610199835151434">
        <ele>46.36</ele>
      </trkpt>
      <trkpt lat="51.23479996807873" lon="0.9612199757248163">
        <ele>45.26</ele>
      </trkpt>
      <trkpt lat="51.23506014235318" lon="0.9614001028239727">
        <ele>44.05</ele>
      </trkpt>
      <trkpt lat="51.23532031662762" lon="0.9615802299231291">
        <ele>42.89</ele>
      </trkpt>
      <trkpt lat="51.235579987987876" lon="0.9617599379271269">
        <ele>41.78</ele>
      </trkpt>
      <trkpt lat="51.23577503487468" lon="0.961865046992898">
        <ele>40.64</ele>
      </trkpt>
      <trkpt lat="51.23596999794245" lon="0.9619699884206057">
        <ele>39.51</ele>
      </trkpt>
      <trkpt lat="51.2362399790436" lon="0.9620699845254421">
        <ele>38.29</ele>
      </trkpt>
      <trkpt lat="51.23651004396379" lon="0.9620999917387962">
        <ele>37.06</ele>
      </trkpt>
      <trkpt lat="51.23677994124591" lon="0.9621299989521503">
        <ele>35.9</ele>
      </trkpt>
      <trkpt lat="51.23701002448797" lon="0.9620849043130875">
        <ele>34.83</ele>
      </trkpt>
      <trkpt lat="51.23723994009197" lon="0.962039977312088">
        <ele>33.78</ele>
      </trkpt>
      <trkpt lat="51.237470023334026" lon="0.9619949664920568">
        <ele>32.73</ele>
      </trkpt>
      <trkpt lat="51.23769993893802" lon="0.9619499556720257">
        <ele>31.73</ele>
      </trkpt>
      <trkpt lat="51.23782994225621" lon="0.9619399812072515">
        <ele>30.79</ele>
      </trkpt>
      <trkpt lat="51.23794997110963" lon="0.9620099700987339">
        <ele>29.91</ele>
      </trkpt>
      <trkpt lat="51.238155998289585" lon="0.9622535482048988">
        <ele>29.01</ele>
      </trkpt>
      <trkpt lat="51.23836210928857" lon="0.9624972101300955">
        <ele>28.18</ele>
      </trkpt>
      <trkpt lat="51.238567465916276" lon="0.9627399500459433">
        <ele>27.45</ele>
      </trkpt>
      <trkpt lat="51.23877349309623" lon="0.9629836119711399">
        <ele>26.8</ele>
      </trkpt>
      <trkpt lat="51.23897960409522" lon="0.9632271900773048">
        <ele>26.38</ele>
      </trkpt>
      <trkpt lat="51.23918496072292" lon="0.9634699299931526">
        <ele>26.09</ele>
      </trkpt>
      <trkpt lat="51.23939107172191" lon="0.9637135919183493">
        <ele>25.82</ele>
      </trkpt>
      <trkpt lat="51.23959709890187" lon="0.9639571700245142">
        <ele>25.62</ele>
      </trkpt>
      <trkpt lat="51.23980245552957" lon="0.9641999937593937">
        <ele>25.53</ele>
      </trkpt>
      <trkpt lat="51.24000856652856" lon="0.9644435718655586">
        <ele>25.62</ele>
      </trkpt>
      <trkpt lat="51.240214593708515" lon="0.9646872337907553">
        <ele>25.89</ele>
      </trkpt>
      <trkpt lat="51.24041995033622" lon="0.964929973706603">
        <ele>26.2</ele>
      </trkpt>
      <trkpt lat="51.240519946441054" lon="0.9649999625980854">
        <ele>26.6</ele>
      </trkpt>
      <trkpt lat="51.24070996418595" lon="0.9649999625980854">
        <ele>27.11</ele>
      </trkpt>
      <trkpt lat="51.24089998193085" lon="0.9649999625980854">
        <ele>27.64</ele>
      </trkpt>
      <trkpt lat="51.241140039637685" lon="0.9649599809199572">
        <ele>28.25</ele>
      </trkpt>
      <trkpt lat="51.241379929706454" lon="0.9649199992418289">
        <ele>28.92</ele>
      </trkpt>
      <trkpt lat="51.2414899840951" lon="0.9648399520665407">
        <ele>29.72</ele>
      </trkpt>
      <trkpt lat="51.241639936342835" lon="0.9647699631750584">
        <ele>30.64</ele>
      </trkpt>
      <trkpt lat="51.24180682003498" lon="0.9645396284759045">
        <ele>31.67</ele>
      </trkpt>
      <trkpt lat="51.24197378754616" lon="0.9643092937767506">
        <ele>32.72</ele>
      </trkpt>
      <trkpt lat="51.24213991686702" lon="0.9640799649059772">
        <ele>33.82</ele>
      </trkpt>
      <trkpt lat="51.24230017885566" lon="0.9638896957039833">
        <ele>35.0</ele>
      </trkpt>
      <trkpt lat="51.24245993793011" lon="0.9636999294161797">
        <ele>36.25</ele>
      </trkpt>
      <trkpt lat="51.2425999995321" lon="0.9635099954903126">
        <ele>37.45</ele>
      </trkpt>
      <trkpt lat="51.24274995177984" lon="0.963339926674962">
        <ele>38.64</ele>
      </trkpt>
      <trkpt lat="51.24280996620655" lon="0.9633199777454138">
        <ele>39.74</ele>
      </trkpt>
      <trkpt lat="51.24282999895513" lon="0.9632099233567715">
        <ele>40.83</ele>
      </trkpt>
      <trkpt lat="51.24298992566764" lon="0.962899960577488">
        <ele>41.89</ele>
      </trkpt>
      <trkpt lat="51.24308992177248" lon="0.9627399500459433">
        <ele>42.94</ele>
      </trkpt>
      <trkpt lat="51.243320256471634" lon="0.9624295681715012">
        <ele>43.98</ele>
      </trkpt>
      <trkpt lat="51.243549920618534" lon="0.9621199406683445">
        <ele>44.87</ele>
      </trkpt>
      <trkpt lat="51.243670200929046" lon="0.961884493008256">
        <ele>45.52</ele>
      </trkpt>
      <trkpt lat="51.24378997832537" lon="0.9616499673575163">
        <ele>45.99</ele>
      </trkpt>
      <trkpt lat="51.243965243920684" lon="0.9619554877281189">
        <ele>46.34</ele>
      </trkpt>
      <trkpt lat="51.24396733939648" lon="0.9619590919464827">
        <ele>46.51</ele>
      </trkpt>
      <trkpt lat="51.24413992278278" lon="0.9622599184513092">
        <ele>46.57</ele>
      </trkpt>
      <trkpt lat="51.244069933891296" lon="0.9624399617314339">
        <ele>46.44</ele>
      </trkpt>
      <trkpt lat="51.243939930573106" lon="0.9627499245107174">
        <ele>46.09</ele>
      </trkpt>
      <trkpt lat="51.24391998164356" lon="0.9629099350422621">
        <ele>45.65</ele>
      </trkpt>
      <trkpt lat="51.243903301656246" lon="0.9633946605026722">
        <ele>44.98</ele>
      </trkpt>
      <trkpt lat="51.243886621668935" lon="0.9638766199350357">
        <ele>44.2</ele>
      </trkpt>
      <trkpt lat="51.24386994168162" lon="0.9643613453954458">
        <ele>43.28</ele>
      </trkpt>
      <trkpt lat="51.24385326169431" lon="0.9648432210087776">
        <ele>42.29</ele>
      </trkpt>
      <trkpt lat="51.243836581707" lon="0.9653280302882195">
        <ele>41.27</ele>
      </trkpt>
      <trkpt lat="51.24381998553872" lon="0.965809989720583">
        <ele>40.29</ele>
      </trkpt>
      <trkpt lat="51.24391998164356" lon="0.9662799630314112">
        <ele>39.25</ele>
      </trkpt>
      <trkpt lat="51.2439901381731" lon="0.9665356110781431">
        <ele>38.24</ele>
      </trkpt>
      <trkpt lat="51.24405995942652" lon="0.9667899180203676">
        <ele>37.19</ele>
      </trkpt>
      <trkpt lat="51.24416523613036" lon="0.9672260284423828">
        <ele>36.13</ele>
      </trkpt>
      <trkpt lat="51.24426992610097" lon="0.9676599595695734">
        <ele>34.97</ele>
      </trkpt>
      <trkpt lat="51.24430999159813" lon="0.967999929562211">
        <ele>33.85</ele>
      </trkpt>
      <trkpt lat="51.244316613301635" lon="0.9684244729578495">
        <ele>32.76</ele>
      </trkpt>
      <trkpt lat="51.24432331882417" lon="0.9688491001725197">
        <ele>31.63</ele>
      </trkpt>
      <trkpt lat="51.24432994052768" lon="0.9692699555307627">
        <ele>30.6</ele>
      </trkpt>
      <trkpt lat="51.24432994052768" lon="0.9692899882793427">
        <ele>29.68</ele>
      </trkpt>
      <trkpt lat="51.24433161690831" lon="0.969662731513381">
        <ele>28.81</ele>
      </trkpt>
      <trkpt lat="51.244333293288946" lon="0.9700353909283876">
        <ele>27.99</ele>
      </trkpt>
      <trkpt lat="51.24433496966958" lon="0.9704049490392208">
        <ele>27.23</ele>
      </trkpt>
      <trkpt lat="51.244336646050215" lon="0.9707776922732592">
        <ele>26.57</ele>
      </trkpt>
      <trkpt lat="51.24433832243085" lon="0.9711504355072975">
        <ele>25.91</ele>
      </trkpt>
      <trkpt lat="51.24433999881148" lon="0.9715199936181307">
        <ele>25.31</ele>
      </trkpt>
      <trkpt lat="51.24430999159813" lon="0.9717399347573519">
        <ele>24.8</ele>
      </trkpt>
      <trkpt lat="51.24419993720949" lon="0.9718999452888966">
        <ele>24.28</ele>
      </trkpt>
      <trkpt lat="51.24398645013571" lon="0.9720467124134302">
        <ele>23.79</ele>
      </trkpt>
      <trkpt lat="51.24377304688096" lon="0.9721934795379639">
        <ele>23.35</ele>
      </trkpt>
      <trkpt lat="51.24355997890234" lon="0.9723399952054024">
        <ele>22.95</ele>
      </trkpt>
      <trkpt lat="51.24334992840886" lon="0.9725599363446236">
        <ele>22.62</ele>
      </trkpt>
      <trkpt lat="51.24332997947931" lon="0.9725299291312695">
        <ele>22.4</ele>
      </trkpt>
      <trkpt lat="51.24318975023925" lon="0.9727051947265863">
        <ele>22.22</ele>
      </trkpt>
      <trkpt lat="51.24304994009435" lon="0.9728799574077129">
        <ele>22.12</ele>
      </trkpt>
      <trkpt lat="51.24297995120287" lon="0.9730199351906776">
        <ele>22.07</ele>
      </trkpt>
      <trkpt lat="51.24288473278284" lon="0.9733507689088583">
        <ele>22.06</ele>
      </trkpt>
      <trkpt lat="51.24278993345797" lon="0.9736799262464046">
        <ele>22.23</ele>
      </trkpt>
      <trkpt lat="51.242669988423586" lon="0.9740699362009764">
        <ele>22.5</ele>
      </trkpt>
      <trkpt lat="51.242559934034944" lon="0.9743399173021317">
        <ele>22.72</ele>
      </trkpt>
      <trkpt lat="51.24241995625198" lon="0.9745399933308363">
        <ele>22.91</ele>
      </trkpt>
      <trkpt lat="51.24232993461192" lon="0.9746399894356728">
        <ele>23.14</ele>
      </trkpt>
      <trkpt lat="51.24217998236418" lon="0.9746999200433493">
        <ele>23.41</ele>
      </trkpt>
      <trkpt lat="51.24203992076218" lon="0.9747099783271551">
        <ele>23.73</ele>
      </trkpt>
      <trkpt lat="51.241959957405925" lon="0.974679971113801">
        <ele>24.14</ele>
      </trkpt>
      <trkpt lat="51.24166994355619" lon="0.9745299350470304">
        <ele>24.52</ele>
      </trkpt>
      <trkpt lat="51.24160992912948" lon="0.9745199605822563">
        <ele>25.02</ele>
      </trkpt>
      <trkpt lat="51.24149995855987" lon="0.9744099900126457">
        <ele>25.61</ele>
      </trkpt>
      <trkpt lat="51.24140993691981" lon="0.9742599539458752">
        <ele>26.3</ele>
      </trkpt>
      <trkpt lat="51.2413499224931" lon="0.9742199722677469">
        <ele>27.03</ele>
      </trkpt>
      <trkpt lat="51.24130994081497" lon="0.9742299467325211">
        <ele>27.84</ele>
      </trkpt>
      <trkpt lat="51.241209944710135" lon="0.9743599500507116">
        <ele>28.8</ele>
      </trkpt>
      <trkpt lat="51.24115998856723" lon="0.9744899533689022">
        <ele>29.79</ele>
      </trkpt>
      <trkpt lat="51.24114993028343" lon="0.9748499561101198">
        <ele>30.84</ele>
      </trkpt>
      <trkpt lat="51.241165017709136" lon="0.9752460848540068">
        <ele>32.05</ele>
      </trkpt>
      <trkpt lat="51.24117993749678" lon="0.9756399504840374">
        <ele>33.28</ele>
      </trkpt>
      <trkpt lat="51.24114993028343" lon="0.9759599715471268">
        <ele>34.5</ele>
      </trkpt>
      <trkpt lat="51.24103995971382" lon="0.9762399271130562">
        <ele>35.74</ele>
      </trkpt>
      <trkpt lat="51.24092973768711" lon="0.9766041208058596">
        <ele>37.02</ele>
      </trkpt>
      <trkpt lat="51.24081943184137" lon="0.9769683983176947">
        <ele>38.35</ele>
      </trkpt>
      <trkpt lat="51.24070996418595" lon="0.9773299936205149">
        <ele>39.64</ele>
      </trkpt>
      <trkpt lat="51.240649949759245" lon="0.9774799458682537">
        <ele>40.85</ele>
      </trkpt>
      <trkpt lat="51.24056998640299" lon="0.9775899164378643">
        <ele>42.09</ele>
      </trkpt>
      <trkpt lat="51.240379801020026" lon="0.9777600690722466">
        <ele>43.31</ele>
      </trkpt>
      <trkpt lat="51.24018995091319" lon="0.9779299702495337">
        <ele>44.47</ele>
      </trkpt>
      <trkpt lat="51.24000479467213" lon="0.9780650865286589">
        <ele>45.58</ele>
      </trkpt>
      <trkpt lat="51.2398199737072" lon="0.9781999513506889">
        <ele>46.64</ele>
      </trkpt>
      <trkpt lat="51.23960992321372" lon="0.978429950773716">
        <ele>47.62</ele>
      </trkpt>
      <trkpt lat="51.23955996707082" lon="0.9784199763089418">
        <ele>48.47</ele>
      </trkpt>
      <trkpt lat="51.23955996707082" lon="0.9785699285566807">
        <ele>49.12</ele>
      </trkpt>
      <trkpt lat="51.23949995264411" lon="0.9786899574100971">
        <ele>49.79</ele>
      </trkpt>
      <trkpt lat="51.23931488022208" lon="0.9788050409406424">
        <ele>50.5</ele>
      </trkpt>
      <trkpt lat="51.23912997543812" lon="0.9789199568331242">
        <ele>51.06</ele>
      </trkpt>
      <trkpt lat="51.239039953798056" lon="0.9790199529379606">
        <ele>51.53</ele>
      </trkpt>
      <trkpt lat="51.23899997211993" lon="0.9792299196124077">
        <ele>51.87</ele>
      </trkpt>
      <trkpt lat="51.23902997933328" lon="0.9793999884277582">
        <ele>52.18</ele>
      </trkpt>
      <trkpt lat="51.239108517766" lon="0.9797424729913473">
        <ele>52.39</ele>
      </trkpt>
      <trkpt lat="51.239187056198716" lon="0.9800850413739681">
        <ele>52.72</ele>
      </trkpt>
      <trkpt lat="51.23926492407918" lon="0.980424927547574">
        <ele>53.18</ele>
      </trkpt>
      <trkpt lat="51.2393434625119" lon="0.9807674959301949">
        <ele>53.73</ele>
      </trkpt>
      <trkpt lat="51.239422000944614" lon="0.9811100643128157">
        <ele>54.3</ele>
      </trkpt>
      <trkpt lat="51.23949995264411" lon="0.9814499504864216">
        <ele>54.84</ele>
      </trkpt>
      <trkpt lat="51.239613527432084" lon="0.9818040858954191">
        <ele>55.36</ele>
      </trkpt>
      <trkpt lat="51.23972718603909" lon="0.9821583051234484">
        <ele>55.92</ele>
      </trkpt>
      <trkpt lat="51.23983992263675" lon="0.9825099259614944">
        <ele>56.53</ele>
      </trkpt>
      <trkpt lat="51.239919969812036" lon="0.9828199725598097">
        <ele>57.1</ele>
      </trkpt>
      <trkpt lat="51.23990999534726" lon="0.9830199647694826">
        <ele>57.74</ele>
      </trkpt>
      <trkpt lat="51.2398699298501" lon="0.9831599425524473">
        <ele>58.41</ele>
      </trkpt>
      <trkpt lat="51.23973992653191" lon="0.983299920335412">
        <ele>59.09</ele>
      </trkpt>
      <trkpt lat="51.23947991989553" lon="0.9834499564021826">
        <ele>59.9</ele>
      </trkpt>
      <trkpt lat="51.23931982554495" lon="0.9835901018232107">
        <ele>60.63</ele>
      </trkpt>
      <trkpt lat="51.23915998265147" lon="0.9837299957871437">
        <ele>61.37</ele>
      </trkpt>
      <trkpt lat="51.239059986546636" lon="0.9838799480348825">
        <ele>62.0</ele>
      </trkpt>
      <trkpt lat="51.2390099465847" lon="0.9840799402445555">
        <ele>62.52</ele>
      </trkpt>
      <trkpt lat="51.239019921049476" lon="0.9843099396675825">
        <ele>62.89</ele>
      </trkpt>
      <trkpt lat="51.23908010311425" lon="0.9846759773790836">
        <ele>63.21</ele>
      </trkpt>
      <trkpt lat="51.23914028517902" lon="0.985041931271553">
        <ele>63.49</ele>
      </trkpt>
      <trkpt lat="51.2391999643296" lon="0.9854049514979124">
        <ele>63.67</ele>
      </trkpt>
      <trkpt lat="51.23926014639437" lon="0.9857709053903818">
        <ele>63.71</ele>
      </trkpt>
      <trkpt lat="51.23932024464011" lon="0.9861369431018829">
        <ele>63.65</ele>
      </trkpt>
      <trkpt lat="51.23937992379069" lon="0.9864999633282423">
        <ele>63.48</ele>
      </trkpt>
      <trkpt lat="51.23947991989553" lon="0.986869940534234">
        <ele>63.23</ele>
      </trkpt>
      <trkpt lat="51.23964998871088" lon="0.9871999360620975">
        <ele>62.86</ele>
      </trkpt>
      <trkpt lat="51.23983992263675" lon="0.9875099826604128">
        <ele>62.42</ele>
      </trkpt>
      <trkpt lat="51.24003019183874" lon="0.987735204398632">
        <ele>61.87</ele>
      </trkpt>
      <trkpt lat="51.240219958126545" lon="0.987959923222661">
        <ele>61.27</ele>
      </trkpt>
      <trkpt lat="51.24037519097328" lon="0.9881702251732349">
        <ele>60.72</ele>
      </trkpt>
      <trkpt lat="51.24052992090583" lon="0.9883799403905869">
        <ele>60.16</ele>
      </trkpt>
      <trkpt lat="51.24071675352752" lon="0.988540118560195">
        <ele>59.49</ele>
      </trkpt>
      <trkpt lat="51.240903586149216" lon="0.9887002129107714">
        <ele>58.71</ele>
      </trkpt>
      <trkpt lat="51.24108999967575" lon="0.9888599719852209">
        <ele>57.85</ele>
      </trkpt>
      <trkpt lat="51.2412550393492" lon="0.9889600519090891">
        <ele>56.96</ele>
      </trkpt>
      <trkpt lat="51.241419995203614" lon="0.9890599641948938">
        <ele>56.1</ele>
      </trkpt>
      <trkpt lat="51.241663405671716" lon="0.989193320274353">
        <ele>55.26</ele>
      </trkpt>
      <trkpt lat="51.24190689995885" lon="0.9893267601728439">
        <ele>54.38</ele>
      </trkpt>
      <trkpt lat="51.242149975150824" lon="0.9894599486142397">
        <ele>53.39</ele>
      </trkpt>
      <trkpt lat="51.242396822199225" lon="0.9896467812359333">
        <ele>52.39</ele>
      </trkpt>
      <trkpt lat="51.24264366924763" lon="0.9898335300385952">
        <ele>51.4</ele>
      </trkpt>
      <trkpt lat="51.24288992956281" lon="0.9900199435651302">
        <ele>50.48</ele>
      </trkpt>
      <trkpt lat="51.24310023151338" lon="0.9902802854776382">
        <ele>49.66</ele>
      </trkpt>
      <trkpt lat="51.24330994673073" lon="0.9905399568378925">
        <ele>48.82</ele>
      </trkpt>
      <trkpt lat="51.243390161544085" lon="0.9907905757427216">
        <ele>48.13</ele>
      </trkpt>
      <trkpt lat="51.24346995726228" lon="0.9910399373620749">
        <ele>47.46</ele>
      </trkpt>
      <trkpt lat="51.24349501915276" lon="0.9914661571383476">
        <ele>46.86</ele>
      </trkpt>
      <trkpt lat="51.24351999722421" lon="0.9918899461627007">
        <ele>46.29</ele>
      </trkpt>
      <trkpt lat="51.24359996058047" lon="0.9922999888658524">
        <ele>45.75</ele>
      </trkpt>
      <trkpt lat="51.243730299174786" lon="0.9927276335656643">
        <ele>45.2</ele>
      </trkpt>
      <trkpt lat="51.24386055395007" lon="0.9931552782654762">
        <ele>44.72</ele>
      </trkpt>
      <trkpt lat="51.24398997053504" lon="0.9935799892991781">
        <ele>44.37</ele>
      </trkpt>
      <trkpt lat="51.24405995942652" lon="0.9937499742954969">
        <ele>44.01</ele>
      </trkpt>
      <trkpt lat="51.24419993720949" lon="0.9939099848270416">
        <ele>43.68</ele>
      </trkpt>
      <trkpt lat="51.24447997659445" lon="0.9941299259662628">
        <ele>43.39</ele>
      </trkpt>
      <trkpt lat="51.24465993605554" lon="0.9943099692463875">
        <ele>43.13</ele>
      </trkpt>
      <trkpt lat="51.24478993937373" lon="0.9944799542427063">
        <ele>42.8</ele>
      </trkpt>
      <trkpt lat="51.244879961013794" lon="0.9946899209171534">
        <ele>42.5</ele>
      </trkpt>
      <trkpt lat="51.24495992437005" lon="0.9949799347668886">
        <ele>42.22</ele>
      </trkpt>
      <trkpt lat="51.2451128102839" lon="0.9953833557665348">
        <ele>41.97</ele>
      </trkpt>
      <trkpt lat="51.24526494182646" lon="0.9957849327474833">
        <ele>41.59</ele>
      </trkpt>
      <trkpt lat="51.24541782774031" lon="0.9961883537471294">
        <ele>41.14</ele>
      </trkpt>
      <trkpt lat="51.245569959282875" lon="0.9965899307280779">
        <ele>40.66</ele>
      </trkpt>
      <trkpt lat="51.24568688683212" lon="0.9969206806272268">
        <ele>40.16</ele>
      </trkpt>
      <trkpt lat="51.24580381438136" lon="0.9972514305263758">
        <ele>39.48</ele>
      </trkpt>
      <trkpt lat="51.24591998755932" lon="0.9975799173116684">
        <ele>38.72</ele>
      </trkpt>
      <trkpt lat="51.2461625598371" lon="0.9976441226899624">
        <ele>37.88</ele>
      </trkpt>
      <trkpt lat="51.24640513211489" lon="0.9977083280682564">
        <ele>37.05</ele>
      </trkpt>
      <trkpt lat="51.246647452935576" lon="0.9977724496275187">
        <ele>36.19</ele>
      </trkpt>
      <trkpt lat="51.24689002521336" lon="0.9978366550058126">
        <ele>35.3</ele>
      </trkpt>
      <trkpt lat="51.247132597491145" lon="0.9979008603841066">
        <ele>34.4</ele>
      </trkpt>
      <trkpt lat="51.247374918311834" lon="0.9979649819433689">
        <ele>33.5</ele>
      </trkpt>
      <trkpt lat="51.24761757440865" lon="0.9980291035026312">
        <ele>32.68</ele>
      </trkpt>
      <trkpt lat="51.247860146686435" lon="0.9980933088809252">
        <ele>31.86</ele>
      </trkpt>
      <trkpt lat="51.248102467507124" lon="0.9981574304401875">
        <ele>31.04</ele>
      </trkpt>
      <trkpt lat="51.24834503978491" lon="0.9982216358184814">
        <ele>30.22</ele>
      </trkpt>
      <trkpt lat="51.24858761206269" lon="0.9982858411967754">
        <ele>29.44</ele>
      </trkpt>
      <trkpt lat="51.24882993288338" lon="0.9983499627560377">
        <ele>28.75</ele>
      </trkpt>
      <trkpt lat="51.24901693314314" lon="0.9986771922558546">
        <ele>28.09</ele>
      </trkpt>
      <trkpt lat="51.249203933402896" lon="0.9990044217556715">
        <ele>27.42</ele>
      </trkpt>
      <trkpt lat="51.24938992783427" lon="0.9993299748748541">
        <ele>26.72</ele>
      </trkpt>
      <trkpt lat="51.24955186620355" lon="0.9995786659419537">
        <ele>26.09</ele>
      </trkpt>
      <trkpt lat="51.24971380457282" lon="0.9998273570090532">
        <ele>25.55</ele>
      </trkpt>
      <trkpt lat="51.24987498857081" lon="1.0000749584287405">
        <ele>25.05</ele>
      </trkpt>
      <trkpt lat="51.25003684312105" lon="1.00032364949584">
        <ele>24.63</ele>
      </trkpt>
      <trkpt lat="51.250198781490326" lon="1.0005723405629396">
        <ele>24.27</ele>
      </trkpt>
      <trkpt lat="51.250359965488315" lon="1.000819941982627">
        <ele>24.03</ele>
      </trkpt>
      <trkpt lat="51.25054528936744" lon="1.0011354368180037">
        <ele>23.82</ele>
      </trkpt>
      <trkpt lat="51.250729942694306" lon="1.0014499258249998">
        <ele>23.61</ele>
      </trkpt>
      <trkpt lat="51.250769924372435" lon="1.0014599841088057">
        <ele>23.53</ele>
      </trkpt>
      <trkpt lat="51.25086992047727" lon="1.0015699546784163">
        <ele>23.5</ele>
      </trkpt>
      <trkpt lat="51.25098994933069" lon="1.0017699468880892">
        <ele>23.58</ele>
      </trkpt>
      <trkpt lat="51.251029931008816" lon="1.001739939674735">
        <ele>23.66</ele>
      </trkpt>
      <trkpt lat="51.25124668702483" lon="1.0017432924360037">
        <ele>23.8</ele>
      </trkpt>
      <trkpt lat="51.251463359221816" lon="1.0017466451972723">
        <ele>23.99</ele>
      </trkpt>
      <trkpt lat="51.25167994759977" lon="1.001749997958541">
        <ele>24.23</ele>
      </trkpt>
      <trkpt lat="51.251896703615785" lon="1.0017532669007778">
        <ele>24.51</ele>
      </trkpt>
      <trkpt lat="51.25211337581277" lon="1.0017566196620464">
        <ele>24.79</ele>
      </trkpt>
      <trkpt lat="51.25232996419072" lon="1.001759972423315">
        <ele>25.13</ele>
      </trkpt>
      <trkpt lat="51.252546636387706" lon="1.0017633251845837">
        <ele>25.49</ele>
      </trkpt>
      <trkpt lat="51.25276339240372" lon="1.0017665941268206">
        <ele>25.82</ele>
      </trkpt>
      <trkpt lat="51.252979980781674" lon="1.0017699468880892">
        <ele>26.13</ele>
      </trkpt>
      <trkpt lat="51.25307997688651" lon="1.001969939097762">
        <ele>26.49</ele>
      </trkpt>
      <trkpt lat="51.25315994024277" lon="1.0020599607378244">
        <ele>26.79</ele>
      </trkpt>
      <trkpt lat="51.253279969096184" lon="1.002159956842661">
        <ele>27.05</ele>
      </trkpt>
      <trkpt lat="51.25331508927047" lon="1.0018390975892544">
        <ele>27.2</ele>
      </trkpt>
      <trkpt lat="51.253349957987666" lon="1.0015199985355139">
        <ele>27.28</ele>
      </trkpt>
      <trkpt lat="51.25349999405444" lon="1.0016499180346727">
        <ele>27.52</ele>
      </trkpt>
      <trkpt lat="51.25361993908882" lon="1.0017799213528633">
        <ele>27.67</ele>
      </trkpt>
      <trkpt lat="51.25380995683372" lon="1.0020399279892445">
        <ele>27.76</ele>
      </trkpt>
      <trkpt lat="51.253920178860426" lon="1.0023657325655222">
        <ele>27.81</ele>
      </trkpt>
      <trkpt lat="51.25402998179197" lon="1.0026899445801973">
        <ele>27.77</ele>
      </trkpt>
      <trkpt lat="51.25405001454055" lon="1.0030961316078901">
        <ele>27.73</ele>
      </trkpt>
      <trkpt lat="51.2540699634701" lon="1.003499971702695">
        <ele>27.65</ele>
      </trkpt>
      <trkpt lat="51.254143472760916" lon="1.003937842324376">
        <ele>27.43</ele>
      </trkpt>
      <trkpt lat="51.25421706587076" lon="1.0043756291270256">
        <ele>27.13</ele>
      </trkpt>
      <trkpt lat="51.254289988428354" lon="1.0048099793493748">
        <ele>26.79</ele>
      </trkpt>
      <trkpt lat="51.25438855960965" lon="1.0052544716745615">
        <ele>26.47</ele>
      </trkpt>
      <trkpt lat="51.25448713079095" lon="1.0056988801807165">
        <ele>26.08</ele>
      </trkpt>
      <trkpt lat="51.25458494760096" lon="1.006139935925603">
        <ele>25.58</ele>
      </trkpt>
      <trkpt lat="51.25468351878226" lon="1.0065844282507896">
        <ele>25.0</ele>
      </trkpt>
      <trkpt lat="51.25478217378259" lon="1.0070289205759764">
        <ele>24.47</ele>
      </trkpt>
      <trkpt lat="51.2548799905926" lon="1.0074699763208628">
        <ele>23.89</ele>
      </trkpt>
      <trkpt lat="51.254970179870725" lon="1.007819166406989">
        <ele>23.33</ele>
      </trkpt>
      <trkpt lat="51.25506036914885" lon="1.0081683564931154">
        <ele>22.84</ele>
      </trkpt>
      <trkpt lat="51.255149971693754" lon="1.0085149481892586">
        <ele>22.32</ele>
      </trkpt>
      <trkpt lat="51.25524016097188" lon="1.008864138275385">
        <ele>21.88</ele>
      </trkpt>
      <trkpt lat="51.25533043406904" lon="1.0092133283615112">
        <ele>21.48</ele>
      </trkpt>
      <trkpt lat="51.25541995279491" lon="1.0095599200576544">
        <ele>21.11</ele>
      </trkpt>
      <trkpt lat="51.25531995669007" lon="1.0096799489110708">
        <ele>20.72</ele>
      </trkpt>
      <trkpt lat="51.255149971693754" lon="1.0097799450159073">
        <ele>20.36</ele>
      </trkpt>
      <trkpt lat="51.25507998280227" lon="1.0098599921911955">
        <ele>20.06</ele>
      </trkpt>
      <trkpt lat="51.25520998612046" lon="1.0099999699741602">
        <ele>19.78</ele>
      </trkpt>
      <trkpt lat="51.25528994947672" lon="1.010169954970479">
        <ele>19.55</ele>
      </trkpt>
      <trkpt lat="51.25539019703865" lon="1.0105709452182055">
        <ele>19.32</ele>
      </trkpt>
      <trkpt lat="51.25549044460058" lon="1.010971935465932">
        <ele>19.07</ele>
      </trkpt>
      <trkpt lat="51.25558993779123" lon="1.0113699920475483">
        <ele>18.9</ele>
      </trkpt>
      <trkpt lat="51.2556450907141" lon="1.0117593314498663">
        <ele>18.81</ele>
      </trkpt>
      <trkpt lat="51.255700243636966" lon="1.012148754671216">
        <ele>18.72</ele>
      </trkpt>
      <trkpt lat="51.255754977464676" lon="1.0125349927693605">
        <ele>18.67</ele>
      </trkpt>
      <trkpt lat="51.255810130387545" lon="1.0129243321716785">
        <ele>18.64</ele>
      </trkpt>
      <trkpt lat="51.25586528331041" lon="1.0133137553930283">
        <ele>18.48</ele>
      </trkpt>
      <trkpt lat="51.25591993331909" lon="1.0136999934911728">
        <ele>18.31</ele>
      </trkpt>
      <trkpt lat="51.255976762622595" lon="1.014157896861434">
        <ele>18.2</ele>
      </trkpt>
      <trkpt lat="51.2560335919261" lon="1.0146158002316952">
        <ele>18.14</ele>
      </trkpt>
      <trkpt lat="51.25608991831541" lon="1.0150699317455292">
        <ele>18.02</ele>
      </trkpt>
      <trkpt lat="51.25609494745731" lon="1.0154460277408361">
        <ele>17.95</ele>
      </trkpt>
      <trkpt lat="51.25609997659922" lon="1.0158199444413185">
        <ele>17.86</ele>
      </trkpt>
      <trkpt lat="51.25609997659922" lon="1.0161799471825361">
        <ele>17.8</ele>
      </trkpt>
      <trkpt lat="51.25604993663728" lon="1.0165299754589796">
        <ele>17.71</ele>
      </trkpt>
      <trkpt lat="51.25601992942393" lon="1.0169899743050337">
        <ele>17.68</ele>
      </trkpt>
      <trkpt lat="51.255949940532446" lon="1.0173499770462513">
        <ele>17.53</ele>
      </trkpt>
      <trkpt lat="51.2558848131448" lon="1.0176056250929832">
        <ele>17.46</ele>
      </trkpt>
      <trkpt lat="51.255819937214255" lon="1.0178599320352077">
        <ele>17.38</ele>
      </trkpt>
      <trkpt lat="51.25580996274948" lon="1.0183199308812618">
        <ele>17.23</ele>
      </trkpt>
      <trkpt lat="51.255859918892384" lon="1.018599970266223">
        <ele>17.09</ele>
      </trkpt>
      <trkpt lat="51.25589998438954" lon="1.0186999663710594">
        <ele>16.95</ele>
      </trkpt>
      <trkpt lat="51.25584994442761" lon="1.0187699552625418">
        <ele>16.81</ele>
      </trkpt>
      <trkpt lat="51.25586997717619" lon="1.0188999585807323">
        <ele>16.66</ele>
      </trkpt>
      <trkpt lat="51.25586997717619" lon="1.019039936363697">
        <ele>16.51</ele>
      </trkpt>
      <trkpt lat="51.255739973858" lon="1.0192999430000782">
        <ele>16.39</ele>
      </trkpt>
      <trkpt lat="51.255852710455656" lon="1.019723480567336">
        <ele>16.31</ele>
      </trkpt>
      <trkpt lat="51.25596494413912" lon="1.020144922658801">
        <ele>16.2</ele>
      </trkpt>
      <trkpt lat="51.25607776455581" lon="1.0205685440450907">
        <ele>16.1</ele>
      </trkpt>
      <trkpt lat="51.25618999823928" lon="1.0209899861365557">
        <ele>15.93</ele>
      </trkpt>
      <trkpt lat="51.25627993606031" lon="1.0214099194854498">
        <ele>15.78</ele>
      </trkpt>
      <trkpt lat="51.25638353638351" lon="1.0217407532036304">
        <ele>15.59</ele>
      </trkpt>
      <trkpt lat="51.25648713670671" lon="1.0220715031027794">
        <ele>15.45</ele>
      </trkpt>
      <trkpt lat="51.256589982658625" lon="1.022399989888072">
        <ele>15.34</ele>
      </trkpt>
      <trkpt lat="51.25666994601488" lon="1.0227699670940638">
        <ele>15.31</ele>
      </trkpt>
      <trkpt lat="51.25676994211972" lon="1.0230199992656708">
        <ele>15.23</ele>
      </trkpt>
      <trkpt lat="51.256825095042586" lon="1.0233358293771744">
        <ele>15.16</ele>
      </trkpt>
      <trkpt lat="51.25687999650836" lon="1.0236499831080437">
        <ele>15.1</ele>
      </trkpt>
      <trkpt lat="51.25690991990268" lon="1.0239699203521013">
        <ele>15.07</ele>
      </trkpt>
      <trkpt lat="51.256914949044585" lon="1.0242758598178625">
        <ele>15.11</ele>
      </trkpt>
      <trkpt lat="51.25691997818649" lon="1.024579955264926">
        <ele>15.12</ele>
      </trkpt>
      <trkpt lat="51.25698259100318" lon="1.0250136349350214">
        <ele>15.17</ele>
      </trkpt>
      <trkpt lat="51.257044952362776" lon="1.0254449676722288">
        <ele>15.15</ele>
      </trkpt>
      <trkpt lat="51.2571076489985" lon="1.0258786473423243">
        <ele>15.24</ele>
      </trkpt>
      <trkpt lat="51.25716992653906" lon="1.0263099800795317">
        <ele>15.24</ele>
      </trkpt>
      <trkpt lat="51.25720504671335" lon="1.0266158357262611">
        <ele>15.26</ele>
      </trkpt>
      <trkpt lat="51.25723999924958" lon="1.0269199311733246">
        <ele>15.26</ele>
      </trkpt>
      <trkpt lat="51.25724997371435" lon="1.0271999705582857">
        <ele>15.29</ele>
      </trkpt>
      <trkpt lat="51.25723488628864" lon="1.0274656768888235">
        <ele>15.33</ele>
      </trkpt>
      <trkpt lat="51.257219966501" lon="1.0277299582958221">
        <ele>15.38</ele>
      </trkpt>
      <trkpt lat="51.257259948179126" lon="1.0281199682503939">
        <ele>15.46</ele>
      </trkpt>
      <trkpt lat="51.25734016299248" lon="1.028561107814312">
        <ele>15.56</ele>
      </trkpt>
      <trkpt lat="51.25741995871067" lon="1.0289999842643738">
        <ele>15.59</ele>
      </trkpt>
      <trkpt lat="51.25751995481551" lon="1.029259990900755">
        <ele>15.5</ele>
      </trkpt>
      <trkpt lat="51.25766999088228" lon="1.029469957575202">
        <ele>15.38</ele>
      </trkpt>
      <trkpt lat="51.25780996866524" lon="1.0298199858516455">
        <ele>15.39</ele>
      </trkpt>
      <trkpt lat="51.258000237867236" lon="1.030143778771162">
        <ele>15.47</ele>
      </trkpt>
      <trkpt lat="51.25819059088826" lon="1.0304676555097103">
        <ele>15.57</ele>
      </trkpt>
      <trkpt lat="51.25837993808091" lon="1.030789939686656">
        <ele>15.54</ele>
      </trkpt>
      <trkpt lat="51.25859359279275" lon="1.0311237908899784">
        <ele>15.54</ele>
      </trkpt>
      <trkpt lat="51.25880724750459" lon="1.0314576420933008">
        <ele>15.5</ele>
      </trkpt>
      <trkpt lat="51.259019980207086" lon="1.0317899845540524">
        <ele>15.52</ele>
      </trkpt>
      <trkpt lat="51.25911997631192" lon="1.0320299584418535">
        <ele>15.54</ele>
      </trkpt>
      <trkpt lat="51.259205136448145" lon="1.0323407594114542">
        <ele>15.54</ele>
      </trkpt>
      <trkpt lat="51.25928996130824" lon="1.0326499678194523">
        <ele>15.58</ele>
      </trkpt>
      <trkpt lat="51.2593799829483" lon="1.0328899417072535">
        <ele>15.62</ele>
      </trkpt>
      <trkpt lat="51.25955516472459" lon="1.0330651234835386">
        <ele>15.69</ele>
      </trkpt>
      <trkpt lat="51.259729927405715" lon="1.033239969983697">
        <ele>15.74</ele>
      </trkpt>
      <trkpt lat="51.259919945150614" lon="1.0336199216544628">
        <ele>15.91</ele>
      </trkpt>
      <trkpt lat="51.26005514524877" lon="1.0338202491402626">
        <ele>15.97</ele>
      </trkpt>
      <trkpt lat="51.26018992625177" lon="1.0340199898928404">
        <ele>16.01</ele>
      </trkpt>
      <trkpt lat="51.2604299839586" lon="1.0342199821025133">
        <ele>15.88</ele>
      </trkpt>
      <trkpt lat="51.26055998727679" lon="1.0344999376684427">
        <ele>15.76</ele>
      </trkpt>
      <trkpt lat="51.26071999780834" lon="1.0347799770534039">
        <ele>15.64</ele>
      </trkpt>
      <trkpt lat="51.26086508855224" lon="1.034950129687786">
        <ele>15.53</ele>
      </trkpt>
      <trkpt lat="51.26100992783904" lon="1.0351199470460415">
        <ele>15.42</ele>
      </trkpt>
      <trkpt lat="51.26127999275923" lon="1.035239975899458">
        <ele>15.29</ele>
      </trkpt>
      <trkpt lat="51.26140999607742" lon="1.0354299936443567">
        <ele>15.2</ele>
      </trkpt>
      <trkpt lat="51.261619962751865" lon="1.0356099531054497">
        <ele>15.07</ele>
      </trkpt>
      <trkpt lat="51.26181995496154" lon="1.0357499308884144">
        <ele>15.02</ele>
      </trkpt>
      <trkpt lat="51.26199999824166" lon="1.0359399486333132">
        <ele>14.91</ele>
      </trkpt>
      <trkpt lat="51.26218020915985" lon="1.0362002905458212">
        <ele>14.79</ele>
      </trkpt>
      <trkpt lat="51.26236050389707" lon="1.036460716277361">
        <ele>14.7</ele>
      </trkpt>
      <trkpt lat="51.26253996044397" lon="1.0367199685424566">
        <ele>14.63</ele>
      </trkpt>
      <trkpt lat="51.26267013140023" lon="1.0368751175701618">
        <ele>14.56</ele>
      </trkpt>
      <trkpt lat="51.262799967080355" lon="1.0370299313217402">
        <ele>14.48</ele>
      </trkpt>
      <trkpt lat="51.26294011250138" lon="1.0371550731360912">
        <ele>14.39</ele>
      </trkpt>
      <trkpt lat="51.263079922646284" lon="1.0372799634933472">
        <ele>14.31</ele>
      </trkpt>
      <trkpt lat="51.2633001152426" lon="1.0374467633664608">
        <ele>14.24</ele>
      </trkpt>
      <trkpt lat="51.26352030783892" lon="1.0376135632395744">
        <ele>14.28</ele>
      </trkpt>
      <trkpt lat="51.26373999752104" lon="1.0377799440175295">
        <ele>14.23</ele>
      </trkpt>
      <trkpt lat="51.26396010629833" lon="1.0379467438906431">
        <ele>14.2</ele>
      </trkpt>
      <trkpt lat="51.264180298894644" lon="1.0381135437637568">
        <ele>14.22</ele>
      </trkpt>
      <trkpt lat="51.26439998857677" lon="1.0382799245417118">
        <ele>14.29</ele>
      </trkpt>
      <trkpt lat="51.264519933611155" lon="1.038309931755066">
        <ele>14.32</ele>
      </trkpt>
      <trkpt lat="51.26456997357309" lon="1.0382499173283577">
        <ele>14.34</ele>
      </trkpt>
      <trkpt lat="51.264649936929345" lon="1.0379999689757824">
        <ele>14.36</ele>
      </trkpt>
      <trkpt lat="51.26468991860747" lon="1.0376099590212107">
        <ele>14.32</ele>
      </trkpt>
      <trkpt lat="51.26480994746089" lon="1.0371899418532848">
        <ele>14.19</ele>
      </trkpt>
      <trkpt lat="51.264859987422824" lon="1.0371399857103825">
        <ele>14.16</ele>
      </trkpt>
      <trkpt lat="51.264989990741014" lon="1.037239981815219">
        <ele>14.1</ele>
      </trkpt>
      <trkpt lat="51.265070121735334" lon="1.037480542436242">
        <ele>14.07</ele>
      </trkpt>
      <trkpt lat="51.26514991745353" lon="1.0377199295908213">
        <ele>14.04</ele>
      </trkpt>
      <trkpt lat="51.26513491384685" lon="1.0380509309470654">
        <ele>13.97</ele>
      </trkpt>
      <trkpt lat="51.265119994059205" lon="1.0383799206465483">
        <ele>13.87</ele>
      </trkpt>
      <trkpt lat="51.26504992134869" lon="1.0387099999934435">
        <ele>13.77</ele>
      </trkpt>
      <trkpt lat="51.26506995409727" lon="1.0388699267059565">
        <ele>13.73</ele>
      </trkpt>
      <trkpt lat="51.26517992466688" lon="1.038969922810793">
        <ele>13.68</ele>
      </trkpt>
      <trkpt lat="51.26530992798507" lon="1.0391299333423376">
        <ele>13.68</ele>
      </trkpt>
      <trkpt lat="51.2655399274081" lon="1.039469987154007">
        <ele>13.73</ele>
      </trkpt>
      <trkpt lat="51.26564017497003" lon="1.0396803729236126">
        <ele>13.74</ele>
      </trkpt>
      <trkpt lat="51.26573991961777" lon="1.039889920502901">
        <ele>13.74</ele>
      </trkpt>
      <trkpt lat="51.26587998121977" lon="1.0400999709963799">
        <ele>13.77</ele>
      </trkpt>
      <trkpt lat="51.26604996621609" lon="1.0402999632060528">
        <ele>13.77</ele>
      </trkpt>
      <trkpt lat="51.26620997674763" lon="1.040539937093854">
        <ele>13.78</ele>
      </trkpt>
      <trkpt lat="51.266395300626755" lon="1.0408504866063595">
        <ele>13.85</ele>
      </trkpt>
      <trkpt lat="51.266579953953624" lon="1.0411599464714527">
        <ele>13.9</ele>
      </trkpt>
      <trkpt lat="51.26667517237365" lon="1.0413753613829613">
        <ele>13.98</ele>
      </trkpt>
      <trkpt lat="51.26676997169852" lon="1.0415899381041527">
        <ele>14.09</ele>
      </trkpt>
      <trkpt lat="51.266859993338585" lon="1.0418499447405338">
        <ele>14.17</ele>
      </trkpt>
      <trkpt lat="51.26690994948149" lon="1.0420299880206585">
        <ele>14.23</ele>
      </trkpt>
      <trkpt lat="51.26695009879768" lon="1.0423207562416792">
        <ele>14.28</ele>
      </trkpt>
      <trkpt lat="51.266989996656775" lon="1.0426099319010973">
        <ele>14.37</ele>
      </trkpt>
      <trkpt lat="51.267029978334904" lon="1.0427199862897396">
        <ele>14.38</ele>
      </trkpt>
      <trkpt lat="51.26725017093122" lon="1.0429452080279589">
        <ele>14.29</ele>
      </trkpt>
      <trkpt lat="51.26746994443238" lon="1.0431699268519878">
        <ele>14.16</ele>
      </trkpt>
      <trkpt lat="51.26759994775057" lon="1.0432599484920502">
        <ele>14.07</ele>
      </trkpt>
      <trkpt lat="51.26777504570782" lon="1.0433450248092413">
        <ele>13.96</ele>
      </trkpt>
      <trkpt lat="51.26794997602701" lon="1.043429933488369">
        <ele>13.82</ele>
      </trkpt>
      <trkpt lat="51.26813010312617" lon="1.0435800533741713">
        <ele>13.69</ele>
      </trkpt>
      <trkpt lat="51.26830997876823" lon="1.0437299218028784">
        <ele>13.53</ele>
      </trkpt>
      <trkpt lat="51.268470073118806" lon="1.0438801255077124">
        <ele>13.36</ele>
      </trkpt>
      <trkpt lat="51.26862999983132" lon="1.0440299939364195">
        <ele>13.17</ele>
      </trkpt>
      <trkpt lat="51.268769977614284" lon="1.0442099533975124">
        <ele>12.98</ele>
      </trkpt>
      <trkpt lat="51.26886997371912" lon="1.0443499311804771">
        <ele>12.77</ele>
      </trkpt>
      <trkpt lat="51.26899997703731" lon="1.0445999633520842">
        <ele>12.52</ele>
      </trkpt>
      <trkpt lat="51.269119922071695" lon="1.0448699444532394">
        <ele>12.21</ele>
      </trkpt>
      <trkpt lat="51.26919996924698" lon="1.0451799910515547">
        <ele>11.98</ele>
      </trkpt>
      <trkpt lat="51.2693736422807" lon="1.045540664345026">
        <ele>11.77</ele>
      </trkpt>
      <trkpt lat="51.26954731531441" lon="1.0459013376384974">
        <ele>11.48</ele>
      </trkpt>
      <trkpt lat="51.269719982519746" lon="1.0462599992752075">
        <ele>11.25</ele>
      </trkpt>
      <trkpt lat="51.26991519704461" lon="1.0465052537620068">
        <ele>10.98</ele>
      </trkpt>
      <trkpt lat="51.27010999247432" lon="1.046749921515584">
        <ele>10.85</ele>
      </trkpt>
      <trkpt lat="51.27028022892773" lon="1.0469969362020493">
        <ele>10.69</ele>
      </trkpt>
      <trkpt lat="51.270450465381145" lon="1.0472440347075462">
        <ele>10.55</ele>
      </trkpt>
      <trkpt lat="51.270619947463274" lon="1.0474899597465992">
        <ele>10.42</ele>
      </trkpt>
      <trkpt lat="51.27075514756143" lon="1.0476501379162073">
        <ele>10.31</ele>
      </trkpt>
      <trkpt lat="51.27088992856443" lon="1.0478099808096886">
        <ele>10.2</ele>
      </trkpt>
      <trkpt lat="51.27086997963488" lon="1.0478699952363968">
        <ele>10.14</ele>
      </trkpt>
      <trkpt lat="51.27092999406159" lon="1.0480499546974897">
        <ele>10.07</ele>
      </trkpt>
      <trkpt lat="51.27099512144923" lon="1.0485212691128254">
        <ele>10.04</ele>
      </trkpt>
      <trkpt lat="51.27105999737978" lon="1.0489899851381779">
        <ele>10.16</ele>
      </trkpt>
      <trkpt lat="51.27112009562552" lon="1.0492506623268127">
        <ele>10.11</ele>
      </trkpt>
      <trkpt lat="51.271179942414165" lon="1.0495099984109402">
        <ele>10.09</ele>
      </trkpt>
      <trkpt lat="51.27125998958945" lon="1.0499799717217684">
        <ele>10.09</ele>
      </trkpt>
      <trkpt lat="51.27125998958945" lon="1.0502699855715036">
        <ele>10.13</ele>
      </trkpt>
      <trkpt lat="51.27132679335773" lon="1.050624204799533">
        <ele>10.14</ele>
      </trkpt>
      <trkpt lat="51.27139368094504" lon="1.0509785078465939">
        <ele>10.17</ele>
      </trkpt>
      <trkpt lat="51.271459981799126" lon="1.0513299610465765">
        <ele>10.26</ele>
      </trkpt>
      <trkpt lat="51.271499963477254" lon="1.0517599526792765">
        <ele>10.33</ele>
      </trkpt>
      <trkpt lat="51.271519996225834" lon="1.0521109867841005">
        <ele>10.44</ele>
      </trkpt>
      <trkpt lat="51.271540112793446" lon="1.0524619370698929">
        <ele>10.53</ele>
      </trkpt>
      <trkpt lat="51.27155997790396" lon="1.0528099536895752">
        <ele>10.54</ele>
      </trkpt>
      <trkpt lat="51.27163013443351" lon="1.0531708784401417">
        <ele>10.5</ele>
      </trkpt>
      <trkpt lat="51.27169995568693" lon="1.0535299591720104">
        <ele>10.51</ele>
      </trkpt>
      <trkpt lat="51.27172996290028" lon="1.053879987448454">
        <ele>10.52</ele>
      </trkpt>
      <trkpt lat="51.27174002118409" lon="1.0541908722370863">
        <ele>10.53</ele>
      </trkpt>
      <trkpt lat="51.27174999564886" lon="1.0544999968260527">
        <ele>10.55</ele>
      </trkpt>
      <trkpt lat="51.271815123036504" lon="1.0549061000347137">
        <ele>10.57</ele>
      </trkpt>
      <trkpt lat="51.27187999896705" lon="1.0553099401295185">
        <ele>10.56</ele>
      </trkpt>
      <trkpt lat="51.27196348272264" lon="1.0556775704026222">
        <ele>10.58</ele>
      </trkpt>
      <trkpt lat="51.27204705029726" lon="1.056045200675726">
        <ele>10.63</ele>
      </trkpt>
      <trkpt lat="51.27212994731963" lon="1.0564099811017513">
        <ele>10.67</ele>
      </trkpt>
      <trkpt lat="51.272209994494915" lon="1.0568699799478054">
        <ele>10.69</ele>
      </trkpt>
      <trkpt lat="51.27226347103715" lon="1.0572744067758322">
        <ele>10.71</ele>
      </trkpt>
      <trkpt lat="51.272316947579384" lon="1.057678833603859">
        <ele>10.69</ele>
      </trkpt>
      <trkpt lat="51.27236992120743" lon="1.0580799914896488">
        <ele>10.7</ele>
      </trkpt>
      <trkpt lat="51.2724301032722" lon="1.0583807341754436">
        <ele>10.7</ele>
      </trkpt>
      <trkpt lat="51.272489950060844" lon="1.0586799681186676">
        <ele>10.74</ele>
      </trkpt>
      <trkpt lat="51.272509982809424" lon="1.05872992426157">
        <ele>10.77</ele>
      </trkpt>
      <trkpt lat="51.272670244798064" lon="1.0591007396578789">
        <ele>10.76</ele>
      </trkpt>
      <trkpt lat="51.27282992005348" lon="1.0594699624925852">
        <ele>10.76</ele>
      </trkpt>
      <trkpt lat="51.27296771854162" lon="1.0597680229693651">
        <ele>10.82</ele>
      </trkpt>
      <trkpt lat="51.27310493029654" lon="1.0600649937987328">
        <ele>10.88</ele>
      </trkpt>
      <trkpt lat="51.27324272878468" lon="1.0603630542755127">
        <ele>10.93</ele>
      </trkpt>
      <trkpt lat="51.2733799405396" lon="1.0606599412858486">
        <ele>10.93</ele>
      </trkpt>
      <trkpt lat="51.27352997660637" lon="1.0607999190688133">
        <ele>10.94</ele>
      </trkpt>
      <trkpt lat="51.27355998381972" lon="1.0608699917793274">
        <ele>10.95</ele>
      </trkpt>
      <trkpt lat="51.27352997660637" lon="1.061189929023385">
        <ele>11.03</ele>
      </trkpt>
      <trkpt lat="51.27352997660637" lon="1.061199987307191">
        <ele>11.02</ele>
      </trkpt>
      <trkpt lat="51.27350994385779" lon="1.061439961194992">
        <ele>11.04</ele>
      </trkpt>
      <trkpt lat="51.27353995107114" lon="1.0616099461913109">
        <ele>11.02</ele>
      </trkpt>
      <trkpt lat="51.27352997660637" lon="1.0617599822580814">
        <ele>10.96</ele>
      </trkpt>
      <trkpt lat="51.27357993274927" lon="1.061859978362918">
        <ele>10.88</ele>
      </trkpt>
      <trkpt lat="51.273739943280816" lon="1.0620199888944626">
        <ele>10.73</ele>
      </trkpt>
      <trkpt lat="51.27384999766946" lon="1.062089977785945">
        <ele>10.61</ele>
      </trkpt>
      <trkpt lat="51.27402358688414" lon="1.0624272655695677">
        <ele>10.43</ele>
      </trkpt>
      <trkpt lat="51.274197259917855" lon="1.0627644695341587">
        <ele>10.32</ele>
      </trkpt>
      <trkpt lat="51.27436992712319" lon="1.0630999971181154">
        <ele>10.24</ele>
      </trkpt>
      <trkpt lat="51.274500265717506" lon="1.0634155757725239">
        <ele>10.2</ele>
      </trkpt>
      <trkpt lat="51.27462993375957" lon="1.0637299809604883">
        <ele>10.15</ele>
      </trkpt>
      <trkpt lat="51.27470998093486" lon="1.0640299692749977">
        <ele>10.04</ele>
      </trkpt>
      <trkpt lat="51.27475993707776" lon="1.0641799215227365">
        <ele>9.96</ele>
      </trkpt>
      <trkpt lat="51.27492028288543" lon="1.0646008607000113">
        <ele>9.92</ele>
      </trkpt>
      <trkpt lat="51.27507995814085" lon="1.0650199558585882">
        <ele>9.88</ele>
      </trkpt>
      <trkpt lat="51.27519520930946" lon="1.0652804654091597">
        <ele>9.84</ele>
      </trkpt>
      <trkpt lat="51.27530995756388" lon="1.0655399691313505">
        <ele>9.83</ele>
      </trkpt>
      <trkpt lat="51.275495281443" lon="1.0658805258572102">
        <ele>9.88</ele>
      </trkpt>
      <trkpt lat="51.27567993476987" lon="1.0662199929356575">
        <ele>9.96</ele>
      </trkpt>
      <trkpt lat="51.275790156796575" lon="1.0664002038538456">
        <ele>9.96</ele>
      </trkpt>
      <trkpt lat="51.27589995972812" lon="1.0665799956768751">
        <ele>9.88</ele>
      </trkpt>
      <trkpt lat="51.27599995583296" lon="1.0666799917817116">
        <ele>9.81</ele>
      </trkpt>
      <trkpt lat="51.27612995915115" lon="1.0669399984180927">
        <ele>9.75</ele>
      </trkpt>
      <trkpt lat="51.2762152031064" lon="1.0673259850591421">
        <ele>9.72</ele>
      </trkpt>
      <trkpt lat="51.27629994414747" lon="1.0677099600434303">
        <ele>9.67</ele>
      </trkpt>
      <trkpt lat="51.27630991861224" lon="1.0679499339312315">
        <ele>9.69</ele>
      </trkpt>
      <trkpt lat="51.276339925825596" lon="1.0680199228227139">
        <ele>9.72</ele>
      </trkpt>
      <trkpt lat="51.27657026052475" lon="1.0683354176580906">
        <ele>9.73</ele>
      </trkpt>
      <trkpt lat="51.27679992467165" lon="1.0686499904841185">
        <ele>9.77</ele>
      </trkpt>
      <trkpt lat="51.276939986273646" lon="1.0687999427318573">
        <ele>9.87</ele>
      </trkpt>
      <trkpt lat="51.277100164443254" lon="1.0690353065729141">
        <ele>10.08</ele>
      </trkpt>
      <trkpt lat="51.277259923517704" lon="1.0692699998617172">
        <ele>10.26</ele>
      </trkpt>
      <trkpt lat="51.277349945157766" lon="1.069439984858036">
        <ele>10.45</ele>
      </trkpt>
      <trkpt lat="51.27741993404925" lon="1.0696999914944172">
        <ele>10.62</ele>
      </trkpt>
      <trkpt lat="51.27749998122454" lon="1.069819936528802">
        <ele>10.74</ele>
      </trkpt>
      <trkpt lat="51.277583464980125" lon="1.0701307374984026">
        <ele>10.82</ele>
      </trkpt>
      <trkpt lat="51.277667032554746" lon="1.0704414546489716">
        <ele>10.91</ele>
      </trkpt>
      <trkpt lat="51.27774992957711" lon="1.070749992504716">
        <ele>11.09</ele>
      </trkpt>
      <trkpt lat="51.27778999507427" lon="1.0708399303257465">
        <ele>11.21</ele>
      </trkpt>
      <trkpt lat="51.277940198779106" lon="1.0710602905601263">
        <ele>11.31</ele>
      </trkpt>
      <trkpt lat="51.27808998338878" lon="1.0712799802422523">
        <ele>11.42</ele>
      </trkpt>
      <trkpt lat="51.27833993174136" lon="1.0715399868786335">
        <ele>11.54</ele>
      </trkpt>
      <trkpt lat="51.27840992063284" lon="1.0715899430215359">
        <ele>11.58</ele>
      </trkpt>
      <trkpt lat="51.27858501859009" lon="1.071624979376793">
        <ele>11.59</ele>
      </trkpt>
      <trkpt lat="51.27875994890928" lon="1.0716599319130182">
        <ele>11.5</ele>
      </trkpt>
      <trkpt lat="51.27888995222747" lon="1.0717199463397264">
        <ele>11.42</ele>
      </trkpt>
      <trkpt lat="51.27907996997237" lon="1.0719099640846252">
        <ele>11.29</ele>
      </trkpt>
      <trkpt lat="51.2792201153934" lon="1.072105262428522">
        <ele>11.2</ele>
      </trkpt>
      <trkpt lat="51.2793599255383" lon="1.072299974039197">
        <ele>11.1</ele>
      </trkpt>
      <trkpt lat="51.27954265102744" lon="1.072515221312642">
        <ele>11.01</ele>
      </trkpt>
      <trkpt lat="51.27972495742142" lon="1.072729965671897">
        <ele>10.91</ele>
      </trkpt>
      <trkpt lat="51.27990768291056" lon="1.072945212945342">
        <ele>10.79</ele>
      </trkpt>
      <trkpt lat="51.28008998930454" lon="1.073159957304597">
        <ele>10.73</ele>
      </trkpt>
      <trkpt lat="51.280139945447445" lon="1.073189964517951">
        <ele>10.67</ele>
      </trkpt>
      <trkpt lat="51.2803599704057" lon="1.073399931192398">
        <ele>10.59</ele>
      </trkpt>
      <trkpt lat="51.28053012304008" lon="1.0735451057553291">
        <ele>10.55</ele>
      </trkpt>
      <trkpt lat="51.280699940398335" lon="1.0736899450421333">
        <ele>10.57</ele>
      </trkpt>
      <trkpt lat="51.280840169638395" lon="1.0738652106374502">
        <ele>10.62</ele>
      </trkpt>
      <trkpt lat="51.2809799797833" lon="1.0740399733185768">
        <ele>10.71</ele>
      </trkpt>
      <trkpt lat="51.2810299359262" lon="1.0741899255663157">
        <ele>10.8</ele>
      </trkpt>
      <trkpt lat="51.2809799797833" lon="1.074329987168312">
        <ele>10.88</ele>
      </trkpt>
      <trkpt lat="51.28094997256994" lon="1.0743599943816662">
        <ele>10.98</ele>
      </trkpt>
      <trkpt lat="51.281019961461425" lon="1.0747899860143661">
        <ele>11.14</ele>
      </trkpt>
      <trkpt lat="51.28100998699665" lon="1.0749499965459108">
        <ele>11.27</ele>
      </trkpt>
      <trkpt lat="51.281169997528195" lon="1.075159963220358">
        <ele>11.46</ele>
      </trkpt>
      <trkpt lat="51.28130519762635" lon="1.0753853525966406">
        <ele>11.68</ele>
      </trkpt>
      <trkpt lat="51.28143997862935" lon="1.0756099876016378">
        <ele>11.78</ele>
      </trkpt>
      <trkpt lat="51.28152991645038" lon="1.0754799842834473">
        <ele>11.82</ele>
      </trkpt>
      <trkpt lat="51.28158993087709" lon="1.0756099876016378">
        <ele>11.85</ele>
      </trkpt>
      <trkpt lat="51.28162999637425" lon="1.0756599437445402">
        <ele>11.84</ele>
      </trkpt>
      <trkpt lat="51.28165991976857" lon="1.0756699182093143">
        <ele>11.81</ele>
      </trkpt>
      <trkpt lat="51.2818399630487" lon="1.0759799648076296">
        <ele>11.75</ele>
      </trkpt>
      <trkpt lat="51.28201522864401" lon="1.0763055179268122">
        <ele>11.59</ele>
      </trkpt>
      <trkpt lat="51.28218999132514" lon="1.0766299813985825">
        <ele>11.44</ele>
      </trkpt>
      <trkpt lat="51.282069962471724" lon="1.0767999663949013">
        <ele>11.37</ele>
      </trkpt>
      <trkpt lat="51.28225025720894" lon="1.0771339014172554">
        <ele>11.19</ele>
      </trkpt>
      <trkpt lat="51.28243055194616" lon="1.0774677526205778">
        <ele>11.0</ele>
      </trkpt>
      <trkpt lat="51.282609924674034" lon="1.077799927443266">
        <ele>10.88</ele>
      </trkpt>
      <trkpt lat="51.282629957422614" lon="1.0778799746185541">
        <ele>10.75</ele>
      </trkpt>
      <trkpt lat="51.28267999738455" lon="1.0781599301844835">
        <ele>10.69</ele>
      </trkpt>
      <trkpt lat="51.28266993910074" lon="1.0786513611674309">
        <ele>10.45</ele>
      </trkpt>
      <trkpt lat="51.28265996463597" lon="1.0791399423033">
        <ele>10.11</ele>
      </trkpt>
      <trkpt lat="51.28263993188739" lon="1.0795411001890898">
        <ele>9.68</ele>
      </trkpt>
      <trkpt lat="51.28261998295784" lon="1.0799399949610233">
        <ele>9.48</ele>
      </trkpt>
      <trkpt lat="51.28257991746068" lon="1.0803999938070774">
        <ele>9.34</ele>
      </trkpt>
      <trkpt lat="51.28274998627603" lon="1.080479957163334">
        <ele>9.12</ele>
      </trkpt>
      <trkpt lat="51.28280991688371" lon="1.0804699826985598">
        <ele>8.97</ele>
      </trkpt>
      <trkpt lat="51.282993480563164" lon="1.0806635208427906">
        <ele>8.8</ele>
      </trkpt>
      <trkpt lat="51.28317704424262" lon="1.0808570589870214">
        <ele>8.62</ele>
      </trkpt>
      <trkpt lat="51.28335993736982" lon="1.0810499265789986">
        <ele>8.46</ele>
      </trkpt>
      <trkpt lat="51.283449959009886" lon="1.0811799298971891">
        <ele>8.29</ele>
      </trkpt>
      <trkpt lat="51.28358993679285" lon="1.0815699398517609">
        <ele>8.17</ele>
      </trkpt>
      <trkpt lat="51.283660093322396" lon="1.0818506497889757">
        <ele>7.92</ele>
      </trkpt>
      <trkpt lat="51.28372999839485" lon="1.0821299348026514">
        <ele>7.68</ele>
      </trkpt>
      <trkpt lat="51.28388020209968" lon="1.08238541521132">
        <ele>7.42</ele>
      </trkpt>
      <trkpt lat="51.284029986709356" lon="1.0826399736106396">
        <ele>7.24</ele>
      </trkpt>
      <trkpt lat="51.28415999002755" lon="1.0828299913555384">
        <ele>7.1</ele>
      </trkpt>
      <trkpt lat="51.28426996059716" lon="1.082949936389923">
        <ele>7.09</ele>
      </trkpt>
      <trkpt lat="51.284495098516345" lon="1.0830900818109512">
        <ele>7.14</ele>
      </trkpt>
      <trkpt lat="51.28471998497844" lon="1.0832299757748842">
        <ele>7.19</ele>
      </trkpt>
      <trkpt lat="51.28480992279947" lon="1.0832599829882383">
        <ele>7.27</ele>
      </trkpt>
      <trkpt lat="51.28487999550998" lon="1.0833299718797207">
        <ele>7.33</ele>
      </trkpt>
      <trkpt lat="51.285039922222495" lon="1.0835899785161018">
        <ele>7.37</ele>
      </trkpt>
    </trkseg>
  </trk>
</gpx>
