<?xml version="1.0" encoding="UTF-8"?>
<gpx creator="Garmin Connect" version="1.1"
  xsi:schemaLocation="http://www.topografix.com/GPX/1/1 http://www.topografix.com/GPX/11.xsd"
  xmlns:ns3="http://www.garmin.com/xmlschemas/TrackPointExtension/v1"
  xmlns="http://www.topografix.com/GPX/1/1"
  xmlns:xsi="http://www.w3.org/2001/XMLSchema-instance" xmlns:ns2="http://www.garmin.com/xmlschemas/GpxExtensions/v3">
  <metadata>
    <name>Bletchingley Maidstone</name>
    <link href="connect.garmin.com">
      <text>Garmin Connect</text>
    </link>
    <time>2026-08-02T14:58:23.000Z</time>
  </metadata>
  <wpt lat="51.2456693796303" lon="0.13117002864112">
    <ele>0.0</ele>
    <name>Ide Hill Shop</name>
    <cmt>Ide Hill Community Shop</cmt>
    <type>AID STATION</type>
  </wpt>
  <trk>
    <name>Bletchingley Maidstone</name>
    <trkseg>
      <trkpt lat="51.240649949759245" lon="-0.09921994060277939">
        <ele>140.62</ele>
      </trkpt>
      <trkpt lat="51.24060996808112" lon="-0.09916998445987701">
        <ele>140.62</ele>
      </trkpt>
      <trkpt lat="51.240539979189634" lon="-0.09916998445987701">
        <ele>140.62</ele>
      </trkpt>
      <trkpt lat="51.24044995754957" lon="-0.09920996613800526">
        <ele>140.64</ele>
      </trkpt>
      <trkpt lat="51.24027988873422" lon="-0.09931499138474464">
        <ele>140.67</ele>
      </trkpt>
      <trkpt lat="51.240109987556934" lon="-0.09941993281245232">
        <ele>140.72</ele>
      </trkpt>
      <trkpt lat="51.23982994817197" lon="-0.09962998330593109">
        <ele>140.81</ele>
      </trkpt>
      <trkpt lat="51.23956977389753" lon="-0.0997950229793787">
        <ele>140.95</ele>
      </trkpt>
      <trkpt lat="51.23930993489921" lon="-0.0999599788337946">
        <ele>141.05</ele>
      </trkpt>
      <trkpt lat="51.23913994990289" lon="-0.10013993829488754">
        <ele>141.23</ele>
      </trkpt>
      <trkpt lat="51.23898480087519" lon="-0.10034018196165562">
        <ele>141.53</ele>
      </trkpt>
      <trkpt lat="51.23882998712361" lon="-0.1005399227142334">
        <ele>141.88</ele>
      </trkpt>
      <trkpt lat="51.23867995105684" lon="-0.10070999152958393">
        <ele>142.27</ele>
      </trkpt>
      <trkpt lat="51.23848993331194" lon="-0.1008699182420969">
        <ele>142.69</ele>
      </trkpt>
      <trkpt lat="51.23831994831562" lon="-0.10095993988215923">
        <ele>143.15</ele>
      </trkpt>
      <trkpt lat="51.23818994499743" lon="-0.10099992156028748">
        <ele>143.61</ele>
      </trkpt>
      <trkpt lat="51.23803999274969" lon="-0.10099992156028748">
        <ele>144.07</ele>
      </trkpt>
      <trkpt lat="51.23777998611331" lon="-0.10093999095261097">
        <ele>144.48</ele>
      </trkpt>
      <trkpt lat="51.2374799977988" lon="-0.10081996209919453">
        <ele>144.68</ele>
      </trkpt>
      <trkpt lat="51.23726315796375" lon="-0.10067654773592949">
        <ele>144.73</ele>
      </trkpt>
      <trkpt lat="51.237046318128705" lon="-0.10053313337266445">
        <ele>144.66</ele>
      </trkpt>
      <trkpt lat="51.23682998120785" lon="-0.10038997046649456">
        <ele>144.51</ele>
      </trkpt>
      <trkpt lat="51.23683995567262" lon="-0.09991999715566635">
        <ele>144.36</ele>
      </trkpt>
      <trkpt lat="51.23692017048597" lon="-0.09963425807654858">
        <ele>144.23</ele>
      </trkpt>
      <trkpt lat="51.236999966204166" lon="-0.09934994392096996">
        <ele>144.07</ele>
      </trkpt>
      <trkpt lat="51.23700994066894" lon="-0.09902992285788059">
        <ele>143.97</ele>
      </trkpt>
      <trkpt lat="51.23692478053272" lon="-0.09865902364253998">
        <ele>143.9</ele>
      </trkpt>
      <trkpt lat="51.23683995567262" lon="-0.0982899684458971">
        <ele>143.91</ele>
      </trkpt>
      <trkpt lat="51.23680483549833" lon="-0.09800414554774761">
        <ele>143.98</ele>
      </trkpt>
      <trkpt lat="51.23676996678114" lon="-0.09771999903023243">
        <ele>143.99</ele>
      </trkpt>
      <trkpt lat="51.236780025064945" lon="-0.09742914699018002">
        <ele>143.9</ele>
      </trkpt>
      <trkpt lat="51.23678999952972" lon="-0.09713997133076191">
        <ele>143.65</ele>
      </trkpt>
      <trkpt lat="51.236704755574465" lon="-0.09685926139354706">
        <ele>143.27</ele>
      </trkpt>
      <trkpt lat="51.23661993071437" lon="-0.09657997637987137">
        <ele>142.78</ele>
      </trkpt>
      <trkpt lat="51.23634986579418" lon="-0.09669497609138489">
        <ele>142.08</ele>
      </trkpt>
      <trkpt lat="51.23607996851206" lon="-0.09680997580289841">
        <ele>141.05</ele>
      </trkpt>
      <trkpt lat="51.235829684883356" lon="-0.09705020114779472">
        <ele>139.94</ele>
      </trkpt>
      <trkpt lat="51.235579987987876" lon="-0.09728992357850075">
        <ele>138.92</ele>
      </trkpt>
      <trkpt lat="51.2353699374944" lon="-0.09731993079185486">
        <ele>137.89</ele>
      </trkpt>
      <trkpt lat="51.23519995249808" lon="-0.09728992357850075">
        <ele>136.9</ele>
      </trkpt>
      <trkpt lat="51.23500993475318" lon="-0.09723996743559837">
        <ele>135.87</ele>
      </trkpt>
      <trkpt lat="51.23480994254351" lon="-0.09686999022960663">
        <ele>134.88</ele>
      </trkpt>
      <trkpt lat="51.234744815155864" lon="-0.0964086502790451">
        <ele>134.1</ele>
      </trkpt>
      <trkpt lat="51.234679939225316" lon="-0.09594999253749847">
        <ele>133.5</ele>
      </trkpt>
      <trkpt lat="51.234643226489425" lon="-0.09551874361932278">
        <ele>133.09</ele>
      </trkpt>
      <trkpt lat="51.2346064299345" lon="-0.09508749470114708">
        <ele>132.87</ele>
      </trkpt>
      <trkpt lat="51.234569968655705" lon="-0.09465993382036686">
        <ele>132.84</ele>
      </trkpt>
      <trkpt lat="51.23452319763601" lon="-0.09422876872122288">
        <ele>133.03</ele>
      </trkpt>
      <trkpt lat="51.23447634279728" lon="-0.09379751980304718">
        <ele>133.24</ele>
      </trkpt>
      <trkpt lat="51.23442999087274" lon="-0.09336995892226696">
        <ele>133.58</ele>
      </trkpt>
      <trkpt lat="51.2344232853502" lon="-0.09290526621043682">
        <ele>134.03</ele>
      </trkpt>
      <trkpt lat="51.234416579827666" lon="-0.0924406573176384">
        <ele>134.62</ele>
      </trkpt>
      <trkpt lat="51.23440995812416" lon="-0.0919799879193306">
        <ele>135.26</ele>
      </trkpt>
      <trkpt lat="51.234394954517484" lon="-0.09154622443020344">
        <ele>135.95</ele>
      </trkpt>
      <trkpt lat="51.23437995091081" lon="-0.09111497551202774">
        <ele>136.81</ele>
      </trkpt>
      <trkpt lat="51.23436494730413" lon="-0.09068121202290058">
        <ele>137.72</ele>
      </trkpt>
      <trkpt lat="51.23434994369745" lon="-0.09024996310472488">
        <ele>138.47</ele>
      </trkpt>
      <trkpt lat="51.23436000198126" lon="-0.08996916934847832">
        <ele>139.32</ele>
      </trkpt>
      <trkpt lat="51.23436997644603" lon="-0.08968996815383434">
        <ele>140.21</ele>
      </trkpt>
      <trkpt lat="51.23433988541365" lon="-0.08928545750677586">
        <ele>141.14</ele>
      </trkpt>
      <trkpt lat="51.23430979438126" lon="-0.08888103067874908">
        <ele>142.07</ele>
      </trkpt>
      <trkpt lat="51.23427995480597" lon="-0.08847995661199093">
        <ele>143.03</ele>
      </trkpt>
      <trkpt lat="51.234226478263736" lon="-0.08802205324172974">
        <ele>143.94</ele>
      </trkpt>
      <trkpt lat="51.2341730017215" lon="-0.08756406605243683">
        <ele>144.93</ele>
      </trkpt>
      <trkpt lat="51.234119944274426" lon="-0.08710993453860283">
        <ele>145.9</ele>
      </trkpt>
      <trkpt lat="51.23408650048077" lon="-0.08668874390423298">
        <ele>146.62</ele>
      </trkpt>
      <trkpt lat="51.23405314050615" lon="-0.08626755326986313">
        <ele>147.14</ele>
      </trkpt>
      <trkpt lat="51.23401994816959" lon="-0.08584996685385704">
        <ele>147.4</ele>
      </trkpt>
      <trkpt lat="51.23403998091817" lon="-0.08538996800780296">
        <ele>147.71</ele>
      </trkpt>
      <trkpt lat="51.23408993706107" lon="-0.08504999801516533">
        <ele>147.94</ele>
      </trkpt>
      <trkpt lat="51.23406998813152" lon="-0.08485998027026653">
        <ele>147.87</ele>
      </trkpt>
      <trkpt lat="51.23409999534488" lon="-0.08450995199382305">
        <ele>147.79</ele>
      </trkpt>
      <trkpt lat="51.23399999924004" lon="-0.0841399747878313">
        <ele>147.36</ele>
      </trkpt>
      <trkpt lat="51.23399999924004" lon="-0.08385993540287018">
        <ele>146.85</ele>
      </trkpt>
      <trkpt lat="51.233879970386624" lon="-0.08364996872842312">
        <ele>146.09</ele>
      </trkpt>
      <trkpt lat="51.233859937638044" lon="-0.08349993266165257">
        <ele>145.4</ele>
      </trkpt>
      <trkpt lat="51.23374971561134" lon="-0.08317421190440655">
        <ele>144.59</ele>
      </trkpt>
      <trkpt lat="51.23363999649882" lon="-0.08284999988973141">
        <ele>143.76</ele>
      </trkpt>
      <trkpt lat="51.23352994211018" lon="-0.08259996771812439">
        <ele>142.76</ele>
      </trkpt>
      <trkpt lat="51.233459785580635" lon="-0.08215874433517456">
        <ele>141.79</ele>
      </trkpt>
      <trkpt lat="51.233389964327216" lon="-0.08171995170414448">
        <ele>140.83</ele>
      </trkpt>
      <trkpt lat="51.23330991715193" lon="-0.08146991953253746">
        <ele>139.83</ele>
      </trkpt>
      <trkpt lat="51.23326985165477" lon="-0.08112902753055096">
        <ele>138.88</ele>
      </trkpt>
      <trkpt lat="51.23322995379567" lon="-0.08078997954726219">
        <ele>137.97</ele>
      </trkpt>
      <trkpt lat="51.23309995047748" lon="-0.08067992515861988">
        <ele>137.24</ele>
      </trkpt>
      <trkpt lat="51.232889983803034" lon="-0.08070993237197399">
        <ele>136.63</ele>
      </trkpt>
      <trkpt lat="51.23277992941439" lon="-0.08078997954726219">
        <ele>136.18</ele>
      </trkpt>
      <trkpt lat="51.23265998438001" lon="-0.08074999786913395">
        <ele>135.86</ele>
      </trkpt>
      <trkpt lat="51.23260994441807" lon="-0.08063994348049164">
        <ele>135.73</ele>
      </trkpt>
      <trkpt lat="51.232534758746624" lon="-0.08033417165279388">
        <ele>135.77</ele>
      </trkpt>
      <trkpt lat="51.232459992170334" lon="-0.08002999238669872">
        <ele>136.0</ele>
      </trkpt>
      <trkpt lat="51.2324099522084" lon="-0.07953998632729053">
        <ele>136.48</ele>
      </trkpt>
      <trkpt lat="51.23247013427317" lon="-0.07912382483482361">
        <ele>137.12</ele>
      </trkpt>
      <trkpt lat="51.232529981061816" lon="-0.078709926456213">
        <ele>137.88</ele>
      </trkpt>
      <trkpt lat="51.23263995163143" lon="-0.07852996699512005">
        <ele>138.62</ele>
      </trkpt>
      <trkpt lat="51.232865089550614" lon="-0.07869509048759937">
        <ele>139.58</ele>
      </trkpt>
      <trkpt lat="51.23308997601271" lon="-0.07885996252298355">
        <ele>140.67</ele>
      </trkpt>
      <trkpt lat="51.23337998986244" lon="-0.07884998805820942">
        <ele>141.84</ele>
      </trkpt>
      <trkpt lat="51.23354997485876" lon="-0.07880992256104946">
        <ele>143.01</ele>
      </trkpt>
      <trkpt lat="51.233689952641726" lon="-0.07866994477808475">
        <ele>144.18</ele>
      </trkpt>
      <trkpt lat="51.23380998149514" lon="-0.07844991981983185">
        <ele>145.32</ele>
      </trkpt>
      <trkpt lat="51.233879970386624" lon="-0.07827993482351303">
        <ele>146.39</ele>
      </trkpt>
      <trkpt lat="51.23393998481333" lon="-0.07787995040416718">
        <ele>147.34</ele>
      </trkpt>
      <trkpt lat="51.23399999924004" lon="-0.07759999483823776">
        <ele>148.24</ele>
      </trkpt>
      <trkpt lat="51.23409999534488" lon="-0.0773099809885025">
        <ele>149.13</ele>
      </trkpt>
      <trkpt lat="51.23386966064572" lon="-0.07702457718551159">
        <ele>149.59</ele>
      </trkpt>
      <trkpt lat="51.23363999649882" lon="-0.07673992775380611">
        <ele>149.95</ele>
      </trkpt>
      <trkpt lat="51.233589788898826" lon="-0.07646927610039711">
        <ele>150.45</ele>
      </trkpt>
      <trkpt lat="51.233539916574955" lon="-0.07619996555149555">
        <ele>150.82</ele>
      </trkpt>
      <trkpt lat="51.23347478918731" lon="-0.07571859285235405">
        <ele>151.08</ele>
      </trkpt>
      <trkpt lat="51.233409997075796" lon="-0.07523998618125916">
        <ele>151.07</ele>
      </trkpt>
      <trkpt lat="51.2332646548748" lon="-0.0748792290687561">
        <ele>150.79</ele>
      </trkpt>
      <trkpt lat="51.23311998322606" lon="-0.07451998069882393">
        <ele>150.61</ele>
      </trkpt>
      <trkpt lat="51.23306994326413" lon="-0.07430993020534515">
        <ele>150.41</ele>
      </trkpt>
      <trkpt lat="51.23301479034126" lon="-0.0738636776804924">
        <ele>150.12</ele>
      </trkpt>
      <trkpt lat="51.232959972694516" lon="-0.07341993972659111">
        <ele>149.69</ele>
      </trkpt>
      <trkpt lat="51.23282468877733" lon="-0.07303906604647636">
        <ele>149.18</ele>
      </trkpt>
      <trkpt lat="51.23268999159336" lon="-0.07265995256602764">
        <ele>148.63</ele>
      </trkpt>
      <trkpt lat="51.2325999699533" lon="-0.07256993092596531">
        <ele>148.05</ele>
      </trkpt>
      <trkpt lat="51.232534758746624" lon="-0.07229425013065338">
        <ele>147.48</ele>
      </trkpt>
      <trkpt lat="51.23246996663511" lon="-0.07201999425888062">
        <ele>146.84</ele>
      </trkpt>
      <trkpt lat="51.23252511955798" lon="-0.07165898568928242">
        <ele>146.26</ele>
      </trkpt>
      <trkpt lat="51.23257993720472" lon="-0.07129998877644539">
        <ele>145.73</ele>
      </trkpt>
      <trkpt lat="51.23258496634662" lon="-0.07092389278113842">
        <ele>145.24</ele>
      </trkpt>
      <trkpt lat="51.232589995488524" lon="-0.07054997608065605">
        <ele>144.81</ele>
      </trkpt>
      <trkpt lat="51.23257658444345" lon="-0.07016885094344616">
        <ele>144.52</ele>
      </trkpt>
      <trkpt lat="51.23256325721741" lon="-0.06978780962526798">
        <ele>144.39</ele>
      </trkpt>
      <trkpt lat="51.232549929991364" lon="-0.06940995343029499">
        <ele>144.3</ele>
      </trkpt>
      <trkpt lat="51.232570046558976" lon="-0.06915422156453133">
        <ele>144.38</ele>
      </trkpt>
      <trkpt lat="51.232589995488524" lon="-0.06889999844133854">
        <ele>144.55</ele>
      </trkpt>
      <trkpt lat="51.232638442888856" lon="-0.06851719692349434">
        <ele>144.89</ele>
      </trkpt>
      <trkpt lat="51.23268689028919" lon="-0.06813447922468185">
        <ele>145.37</ele>
      </trkpt>
      <trkpt lat="51.23273491859436" lon="-0.06775494664907455">
        <ele>145.98</ele>
      </trkpt>
      <trkpt lat="51.232783449813724" lon="-0.06737222895026207">
        <ele>146.67</ele>
      </trkpt>
      <trkpt lat="51.232831897214055" lon="-0.06698951125144958">
        <ele>147.4</ele>
      </trkpt>
      <trkpt lat="51.23287992551923" lon="-0.06660997867584229">
        <ele>148.25</ele>
      </trkpt>
      <trkpt lat="51.23287498019636" lon="-0.06612357683479786">
        <ele>149.12</ele>
      </trkpt>
      <trkpt lat="51.232869951054454" lon="-0.06563994102180004">
        <ele>150.02</ele>
      </trkpt>
      <trkpt lat="51.2327897362411" lon="-0.06535428576171398">
        <ele>150.9</ele>
      </trkpt>
      <trkpt lat="51.23270994052291" lon="-0.06506997160613537">
        <ele>151.87</ele>
      </trkpt>
      <trkpt lat="51.232567112892866" lon="-0.06467660889029503">
        <ele>152.69</ele>
      </trkpt>
      <trkpt lat="51.23242495581508" lon="-0.064284922555089">
        <ele>153.56</ele>
      </trkpt>
      <trkpt lat="51.232282128185034" lon="-0.06389155983924866">
        <ele>154.79</ele>
      </trkpt>
      <trkpt lat="51.232139971107244" lon="-0.06349995732307434">
        <ele>156.05</ele>
      </trkpt>
      <trkpt lat="51.23206998221576" lon="-0.06334992125630379">
        <ele>157.35</ele>
      </trkpt>
      <trkpt lat="51.23188993893564" lon="-0.06327993236482143">
        <ele>158.66</ele>
      </trkpt>
      <trkpt lat="51.23177996836603" lon="-0.06310994736850262">
        <ele>159.89</ele>
      </trkpt>
      <trkpt lat="51.23167997226119" lon="-0.06288992241024971">
        <ele>161.03</ele>
      </trkpt>
      <trkpt lat="51.231629932299256" lon="-0.06255992688238621">
        <ele>162.19</ele>
      </trkpt>
      <trkpt lat="51.23160998336971" lon="-0.06223998963832855">
        <ele>163.26</ele>
      </trkpt>
      <trkpt lat="51.23167997226119" lon="-0.061809998005628586">
        <ele>164.28</ele>
      </trkpt>
      <trkpt lat="51.23182992450893" lon="-0.06153993308544159">
        <ele>165.26</ele>
      </trkpt>
      <trkpt lat="51.23201994225383" lon="-0.06133994087576866">
        <ele>166.23</ele>
      </trkpt>
      <trkpt lat="51.232249941676855" lon="-0.06133994087576866">
        <ele>167.33</ele>
      </trkpt>
      <trkpt lat="51.23230995610356" lon="-0.06130993366241455">
        <ele>168.24</ele>
      </trkpt>
      <trkpt lat="51.23249502852559" lon="-0.061365002766251564">
        <ele>169.18</ele>
      </trkpt>
      <trkpt lat="51.232679933309555" lon="-0.06141998805105686">
        <ele>170.04</ele>
      </trkpt>
      <trkpt lat="51.23285503126681" lon="-0.06144496612250805">
        <ele>170.71</ele>
      </trkpt>
      <trkpt lat="51.233029961586" lon="-0.061469944193959236">
        <ele>171.2</ele>
      </trkpt>
      <trkpt lat="51.2332199793309" lon="-0.061469944193959236">
        <ele>171.52</ele>
      </trkpt>
      <trkpt lat="51.23349993489683" lon="-0.06139995530247688">
        <ele>171.72</ele>
      </trkpt>
      <trkpt lat="51.23380998149514" lon="-0.06144999526441097">
        <ele>171.73</ele>
      </trkpt>
      <trkpt lat="51.23404501006007" lon="-0.06138998083770275">
        <ele>171.51</ele>
      </trkpt>
      <trkpt lat="51.23427995480597" lon="-0.06132996641099453">
        <ele>171.03</ele>
      </trkpt>
      <trkpt lat="51.23453686013818" lon="-0.06111983209848404">
        <ele>170.31</ele>
      </trkpt>
      <trkpt lat="51.234793681651354" lon="-0.060909613966941833">
        <ele>169.3</ele>
      </trkpt>
      <trkpt lat="51.23504991643131" lon="-0.060699982568621635">
        <ele>168.02</ele>
      </trkpt>
      <trkpt lat="51.23525678180158" lon="-0.06050979718565941">
        <ele>166.5</ele>
      </trkpt>
      <trkpt lat="51.235463647171855" lon="-0.06031961180269718">
        <ele>164.8</ele>
      </trkpt>
      <trkpt lat="51.23566992580891" lon="-0.06012992933392525">
        <ele>162.92</ele>
      </trkpt>
      <trkpt lat="51.23588349670172" lon="-0.05991979502141476">
        <ele>160.86</ele>
      </trkpt>
      <trkpt lat="51.23609706759453" lon="-0.05970957688987255">
        <ele>158.65</ele>
      </trkpt>
      <trkpt lat="51.236309967935085" lon="-0.05949994549155235">
        <ele>156.32</ele>
      </trkpt>
      <trkpt lat="51.236602663993835" lon="-0.059322332963347435">
        <ele>153.76</ele>
      </trkpt>
      <trkpt lat="51.23689494095743" lon="-0.05914497189223766">
        <ele>151.01</ele>
      </trkpt>
      <trkpt lat="51.23718763701618" lon="-0.058967359364032745">
        <ele>148.29</ele>
      </trkpt>
      <trkpt lat="51.2374799977988" lon="-0.058789998292922974">
        <ele>145.48</ele>
      </trkpt>
      <trkpt lat="51.23776012100279" lon="-0.05864490754902363">
        <ele>142.59</ele>
      </trkpt>
      <trkpt lat="51.23803999274969" lon="-0.058499984443187714">
        <ele>139.6</ele>
      </trkpt>
      <trkpt lat="51.238280050456524" lon="-0.05840996280312538">
        <ele>136.56</ele>
      </trkpt>
      <trkpt lat="51.23851994052529" lon="-0.05831994116306305">
        <ele>133.69</ele>
      </trkpt>
      <trkpt lat="51.23869520612061" lon="-0.05810469388961792">
        <ele>130.99</ele>
      </trkpt>
      <trkpt lat="51.23886996880174" lon="-0.05788994953036308">
        <ele>128.28</ele>
      </trkpt>
      <trkpt lat="51.239079935476184" lon="-0.05751997232437134">
        <ele>125.57</ele>
      </trkpt>
      <trkpt lat="51.238979771733284" lon="-0.05728444084525108">
        <ele>123.01</ele>
      </trkpt>
      <trkpt lat="51.23887994326651" lon="-0.05704999901354313">
        <ele>120.47</ele>
      </trkpt>
      <trkpt lat="51.23878992162645" lon="-0.05677993409335613">
        <ele>118.04</ele>
      </trkpt>
      <trkpt lat="51.23886519111693" lon="-0.056413980200886726">
        <ele>115.47</ele>
      </trkpt>
      <trkpt lat="51.23893995769322" lon="-0.056049954146146774">
        <ele>112.94</ele>
      </trkpt>
      <trkpt lat="51.23900013975799" lon="-0.05570906214416027">
        <ele>110.63</ele>
      </trkpt>
      <trkpt lat="51.239059986546636" lon="-0.05536993034183979">
        <ele>108.35</ele>
      </trkpt>
      <trkpt lat="51.239100052043796" lon="-0.05502903833985329">
        <ele>106.38</ele>
      </trkpt>
      <trkpt lat="51.23914020135999" lon="-0.05468806251883507">
        <ele>104.59</ele>
      </trkpt>
      <trkpt lat="51.23917993158102" lon="-0.05434993654489517">
        <ele>103.05</ele>
      </trkpt>
      <trkpt lat="51.23918496072292" lon="-0.05398389883339405">
        <ele>101.65</ele>
      </trkpt>
      <trkpt lat="51.239189989864826" lon="-0.053619956597685814">
        <ele>100.35</ele>
      </trkpt>
      <trkpt lat="51.239099968224764" lon="-0.053149983286857605">
        <ele>99.11</ele>
      </trkpt>
      <trkpt lat="51.239079935476184" lon="-0.0528199877589941">
        <ele>98.0</ele>
      </trkpt>
      <trkpt lat="51.239099968224764" lon="-0.05275997333228588">
        <ele>97.08</ele>
      </trkpt>
      <trkpt lat="51.23936014249921" lon="-0.05292006768286228">
        <ele>96.36</ele>
      </trkpt>
      <trkpt lat="51.239619981497526" lon="-0.05307999439537525">
        <ele>95.76</ele>
      </trkpt>
      <trkpt lat="51.23988007195294" lon="-0.05324008874595165">
        <ele>95.17</ele>
      </trkpt>
      <trkpt lat="51.24013999477029" lon="-0.05339993163943291">
        <ele>94.55</ele>
      </trkpt>
      <trkpt lat="51.24028994701803" lon="-0.05350998602807522">
        <ele>94.03</ele>
      </trkpt>
      <trkpt lat="51.2404399830848" lon="-0.05373998545110226">
        <ele>93.54</ele>
      </trkpt>
      <trkpt lat="51.24050997197628" lon="-0.053949952125549316">
        <ele>93.14</ele>
      </trkpt>
      <trkpt lat="51.24071993865073" lon="-0.053619956597685814">
        <ele>92.89</ele>
      </trkpt>
      <trkpt lat="51.240759920328856" lon="-0.05350998602807522">
        <ele>92.66</ele>
      </trkpt>
      <trkpt lat="51.24076997861266" lon="-0.053379982709884644">
        <ele>92.46</ele>
      </trkpt>
      <trkpt lat="51.240759920328856" lon="-0.053039006888866425">
        <ele>92.27</ele>
      </trkpt>
      <trkpt lat="51.24074994586408" lon="-0.05269995890557766">
        <ele>92.05</ele>
      </trkpt>
      <trkpt lat="51.24072999693453" lon="-0.052599962800741196">
        <ele>91.95</ele>
      </trkpt>
      <trkpt lat="51.240669982507825" lon="-0.05255998112261295">
        <ele>91.94</ele>
      </trkpt>
      <trkpt lat="51.24053972773254" lon="-0.05234959535300732">
        <ele>91.93</ele>
      </trkpt>
      <trkpt lat="51.240409975871444" lon="-0.05213996395468712">
        <ele>91.89</ele>
      </trkpt>
      <trkpt lat="51.240349961444736" lon="-0.0519699789583683">
        <ele>91.9</ele>
      </trkpt>
      <trkpt lat="51.24031995423138" lon="-0.051749954000115395">
        <ele>91.96</ele>
      </trkpt>
      <trkpt lat="51.24020998366177" lon="-0.05133999511599541">
        <ele>91.96</ele>
      </trkpt>
      <trkpt lat="51.24020998366177" lon="-0.051249973475933075">
        <ele>92.12</ele>
      </trkpt>
      <trkpt lat="51.2402499653399" lon="-0.05108996294438839">
        <ele>92.35</ele>
      </trkpt>
      <trkpt lat="51.240109987556934" lon="-0.05082995630800724">
        <ele>92.56</ele>
      </trkpt>
      <trkpt lat="51.240049973130226" lon="-0.050719985738396645">
        <ele>92.89</ele>
      </trkpt>
      <trkpt lat="51.239929692819715" lon="-0.05039426498115063">
        <ele>93.32</ele>
      </trkpt>
      <trkpt lat="51.239809999242425" lon="-0.05006996914744377">
        <ele>93.85</ele>
      </trkpt>
      <trkpt lat="51.23971997760236" lon="-0.049639977514743805">
        <ele>94.41</ele>
      </trkpt>
      <trkpt lat="51.23966993764043" lon="-0.04917997866868973">
        <ele>95.0</ele>
      </trkpt>
      <trkpt lat="51.239659963175654" lon="-0.04889918491244316">
        <ele>95.54</ele>
      </trkpt>
      <trkpt lat="51.23964998871088" lon="-0.04861998371779919">
        <ele>96.09</ele>
      </trkpt>
      <trkpt lat="51.23960992321372" lon="-0.04833994433283806">
        <ele>96.59</ele>
      </trkpt>
      <trkpt lat="51.23951998539269" lon="-0.048089995980262756">
        <ele>96.94</ele>
      </trkpt>
      <trkpt lat="51.23939995653927" lon="-0.04806996323168278">
        <ele>97.16</ele>
      </trkpt>
      <trkpt lat="51.23931999318302" lon="-0.04775991663336754">
        <ele>97.48</ele>
      </trkpt>
      <trkpt lat="51.23928487300873" lon="-0.047454144805669785">
        <ele>97.85</ele>
      </trkpt>
      <trkpt lat="51.2392499204725" lon="-0.04714996553957462">
        <ele>98.22</ele>
      </trkpt>
      <trkpt lat="51.239169957116246" lon="-0.04681997001171112">
        <ele>98.54</ele>
      </trkpt>
      <trkpt lat="51.239118156954646" lon="-0.04646901972591877">
        <ele>98.79</ele>
      </trkpt>
      <trkpt lat="51.239066356793046" lon="-0.04611806944012642">
        <ele>99.02</ele>
      </trkpt>
      <trkpt lat="51.239014975726604" lon="-0.04576996900141239">
        <ele>99.19</ele>
      </trkpt>
      <trkpt lat="51.238963175565004" lon="-0.04541901871562004">
        <ele>99.3</ele>
      </trkpt>
      <trkpt lat="51.238911375403404" lon="-0.04506806842982769">
        <ele>99.37</ele>
      </trkpt>
      <trkpt lat="51.23885999433696" lon="-0.04471996799111366">
        <ele>99.5</ele>
      </trkpt>
      <trkpt lat="51.238804841414094" lon="-0.04429877735674381">
        <ele>99.61</ele>
      </trkpt>
      <trkpt lat="51.238749688491225" lon="-0.04387758672237396">
        <ele>99.55</ele>
      </trkpt>
      <trkpt lat="51.238694954663515" lon="-0.04345991648733616">
        <ele>99.46</ele>
      </trkpt>
      <trkpt lat="51.238639801740646" lon="-0.043038809671998024">
        <ele>99.39</ele>
      </trkpt>
      <trkpt lat="51.23858464881778" lon="-0.042617619037628174">
        <ele>99.24</ele>
      </trkpt>
      <trkpt lat="51.2385299988091" lon="-0.04219994880259037">
        <ele>99.0</ele>
      </trkpt>
      <trkpt lat="51.23849990777671" lon="-0.041808849200606346">
        <ele>98.71</ele>
      </trkpt>
      <trkpt lat="51.23846981674433" lon="-0.04141774959862232">
        <ele>98.35</ele>
      </trkpt>
      <trkpt lat="51.23843997716904" lon="-0.0410299189388752">
        <ele>97.94</ele>
      </trkpt>
      <trkpt lat="51.23840988613665" lon="-0.040638819336891174">
        <ele>97.57</ele>
      </trkpt>
      <trkpt lat="51.238379795104265" lon="-0.04024771973490715">
        <ele>97.25</ele>
      </trkpt>
      <trkpt lat="51.238349955528975" lon="-0.03985997289419174">
        <ele>97.01</ele>
      </trkpt>
      <trkpt lat="51.23831986449659" lon="-0.03946887329220772">
        <ele>96.89</ele>
      </trkpt>
      <trkpt lat="51.2382897734642" lon="-0.039077773690223694">
        <ele>96.87</ele>
      </trkpt>
      <trkpt lat="51.23825993388891" lon="-0.03868994303047657">
        <ele>96.91</ele>
      </trkpt>
      <trkpt lat="51.23826999217272" lon="-0.038529932498931885">
        <ele>97.06</ele>
      </trkpt>
      <trkpt lat="51.2383399810642" lon="-0.038299933075904846">
        <ele>97.29</ele>
      </trkpt>
      <trkpt lat="51.238459926098585" lon="-0.038009919226169586">
        <ele>97.63</ele>
      </trkpt>
      <trkpt lat="51.23852010816336" lon="-0.03776935860514641">
        <ele>97.99</ele>
      </trkpt>
      <trkpt lat="51.238579954952" lon="-0.037529971450567245">
        <ele>98.35</ele>
      </trkpt>
      <trkpt lat="51.23867265880108" lon="-0.037098806351423264">
        <ele>98.8</ele>
      </trkpt>
      <trkpt lat="51.238764943555" lon="-0.03666998818516731">
        <ele>99.26</ele>
      </trkpt>
      <trkpt lat="51.238857731223106" lon="-0.03623882308602333">
        <ele>99.69</ele>
      </trkpt>
      <trkpt lat="51.23894993215799" lon="-0.035809921100735664">
        <ele>100.15</ele>
      </trkpt>
      <trkpt lat="51.23898002319038" lon="-0.03548906184732914">
        <ele>100.49</ele>
      </trkpt>
      <trkpt lat="51.2390099465847" lon="-0.03516996279358864">
        <ele>100.8</ele>
      </trkpt>
      <trkpt lat="51.239059986546636" lon="-0.0348599161952734">
        <ele>101.13</ele>
      </trkpt>
      <trkpt lat="51.239059986546636" lon="-0.03469998948276043">
        <ele>101.43</ele>
      </trkpt>
      <trkpt lat="51.23882990330458" lon="-0.03472999669611454">
        <ele>101.7</ele>
      </trkpt>
      <trkpt lat="51.23859998770058" lon="-0.034759920090436935">
        <ele>102.02</ele>
      </trkpt>
      <trkpt lat="51.23848993331194" lon="-0.03437996841967106">
        <ele>102.48</ele>
      </trkpt>
      <trkpt lat="51.238424805924296" lon="-0.034094229340553284">
        <ele>102.95</ele>
      </trkpt>
      <trkpt lat="51.23835992999375" lon="-0.033809999004006386">
        <ele>103.39</ele>
      </trkpt>
      <trkpt lat="51.23859018087387" lon="-0.03360648639500141">
        <ele>103.84</ele>
      </trkpt>
      <trkpt lat="51.23882034793496" lon="-0.03340297378599644">
        <ele>104.31</ele>
      </trkpt>
      <trkpt lat="51.23904992826283" lon="-0.033199964091181755">
        <ele>104.92</ele>
      </trkpt>
      <trkpt lat="51.2391999643296" lon="-0.033199964091181755">
        <ele>105.46</ele>
      </trkpt>
      <trkpt lat="51.23925997875631" lon="-0.03324992023408413">
        <ele>105.98</ele>
      </trkpt>
      <trkpt lat="51.2393899820745" lon="-0.03315998241305351">
        <ele>106.6</ele>
      </trkpt>
      <trkpt lat="51.239489978179336" lon="-0.0327199324965477">
        <ele>107.27</ele>
      </trkpt>
      <trkpt lat="51.23945997096598" lon="-0.03256998024880886">
        <ele>107.85</ele>
      </trkpt>
      <trkpt lat="51.23949006199837" lon="-0.03212372772395611">
        <ele>108.57</ele>
      </trkpt>
      <trkpt lat="51.23951998539269" lon="-0.03167998977005482">
        <ele>109.21</ele>
      </trkpt>
      <trkpt lat="51.239610174670815" lon="-0.031364159658551216">
        <ele>109.83</ele>
      </trkpt>
      <trkpt lat="51.23969994485378" lon="-0.031049922108650208">
        <ele>110.36</ele>
      </trkpt>
      <trkpt lat="51.23981016688049" lon="-0.03075932152569294">
        <ele>110.96</ele>
      </trkpt>
      <trkpt lat="51.239920472726226" lon="-0.030468720942735672">
        <ele>111.71</ele>
      </trkpt>
      <trkpt lat="51.240029940381646" lon="-0.030179964378476143">
        <ele>112.71</ele>
      </trkpt>
      <trkpt lat="51.24000487849116" lon="-0.02971862442791462">
        <ele>113.63</ele>
      </trkpt>
      <trkpt lat="51.239979984238744" lon="-0.02925996668636799">
        <ele>114.56</ele>
      </trkpt>
      <trkpt lat="51.239979984238744" lon="-0.028866352513432503">
        <ele>115.56</ele>
      </trkpt>
      <trkpt lat="51.239979984238744" lon="-0.028474917635321617">
        <ele>116.65</ele>
      </trkpt>
      <trkpt lat="51.239979984238744" lon="-0.02808130346238613">
        <ele>117.91</ele>
      </trkpt>
      <trkpt lat="51.239979984238744" lon="-0.02768995240330696">
        <ele>119.23</ele>
      </trkpt>
      <trkpt lat="51.23994989320636" lon="-0.027228612452745438">
        <ele>120.53</ele>
      </trkpt>
      <trkpt lat="51.239919969812036" lon="-0.026769954711198807">
        <ele>121.78</ele>
      </trkpt>
      <trkpt lat="51.24000018462539" lon="-0.026328815147280693">
        <ele>122.96</ele>
      </trkpt>
      <trkpt lat="51.24008039943874" lon="-0.025887591764330864">
        <ele>124.1</ele>
      </trkpt>
      <trkpt lat="51.24015994369984" lon="-0.025449972599744797">
        <ele>125.17</ele>
      </trkpt>
      <trkpt lat="51.24022515490651" lon="-0.02517429180443287">
        <ele>126.13</ele>
      </trkpt>
      <trkpt lat="51.24028994701803" lon="-0.024899952113628387">
        <ele>126.95</ele>
      </trkpt>
      <trkpt lat="51.24040016904473" lon="-0.024684537202119827">
        <ele>127.64</ele>
      </trkpt>
      <trkpt lat="51.24050997197628" lon="-0.02446996048092842">
        <ele>128.22</ele>
      </trkpt>
      <trkpt lat="51.24063025228679" lon="-0.02406151033937931">
        <ele>128.67</ele>
      </trkpt>
      <trkpt lat="51.24074994586408" lon="-0.023654988035559654">
        <ele>128.86</ele>
      </trkpt>
      <trkpt lat="51.24087022617459" lon="-0.02324645407497883">
        <ele>128.7</ele>
      </trkpt>
      <trkpt lat="51.24098991975188" lon="-0.022839931771159172">
        <ele>128.33</ele>
      </trkpt>
      <trkpt lat="51.241050101816654" lon="-0.022534159943461418">
        <ele>127.86</ele>
      </trkpt>
      <trkpt lat="51.2411099486053" lon="-0.022229980677366257">
        <ele>127.29</ele>
      </trkpt>
      <trkpt lat="51.241200137883425" lon="-0.0218991469591856">
        <ele>126.61</ele>
      </trkpt>
      <trkpt lat="51.241289991885424" lon="-0.02156998962163925">
        <ele>125.78</ele>
      </trkpt>
      <trkpt lat="51.24142016284168" lon="-0.021359603852033615">
        <ele>124.84</ele>
      </trkpt>
      <trkpt lat="51.241549998521805" lon="-0.021149972453713417">
        <ele>123.75</ele>
      </trkpt>
      <trkpt lat="51.241670195013285" lon="-0.020814193412661552">
        <ele>122.47</ele>
      </trkpt>
      <trkpt lat="51.241789972409606" lon="-0.020479923114180565">
        <ele>121.05</ele>
      </trkpt>
      <trkpt lat="51.24183992855251" lon="-0.020039957016706467">
        <ele>119.44</ele>
      </trkpt>
      <trkpt lat="51.24189508147538" lon="-0.019764192402362823">
        <ele>117.8</ele>
      </trkpt>
      <trkpt lat="51.24194998294115" lon="-0.019489936530590057">
        <ele>116.1</ele>
      </trkpt>
      <trkpt lat="51.24198007397354" lon="-0.019118869677186012">
        <ele>114.28</ele>
      </trkpt>
      <trkpt lat="51.24201016500592" lon="-0.018747886642813683">
        <ele>112.38</ele>
      </trkpt>
      <trkpt lat="51.24203992076218" lon="-0.018379921093583107">
        <ele>110.31</ele>
      </trkpt>
      <trkpt lat="51.242076717317104" lon="-0.01797884702682495">
        <ele>108.19</ele>
      </trkpt>
      <trkpt lat="51.24211351387203" lon="-0.01757768914103508">
        <ele>106.21</ele>
      </trkpt>
      <trkpt lat="51.242149975150824" lon="-0.01717996783554554">
        <ele>104.26</ele>
      </trkpt>
      <trkpt lat="51.242170007899404" lon="-0.016773780807852745">
        <ele>102.19</ele>
      </trkpt>
      <trkpt lat="51.24218995682895" lon="-0.01636994071304798">
        <ele>100.2</ele>
      </trkpt>
      <trkpt lat="51.242255168035626" lon="-0.015923772007226944">
        <ele>98.31</ele>
      </trkpt>
      <trkpt lat="51.24231996014714" lon="-0.015479950234293938">
        <ele>96.55</ele>
      </trkpt>
      <trkpt lat="51.242396822199225" lon="-0.015092287212610245">
        <ele>94.87</ele>
      </trkpt>
      <trkpt lat="51.24247368425131" lon="-0.014704624190926552">
        <ele>93.21</ele>
      </trkpt>
      <trkpt lat="51.24254995957017" lon="-0.014319978654384613">
        <ele>91.68</ele>
      </trkpt>
      <trkpt lat="51.24259010888636" lon="-0.014034155756235123">
        <ele>90.22</ele>
      </trkpt>
      <trkpt lat="51.242629922926426" lon="-0.013749925419688225">
        <ele>88.88</ele>
      </trkpt>
      <trkpt lat="51.242629922926426" lon="-0.0134290661662817">
        <ele>87.57</ele>
      </trkpt>
      <trkpt lat="51.242629922926426" lon="-0.013109967112541199">
        <ele>86.37</ele>
      </trkpt>
      <trkpt lat="51.24290753155947" lon="-0.013067470863461494">
        <ele>85.41</ele>
      </trkpt>
      <trkpt lat="51.243184972554445" lon="-0.01302497461438179">
        <ele>84.5</ele>
      </trkpt>
      <trkpt lat="51.243462497368455" lon="-0.012982478365302086">
        <ele>83.66</ele>
      </trkpt>
      <trkpt lat="51.24373993836343" lon="-0.012939982116222382">
        <ele>82.98</ele>
      </trkpt>
      <trkpt lat="51.243807915598154" lon="-0.01258903183043003">
        <ele>82.21</ele>
      </trkpt>
      <trkpt lat="51.243875892832875" lon="-0.01223808154463768">
        <ele>81.5</ele>
      </trkpt>
      <trkpt lat="51.243943283334374" lon="-0.011889981105923653">
        <ele>80.84</ele>
      </trkpt>
      <trkpt lat="51.244011260569096" lon="-0.011539030820131302">
        <ele>80.29</ele>
      </trkpt>
      <trkpt lat="51.24407923780382" lon="-0.011188080534338951">
        <ele>79.94</ele>
      </trkpt>
      <trkpt lat="51.244146628305316" lon="-0.010839980095624924">
        <ele>79.72</ele>
      </trkpt>
      <trkpt lat="51.24421460554004" lon="-0.010489029809832573">
        <ele>79.51</ele>
      </trkpt>
      <trkpt lat="51.24428258277476" lon="-0.010138079524040222">
        <ele>79.36</ele>
      </trkpt>
      <trkpt lat="51.24434997327626" lon="-0.009789979085326195">
        <ele>79.14</ele>
      </trkpt>
      <trkpt lat="51.244405126199126" lon="-0.009383875876665115">
        <ele>78.91</ele>
      </trkpt>
      <trkpt lat="51.24445994384587" lon="-0.008979951962828636">
        <ele>78.74</ele>
      </trkpt>
      <trkpt lat="51.24471508897841" lon="-0.009084977209568024">
        <ele>78.65</ele>
      </trkpt>
      <trkpt lat="51.244969982653856" lon="-0.009189918637275696">
        <ele>78.63</ele>
      </trkpt>
      <trkpt lat="51.24514005146921" lon="-0.00914490781724453">
        <ele>78.62</ele>
      </trkpt>
      <trkpt lat="51.245309952646494" lon="-0.009099980816245079">
        <ele>78.66</ele>
      </trkpt>
      <trkpt lat="51.24546996317804" lon="-0.009099980816245079">
        <ele>78.73</ele>
      </trkpt>
      <trkpt lat="51.245759977027774" lon="-0.009189918637275696">
        <ele>78.9</ele>
      </trkpt>
      <trkpt lat="51.24601000919938" lon="-0.009189918637275696">
        <ele>79.16</ele>
      </trkpt>
      <trkpt lat="51.246259957551956" lon="-0.009189918637275696">
        <ele>79.28</ele>
      </trkpt>
      <trkpt lat="51.24645994976163" lon="-0.009139962494373322">
        <ele>79.43</ele>
      </trkpt>
      <trkpt lat="51.2466601934284" lon="-0.00937524251639843">
        <ele>79.61</ele>
      </trkpt>
      <trkpt lat="51.246859934180975" lon="-0.00960993580520153">
        <ele>79.84</ele>
      </trkpt>
      <trkpt lat="51.24707995913923" lon="-0.009859967976808548">
        <ele>80.13</ele>
      </trkpt>
      <trkpt lat="51.247289925813675" lon="-0.010039927437901497">
        <ele>80.39</ele>
      </trkpt>
      <trkpt lat="51.24738992191851" lon="-0.010079992935061455">
        <ele>80.69</ele>
      </trkpt>
      <trkpt lat="51.24761497601867" lon="-0.010114945471286774">
        <ele>81.08</ele>
      </trkpt>
      <trkpt lat="51.24783994629979" lon="-0.010149981826543808">
        <ele>81.49</ele>
      </trkpt>
      <trkpt lat="51.248019989579916" lon="-0.01020999625325203">
        <ele>81.91</ele>
      </trkpt>
      <trkpt lat="51.24807992018759" lon="-0.01020999625325203">
        <ele>82.27</ele>
      </trkpt>
      <trkpt lat="51.248359959572554" lon="-0.010039927437901497">
        <ele>82.58</ele>
      </trkpt>
      <trkpt lat="51.24847998842597" lon="-0.010039927437901497">
        <ele>83.02</ele>
      </trkpt>
      <trkpt lat="51.2485199701041" lon="-0.010029952973127365">
        <ele>83.47</ele>
      </trkpt>
      <trkpt lat="51.248569926247" lon="-0.009909924119710922">
        <ele>83.9</ele>
      </trkpt>
      <trkpt lat="51.24860999174416" lon="-0.00989994965493679">
        <ele>84.45</ele>
      </trkpt>
      <trkpt lat="51.248709987849" lon="-0.009929956868290901">
        <ele>85.08</ele>
      </trkpt>
      <trkpt lat="51.24873999506235" lon="-0.009699957445263863">
        <ele>85.68</ele>
      </trkpt>
      <trkpt lat="51.248769918456674" lon="-0.009599961340427399">
        <ele>86.41</ele>
      </trkpt>
      <trkpt lat="51.24883999116719" lon="-0.009529972448945045">
        <ele>87.25</ele>
      </trkpt>
      <trkpt lat="51.24882993288338" lon="-0.009069973602890968">
        <ele>88.17</ele>
      </trkpt>
      <trkpt lat="51.248769918456674" lon="-0.008799992501735687">
        <ele>89.22</ele>
      </trkpt>
      <trkpt lat="51.248639998957515" lon="-0.008539985865354538">
        <ele>90.44</ele>
      </trkpt>
      <trkpt lat="51.248619966208935" lon="-0.008329935371875763">
        <ele>91.73</ele>
      </trkpt>
      <trkpt lat="51.248639998957515" lon="-0.007909918203949928">
        <ele>93.19</ele>
      </trkpt>
      <trkpt lat="51.248700097203255" lon="-0.007513873279094696">
        <ele>94.69</ele>
      </trkpt>
      <trkpt lat="51.2487599439919" lon="-0.007119923830032349">
        <ele>96.2</ele>
      </trkpt>
      <trkpt lat="51.248769918456674" lon="-0.006799986585974693">
        <ele>97.78</ele>
      </trkpt>
      <trkpt lat="51.248899921774864" lon="-0.006909957155585289">
        <ele>99.28</ele>
      </trkpt>
      <trkpt lat="51.24897996895015" lon="-0.006759921088814735">
        <ele>100.92</ele>
      </trkpt>
      <trkpt lat="51.24898994341493" lon="-0.006629917770624161">
        <ele>102.55</ele>
      </trkpt>
      <trkpt lat="51.2490551546216" lon="-0.006384328007698059">
        <ele>104.29</ele>
      </trkpt>
      <trkpt lat="51.24911994673312" lon="-0.006139995530247688">
        <ele>106.06</ele>
      </trkpt>
      <trkpt lat="51.24927023425698" lon="-0.005834391340613365">
        <ele>107.87</ele>
      </trkpt>
      <trkpt lat="51.24941993504763" lon="-0.0055299606174230576">
        <ele>109.6</ele>
      </trkpt>
      <trkpt lat="51.24955999664962" lon="-0.005209939554333687">
        <ele>111.31</ele>
      </trkpt>
      <trkpt lat="51.249609952792525" lon="-0.004959991201758385">
        <ele>113.0</ele>
      </trkpt>
      <trkpt lat="51.249653454869986" lon="-0.004592277109622955">
        <ele>114.76</ele>
      </trkpt>
      <trkpt lat="51.249696873128414" lon="-0.004224563017487526">
        <ele>116.46</ele>
      </trkpt>
      <trkpt lat="51.249739956110716" lon="-0.003859950229525566">
        <ele>118.16</ele>
      </trkpt>
      <trkpt lat="51.24970483593643" lon="-0.003418726846575737">
        <ele>119.9</ele>
      </trkpt>
      <trkpt lat="51.24966996721923" lon="-0.0029799342155456543">
        <ele>121.54</ele>
      </trkpt>
      <trkpt lat="51.24969335272908" lon="-0.002608867362141609">
        <ele>123.07</ele>
      </trkpt>
      <trkpt lat="51.24971673823893" lon="-0.0022378843277692795">
        <ele>124.61</ele>
      </trkpt>
      <trkpt lat="51.249739956110716" lon="-0.001869918778538704">
        <ele>126.2</ele>
      </trkpt>
      <trkpt lat="51.24966996721923" lon="-0.0015199743211269379">
        <ele>127.72</ele>
      </trkpt>
      <trkpt lat="51.24955630861223" lon="-0.0011022202670574188">
        <ele>129.21</ele>
      </trkpt>
      <trkpt lat="51.24944273382425" lon="-0.0006845500320196152">
        <ele>130.64</ele>
      </trkpt>
      <trkpt lat="51.249329997226596" lon="-0.00026998110115528107">
        <ele>131.99</ele>
      </trkpt>
      <trkpt lat="51.24922304414213" lon="0.00009085983037948608">
        <ele>133.48</ele>
      </trkpt>
      <trkpt lat="51.24911609105766" lon="0.00045170076191425323">
        <ele>134.9</ele>
      </trkpt>
      <trkpt lat="51.24900997616351" lon="0.0008099433034658432">
        <ele>136.31</ele>
      </trkpt>
      <trkpt lat="51.24901995062828" lon="0.0008499249815940857">
        <ele>137.69</ele>
      </trkpt>
      <trkpt lat="51.249085161834955" lon="0.001130634918808937">
        <ele>139.14</ele>
      </trkpt>
      <trkpt lat="51.24914995394647" lon="0.0014099199324846268">
        <ele>140.58</ele>
      </trkpt>
      <trkpt lat="51.249315328896046" lon="0.0018358882516622543">
        <ele>142.06</ele>
      </trkpt>
      <trkpt lat="51.249479949474335" lon="0.002259928733110428">
        <ele>143.5</ele>
      </trkpt>
      <trkpt lat="51.24965521506965" lon="0.002500321716070175">
        <ele>144.91</ele>
      </trkpt>
      <trkpt lat="51.24982997775078" lon="0.002739960327744484">
        <ele>146.32</ele>
      </trkpt>
      <trkpt lat="51.25000013038516" lon="0.002910112962126732">
        <ele>147.73</ele>
      </trkpt>
      <trkpt lat="51.250169947743416" lon="0.0030799303203821182">
        <ele>149.18</ele>
      </trkpt>
      <trkpt lat="51.250359965488315" lon="0.003419984132051468">
        <ele>150.58</ele>
      </trkpt>
      <trkpt lat="51.250463565811515" lon="0.0037239957600831985">
        <ele>151.93</ele>
      </trkpt>
      <trkpt lat="51.25056708231568" lon="0.004028007388114929">
        <ele>153.27</ele>
      </trkpt>
      <trkpt lat="51.2506699282676" lon="0.004329923540353775">
        <ele>154.56</ele>
      </trkpt>
      <trkpt lat="51.250780234113336" lon="0.004694117233157158">
        <ele>155.77</ele>
      </trkpt>
      <trkpt lat="51.25089045614004" lon="0.005058310925960541">
        <ele>156.87</ele>
      </trkpt>
      <trkpt lat="51.25099992379546" lon="0.005419990047812462">
        <ele>157.92</ele>
      </trkpt>
      <trkpt lat="51.2511102296412" lon="0.005784183740615845">
        <ele>158.74</ele>
      </trkpt>
      <trkpt lat="51.251220451667905" lon="0.006148377433419228">
        <ele>159.39</ele>
      </trkpt>
      <trkpt lat="51.251329919323325" lon="0.006509972736239433">
        <ele>159.93</ele>
      </trkpt>
      <trkpt lat="51.25133494846523" lon="0.006876010447740555">
        <ele>160.51</ele>
      </trkpt>
      <trkpt lat="51.25133997760713" lon="0.0072399526834487915">
        <ele>160.99</ele>
      </trkpt>
      <trkpt lat="51.25137995928526" lon="0.0075299665331840515">
        <ele>161.29</ele>
      </trkpt>
      <trkpt lat="51.251499988138676" lon="0.007889969274401665">
        <ele>161.47</ele>
      </trkpt>
      <trkpt lat="51.251620184630156" lon="0.008185598999261856">
        <ele>161.55</ele>
      </trkpt>
      <trkpt lat="51.25174046494067" lon="0.008481228724122047">
        <ele>161.58</ele>
      </trkpt>
      <trkpt lat="51.25185999087989" lon="0.008774930611252785">
        <ele>161.56</ele>
      </trkpt>
      <trkpt lat="51.25198018737137" lon="0.009070560336112976">
        <ele>161.42</ele>
      </trkpt>
      <trkpt lat="51.252100467681885" lon="0.009366190060973167">
        <ele>161.12</ele>
      </trkpt>
      <trkpt lat="51.25221999362111" lon="0.00965997576713562">
        <ele>160.71</ele>
      </trkpt>
      <trkpt lat="51.25239031389356" lon="0.010050740092992783">
        <ele>160.09</ele>
      </trkpt>
      <trkpt lat="51.252560634166" lon="0.010441504418849945">
        <ele>159.46</ele>
      </trkpt>
      <trkpt lat="51.25272994861007" lon="0.010829921811819077">
        <ele>158.74</ele>
      </trkpt>
      <trkpt lat="51.2528835888952" lon="0.011167293414473534">
        <ele>158.06</ele>
      </trkpt>
      <trkpt lat="51.253037229180336" lon="0.011504581198096275">
        <ele>157.29</ele>
      </trkpt>
      <trkpt lat="51.25318994745612" lon="0.011839941143989563">
        <ele>156.52</ele>
      </trkpt>
      <trkpt lat="51.253335205838084" lon="0.012120483443140984">
        <ele>155.77</ele>
      </trkpt>
      <trkpt lat="51.25347996130586" lon="0.012399936094880104">
        <ele>154.98</ele>
      </trkpt>
      <trkpt lat="51.25360015779734" lon="0.01261032186448574">
        <ele>154.21</ele>
      </trkpt>
      <trkpt lat="51.25371993519366" lon="0.012819953262805939">
        <ele>153.46</ele>
      </trkpt>
      <trkpt lat="51.25380995683372" lon="0.013049952685832977">
        <ele>152.74</ele>
      </trkpt>
      <trkpt lat="51.253859996795654" lon="0.013279952108860016">
        <ele>152.05</ele>
      </trkpt>
      <trkpt lat="51.253859996795654" lon="0.013656048104166985">
        <ele>151.42</ele>
      </trkpt>
      <trkpt lat="51.253859996795654" lon="0.014029964804649353">
        <ele>150.72</ele>
      </trkpt>
      <trkpt lat="51.25389503315091" lon="0.014431122690439224">
        <ele>150.0</ele>
      </trkpt>
      <trkpt lat="51.25392998568714" lon="0.014829933643341064">
        <ele>149.4</ele>
      </trkpt>
      <trkpt lat="51.25400994904339" lon="0.015269983559846878">
        <ele>148.91</ele>
      </trkpt>
      <trkpt lat="51.25403995625675" lon="0.015619928017258644">
        <ele>148.47</ele>
      </trkpt>
      <trkpt lat="51.25399997457862" lon="0.015849927440285683">
        <ele>148.07</ele>
      </trkpt>
      <trkpt lat="51.25386997126043" lon="0.016029970720410347">
        <ele>147.7</ele>
      </trkpt>
      <trkpt lat="51.25376997515559" lon="0.01615997403860092">
        <ele>147.33</ele>
      </trkpt>
      <trkpt lat="51.2537348549813" lon="0.016515953466296196">
        <ele>147.01</ele>
      </trkpt>
      <trkpt lat="51.25369998626411" lon="0.0168699212372303">
        <ele>146.73</ele>
      </trkpt>
      <trkpt lat="51.25361993908882" lon="0.017259931191802025">
        <ele>146.45</ele>
      </trkpt>
      <trkpt lat="51.25352991744876" lon="0.017609959468245506">
        <ele>146.34</ele>
      </trkpt>
      <trkpt lat="51.253349957987666" lon="0.01796996220946312">
        <ele>146.36</ele>
      </trkpt>
      <trkpt lat="51.25324996188283" lon="0.018309932202100754">
        <ele>146.53</ele>
      </trkpt>
      <trkpt lat="51.25317997299135" lon="0.018619978800415993">
        <ele>146.81</ele>
      </trkpt>
      <trkpt lat="51.25302214175463" lon="0.018978137522935867">
        <ele>147.15</ele>
      </trkpt>
      <trkpt lat="51.25286498107016" lon="0.019334955140948296">
        <ele>147.59</ele>
      </trkpt>
      <trkpt lat="51.25270714983344" lon="0.019693197682499886">
        <ele>148.1</ele>
      </trkpt>
      <trkpt lat="51.252549989148974" lon="0.0200499314814806">
        <ele>148.65</ele>
      </trkpt>
      <trkpt lat="51.252436414361" lon="0.020357295870780945">
        <ele>149.25</ele>
      </trkpt>
      <trkpt lat="51.252322755753994" lon="0.02066466026008129">
        <ele>149.96</ele>
      </trkpt>
      <trkpt lat="51.252209935337305" lon="0.020969929173588753">
        <ele>150.72</ele>
      </trkpt>
      <trkpt lat="51.25209636054933" lon="0.0212772935628891">
        <ele>151.6</ele>
      </trkpt>
      <trkpt lat="51.251982785761356" lon="0.021584657952189445">
        <ele>152.5</ele>
      </trkpt>
      <trkpt lat="51.25186996534467" lon="0.021889926865696907">
        <ele>153.39</ele>
      </trkpt>
      <trkpt lat="51.25185999087989" lon="0.022189998999238014">
        <ele>154.24</ele>
      </trkpt>
      <trkpt lat="51.25183492898941" lon="0.022556036710739136">
        <ele>155.11</ele>
      </trkpt>
      <trkpt lat="51.25180995091796" lon="0.022919978946447372">
        <ele>156.02</ele>
      </trkpt>
      <trkpt lat="51.25171473249793" lon="0.023230696097016335">
        <ele>156.91</ele>
      </trkpt>
      <trkpt lat="51.25161993317306" lon="0.023539988324046135">
        <ele>157.72</ele>
      </trkpt>
      <trkpt lat="51.251519937068224" lon="0.023959921672940254">
        <ele>158.49</ele>
      </trkpt>
      <trkpt lat="51.25139462761581" lon="0.024345824494957924">
        <ele>159.23</ele>
      </trkpt>
      <trkpt lat="51.25126998871565" lon="0.02472996711730957">
        <ele>159.98</ele>
      </trkpt>
      <trkpt lat="51.251159934327006" lon="0.025129951536655426">
        <ele>160.71</ele>
      </trkpt>
      <trkpt lat="51.251062201336026" lon="0.025543514639139175">
        <ele>161.45</ele>
      </trkpt>
      <trkpt lat="51.250964971259236" lon="0.02595498226583004">
        <ele>162.14</ele>
      </trkpt>
      <trkpt lat="51.250867238268256" lon="0.02636854536831379">
        <ele>162.78</ele>
      </trkpt>
      <trkpt lat="51.250769924372435" lon="0.02677992917597294">
        <ele>163.34</ele>
      </trkpt>
      <trkpt lat="51.25069306232035" lon="0.02720438875257969">
        <ele>163.83</ele>
      </trkpt>
      <trkpt lat="51.25061620026827" lon="0.027628932148218155">
        <ele>164.28</ele>
      </trkpt>
      <trkpt lat="51.25053992494941" lon="0.028049955144524574">
        <ele>164.63</ele>
      </trkpt>
      <trkpt lat="51.250639921054244" lon="0.02815992571413517">
        <ele>164.88</ele>
      </trkpt>
      <trkpt lat="51.25047999434173" lon="0.028569968417286873">
        <ele>165.05</ele>
      </trkpt>
      <trkpt lat="51.25055995769799" lon="0.02871992066502571">
        <ele>165.15</ele>
      </trkpt>
      <trkpt lat="51.250679986551404" lon="0.028659990057349205">
        <ele>165.17</ele>
      </trkpt>
      <trkpt lat="51.250769924372435" lon="0.028659990057349205">
        <ele>165.11</ele>
      </trkpt>
      <trkpt lat="51.25083999708295" lon="0.028609950095415115">
        <ele>164.98</ele>
      </trkpt>
      <trkpt lat="51.25100998207927" lon="0.02826998010277748">
        <ele>164.75</ele>
      </trkpt>
      <trkpt lat="51.25118994154036" lon="0.028169983997941017">
        <ele>164.46</ele>
      </trkpt>
      <trkpt lat="51.25142999924719" lon="0.028079962357878685">
        <ele>164.05</ele>
      </trkpt>
      <trkpt lat="51.251459922641516" lon="0.028049955144524574">
        <ele>163.61</ele>
      </trkpt>
      <trkpt lat="51.25156997703016" lon="0.027619963511824608">
        <ele>163.01</ele>
      </trkpt>
      <trkpt lat="51.251629991456866" lon="0.027249986305832863">
        <ele>162.4</ele>
      </trkpt>
      <trkpt lat="51.25173996202648" lon="0.026969946920871735">
        <ele>161.79</ele>
      </trkpt>
      <trkpt lat="51.2519702129066" lon="0.02673475071787834">
        <ele>161.12</ele>
      </trkpt>
      <trkpt lat="51.25219996087253" lon="0.026499973610043526">
        <ele>160.37</ele>
      </trkpt>
      <trkpt lat="51.25232359394431" lon="0.026907585561275482">
        <ele>159.53</ele>
      </trkpt>
      <trkpt lat="51.25244722701609" lon="0.02731519751250744">
        <ele>158.71</ele>
      </trkpt>
      <trkpt lat="51.25256993807852" lon="0.027719959616661072">
        <ele>157.93</ele>
      </trkpt>
      <trkpt lat="51.25266691669822" lon="0.0281644519418478">
        <ele>157.16</ele>
      </trkpt>
      <trkpt lat="51.25276381149888" lon="0.02860894426703453">
        <ele>156.41</ele>
      </trkpt>
      <trkpt lat="51.25285995192826" lon="0.029049916192889214">
        <ele>155.67</ele>
      </trkpt>
      <trkpt lat="51.2529234867543" lon="0.029441015794873238">
        <ele>154.94</ele>
      </trkpt>
      <trkpt lat="51.25298693776131" lon="0.029832031577825546">
        <ele>154.11</ele>
      </trkpt>
      <trkpt lat="51.25304996967316" lon="0.030219946056604385">
        <ele>153.21</ele>
      </trkpt>
      <trkpt lat="51.25317997299135" lon="0.03058992326259613">
        <ele>152.25</ele>
      </trkpt>
      <trkpt lat="51.25324015505612" lon="0.030910782516002655">
        <ele>151.37</ele>
      </trkpt>
      <trkpt lat="51.25329991802573" lon="0.031229965388774872">
        <ele>150.49</ele>
      </trkpt>
      <trkpt lat="51.253409972414374" lon="0.03136994317173958">
        <ele>149.56</ele>
      </trkpt>
      <trkpt lat="51.25348993577063" lon="0.0314299575984478">
        <ele>148.68</ele>
      </trkpt>
      <trkpt lat="51.25371021218598" lon="0.031705303117632866">
        <ele>147.72</ele>
      </trkpt>
      <trkpt lat="51.25392998568714" lon="0.03197997808456421">
        <ele>146.85</ele>
      </trkpt>
      <trkpt lat="51.254163421690464" lon="0.03212674520909786">
        <ele>146.08</ele>
      </trkpt>
      <trkpt lat="51.25439694151282" lon="0.0322734285145998">
        <ele>145.37</ele>
      </trkpt>
      <trkpt lat="51.25462995842099" lon="0.03241994418203831">
        <ele>144.64</ele>
      </trkpt>
      <trkpt lat="51.254579834640026" lon="0.0327308289706707">
        <ele>144.04</ele>
      </trkpt>
      <trkpt lat="51.254529962316155" lon="0.03303995355963707">
        <ele>143.47</ele>
      </trkpt>
      <trkpt lat="51.25462015159428" lon="0.0333406962454319">
        <ele>142.83</ele>
      </trkpt>
      <trkpt lat="51.25470992177725" lon="0.03363993018865585">
        <ele>142.15</ele>
      </trkpt>
      <trkpt lat="51.25489524565637" lon="0.03396548330783844">
        <ele>141.41</ele>
      </trkpt>
      <trkpt lat="51.25507998280227" lon="0.034289946779608727">
        <ele>140.57</ele>
      </trkpt>
      <trkpt lat="51.25521996058524" lon="0.034599993377923965">
        <ele>139.75</ele>
      </trkpt>
      <trkpt lat="51.255275113508105" lon="0.03483552485704422">
        <ele>139.04</ele>
      </trkpt>
      <trkpt lat="51.25532993115485" lon="0.035069966688752174">
        <ele>138.37</ele>
      </trkpt>
      <trkpt lat="51.2554999999702" lon="0.035389987751841545">
        <ele>137.74</ele>
      </trkpt>
      <trkpt lat="51.2554999999702" lon="0.035129981115460396">
        <ele>136.93</ele>
      </trkpt>
      <trkpt lat="51.25567995943129" lon="0.03551999107003212">
        <ele>136.37</ele>
      </trkpt>
      <trkpt lat="51.25577517785132" lon="0.03577555529773235">
        <ele>135.8</ele>
      </trkpt>
      <trkpt lat="51.25586997717619" lon="0.03602994605898857">
        <ele>135.2</ele>
      </trkpt>
      <trkpt lat="51.25603023916483" lon="0.036343010142445564">
        <ele>134.5</ele>
      </trkpt>
      <trkpt lat="51.25618999823928" lon="0.03665498457849026">
        <ele>133.81</ele>
      </trkpt>
      <trkpt lat="51.25635026022792" lon="0.03696804866194725">
        <ele>133.12</ele>
      </trkpt>
      <trkpt lat="51.25650993548334" lon="0.03727993927896023">
        <ele>132.47</ele>
      </trkpt>
      <trkpt lat="51.25664354301989" lon="0.0376206636428833">
        <ele>131.87</ele>
      </trkpt>
      <trkpt lat="51.25677723437548" lon="0.037961388006806374">
        <ele>131.4</ele>
      </trkpt>
      <trkpt lat="51.25690991990268" lon="0.038299933075904846">
        <ele>131.04</ele>
      </trkpt>
      <trkpt lat="51.25709700398147" lon="0.0386639591306448">
        <ele>130.62</ele>
      </trkpt>
      <trkpt lat="51.25728400424123" lon="0.039027901366353035">
        <ele>130.08</ele>
      </trkpt>
      <trkpt lat="51.257469998672605" lon="0.03938999958336353">
        <ele>129.58</ele>
      </trkpt>
      <trkpt lat="51.25757686793804" lon="0.03973742946982384">
        <ele>129.27</ele>
      </trkpt>
      <trkpt lat="51.25768382102251" lon="0.04008494317531586">
        <ele>128.94</ele>
      </trkpt>
      <trkpt lat="51.25778993591666" lon="0.040429942309856415">
        <ele>128.71</ele>
      </trkpt>
      <trkpt lat="51.257812483236194" lon="0.040908800438046455">
        <ele>128.59</ele>
      </trkpt>
      <trkpt lat="51.25783494673669" lon="0.0413849763572216">
        <ele>128.52</ele>
      </trkpt>
      <trkpt lat="51.257857494056225" lon="0.041863834485411644">
        <ele>128.62</ele>
      </trkpt>
      <trkpt lat="51.257879957556725" lon="0.04233992658555508">
        <ele>129.02</ele>
      </trkpt>
      <trkpt lat="51.257920106872916" lon="0.042680902406573296">
        <ele>129.42</ele>
      </trkpt>
      <trkpt lat="51.25795992091298" lon="0.04301995038986206">
        <ele>129.93</ele>
      </trkpt>
      <trkpt lat="51.25797500833869" lon="0.04346620291471481">
        <ele>130.52</ele>
      </trkpt>
      <trkpt lat="51.257989928126335" lon="0.043909940868616104">
        <ele>131.28</ele>
      </trkpt>
      <trkpt lat="51.25793997198343" lon="0.04421998746693134">
        <ele>132.2</ele>
      </trkpt>
      <trkpt lat="51.25803996808827" lon="0.044539924710989">
        <ele>133.23</ele>
      </trkpt>
      <trkpt lat="51.25805991701782" lon="0.04495994187891483">
        <ele>134.38</ele>
      </trkpt>
      <trkpt lat="51.25786998309195" lon="0.04520997405052185">
        <ele>135.53</ele>
      </trkpt>
      <trkpt lat="51.25780996866524" lon="0.04558992572128773">
        <ele>136.87</ele>
      </trkpt>
      <trkpt lat="51.25778993591666" lon="0.046036262065172195">
        <ele>138.39</ele>
      </trkpt>
      <trkpt lat="51.257769986987114" lon="0.04647991620004177">
        <ele>139.89</ele>
      </trkpt>
      <trkpt lat="51.25767996534705" lon="0.046629952266812325">
        <ele>141.11</ele>
      </trkpt>
      <trkpt lat="51.25763998366892" lon="0.04678996279835701">
        <ele>142.29</ele>
      </trkpt>
      <trkpt lat="51.2576499581337" lon="0.046979980543255806">
        <ele>143.47</ele>
      </trkpt>
      <trkpt lat="51.257729921489954" lon="0.047239987179636955">
        <ele>144.64</ele>
      </trkpt>
      <trkpt lat="51.257769986987114" lon="0.04754994995892048">
        <ele>145.66</ele>
      </trkpt>
      <trkpt lat="51.25779672525823" lon="0.047900984063744545">
        <ele>146.61</ele>
      </trkpt>
      <trkpt lat="51.25782346352935" lon="0.048251934349536896">
        <ele>147.57</ele>
      </trkpt>
      <trkpt lat="51.25784995034337" lon="0.04859995096921921">
        <ele>148.44</ele>
      </trkpt>
      <trkpt lat="51.257839975878596" lon="0.04893992096185684">
        <ele>149.25</ele>
      </trkpt>
      <trkpt lat="51.257759761065245" lon="0.04917050711810589">
        <ele>149.92</ele>
      </trkpt>
      <trkpt lat="51.25767996534705" lon="0.04939991980791092">
        <ele>150.48</ele>
      </trkpt>
      <trkpt lat="51.25746304169297" lon="0.04962019622325897">
        <ele>150.95</ele>
      </trkpt>
      <trkpt lat="51.257246201857924" lon="0.04984038881957531">
        <ele>151.47</ele>
      </trkpt>
      <trkpt lat="51.2570299487561" lon="0.05005999468266964">
        <ele>152.03</ele>
      </trkpt>
      <trkpt lat="51.256809839978814" lon="0.05017004907131195">
        <ele>152.56</ele>
      </trkpt>
      <trkpt lat="51.256589982658625" lon="0.05027993582189083">
        <ele>153.02</ele>
      </trkpt>
      <trkpt lat="51.25641304068267" lon="0.05053700879216194">
        <ele>153.31</ele>
      </trkpt>
      <trkpt lat="51.25623609870672" lon="0.05079399794340134">
        <ele>153.58</ele>
      </trkpt>
      <trkpt lat="51.25605999492109" lon="0.05104998126626015">
        <ele>153.76</ele>
      </trkpt>
      <trkpt lat="51.25608991831541" lon="0.05117998458445072">
        <ele>154.07</ele>
      </trkpt>
      <trkpt lat="51.25584994442761" lon="0.051429932937026024">
        <ele>154.36</ele>
      </trkpt>
      <trkpt lat="51.255599996075034" lon="0.051429932937026024">
        <ele>154.85</ele>
      </trkpt>
      <trkpt lat="51.25537988729775" lon="0.0513699185103178">
        <ele>155.4</ele>
      </trkpt>
      <trkpt lat="51.25515994615853" lon="0.051309987902641296">
        <ele>155.85</ele>
      </trkpt>
      <trkpt lat="51.254999935626984" lon="0.051309987902641296">
        <ele>156.18</ele>
      </trkpt>
      <trkpt lat="51.25486993230879" lon="0.051459940150380135">
        <ele>156.51</ele>
      </trkpt>
      <trkpt lat="51.25459995120764" lon="0.05160997621715069">
        <ele>156.79</ele>
      </trkpt>
      <trkpt lat="51.254589976742864" lon="0.05186998285353184">
        <ele>156.99</ele>
      </trkpt>
      <trkpt lat="51.25462995842099" lon="0.052069975063204765">
        <ele>157.15</ele>
      </trkpt>
      <trkpt lat="51.254775216802955" lon="0.052355462685227394">
        <ele>157.27</ele>
      </trkpt>
      <trkpt lat="51.25491997227073" lon="0.05263994447886944">
        <ele>157.31</ele>
      </trkpt>
      <trkpt lat="51.25500010326505" lon="0.05288553424179554">
        <ele>157.32</ele>
      </trkpt>
      <trkpt lat="51.25507998280227" lon="0.053129950538277626">
        <ele>157.29</ele>
      </trkpt>
      <trkpt lat="51.25503991730511" lon="0.05353999324142933">
        <ele>157.28</ele>
      </trkpt>
      <trkpt lat="51.25492977909744" lon="0.05377544090151787">
        <ele>157.25</ele>
      </trkpt>
      <trkpt lat="51.25481997616589" lon="0.05400996655225754">
        <ele>157.2</ele>
      </trkpt>
      <trkpt lat="51.254825005307794" lon="0.05428070202469826">
        <ele>157.12</ele>
      </trkpt>
      <trkpt lat="51.254829950630665" lon="0.0545499287545681">
        <ele>157.07</ele>
      </trkpt>
      <trkpt lat="51.2549402564764" lon="0.05489744246006012">
        <ele>156.9</ele>
      </trkpt>
      <trkpt lat="51.25505047850311" lon="0.055244872346520424">
        <ele>156.79</ele>
      </trkpt>
      <trkpt lat="51.25515994615853" lon="0.0555899553000927">
        <ele>156.79</ele>
      </trkpt>
      <trkpt lat="51.255190037190914" lon="0.05590084008872509">
        <ele>156.87</ele>
      </trkpt>
      <trkpt lat="51.25521996058524" lon="0.05620996467769146">
        <ele>156.93</ele>
      </trkpt>
      <trkpt lat="51.25520654954016" lon="0.05664121359586716">
        <ele>157.05</ele>
      </trkpt>
      <trkpt lat="51.25519322231412" lon="0.057072462514042854">
        <ele>157.22</ele>
      </trkpt>
      <trkpt lat="51.25517997890711" lon="0.05749993957579136">
        <ele>157.43</ele>
      </trkpt>
      <trkpt lat="51.25512482598424" lon="0.05786597728729248">
        <ele>157.64</ele>
      </trkpt>
      <trkpt lat="51.255069924518466" lon="0.05822991952300072">
        <ele>157.79</ele>
      </trkpt>
      <trkpt lat="51.2550147715956" lon="0.05859595723450184">
        <ele>158.14</ele>
      </trkpt>
      <trkpt lat="51.254959953948855" lon="0.05895998328924179">
        <ele>158.65</ele>
      </trkpt>
      <trkpt lat="51.254919888451695" lon="0.05938779562711716">
        <ele>159.12</ele>
      </trkpt>
      <trkpt lat="51.254879739135504" lon="0.05981569178402424">
        <ele>159.57</ele>
      </trkpt>
      <trkpt lat="51.25483992509544" lon="0.06023998372256756">
        <ele>160.03</ele>
      </trkpt>
      <trkpt lat="51.25481989234686" lon="0.060600992292165756">
        <ele>160.55</ele>
      </trkpt>
      <trkpt lat="51.25479994341731" lon="0.060959989205002785">
        <ele>161.06</ele>
      </trkpt>
      <trkpt lat="51.25477991066873" lon="0.06132099777460098">
        <ele>161.65</ele>
      </trkpt>
      <trkpt lat="51.25475996173918" lon="0.06167999468743801">
        <ele>162.15</ele>
      </trkpt>
      <trkpt lat="51.25490689650178" lon="0.061927009373903275">
        <ele>162.43</ele>
      </trkpt>
      <trkpt lat="51.255053747445345" lon="0.06217410787940025">
        <ele>162.74</ele>
      </trkpt>
      <trkpt lat="51.25519992783666" lon="0.0624199490994215">
        <ele>163.09</ele>
      </trkpt>
      <trkpt lat="51.255326913669705" lon="0.06279747001826763">
        <ele>163.46</ele>
      </trkpt>
      <trkpt lat="51.255453899502754" lon="0.06317499093711376">
        <ele>163.78</ele>
      </trkpt>
      <trkpt lat="51.255579963326454" lon="0.06354999728500843">
        <ele>163.97</ele>
      </trkpt>
      <trkpt lat="51.255740309134126" lon="0.06393070332705975">
        <ele>164.13</ele>
      </trkpt>
      <trkpt lat="51.25589998438954" lon="0.0643099844455719">
        <ele>164.28</ele>
      </trkpt>
      <trkpt lat="51.25599520280957" lon="0.06459061056375504">
        <ele>164.39</ele>
      </trkpt>
      <trkpt lat="51.25608991831541" lon="0.06486997939646244">
        <ele>164.34</ele>
      </trkpt>
      <trkpt lat="51.25620516948402" lon="0.06507030688226223">
        <ele>164.14</ele>
      </trkpt>
      <trkpt lat="51.25631991773844" lon="0.0652699638158083">
        <ele>163.84</ele>
      </trkpt>
      <trkpt lat="51.25640516169369" lon="0.06555561907589436">
        <ele>163.5</ele>
      </trkpt>
      <trkpt lat="51.25648998655379" lon="0.06583993323147297">
        <ele>163.02</ele>
      </trkpt>
      <trkpt lat="51.25649996101856" lon="0.06615995429456234">
        <ele>162.39</ele>
      </trkpt>
      <trkpt lat="51.25670347362757" lon="0.0663601141422987">
        <ele>161.53</ele>
      </trkpt>
      <trkpt lat="51.25690698623657" lon="0.06656035780906677">
        <ele>160.55</ele>
      </trkpt>
      <trkpt lat="51.25710999593139" lon="0.06675993092358112">
        <ele>159.44</ele>
      </trkpt>
      <trkpt lat="51.25684982165694" lon="0.06692505441606045">
        <ele>158.5</ele>
      </trkpt>
      <trkpt lat="51.256589982658625" lon="0.06708992645144463">
        <ele>157.51</ele>
      </trkpt>
      <trkpt lat="51.25632980838418" lon="0.06725504994392395">
        <ele>156.33</ele>
      </trkpt>
      <trkpt lat="51.25606996938586" lon="0.06741992197930813">
        <ele>155.01</ele>
      </trkpt>
      <trkpt lat="51.255849692970514" lon="0.06765520200133324">
        <ele>153.57</ele>
      </trkpt>
      <trkpt lat="51.25562991946936" lon="0.06788997910916805">
        <ele>152.03</ele>
      </trkpt>
      <trkpt lat="51.25537997111678" lon="0.06802995689213276">
        <ele>150.46</ele>
      </trkpt>
      <trkpt lat="51.255219876766205" lon="0.06794488057494164">
        <ele>149.02</ele>
      </trkpt>
      <trkpt lat="51.25505995005369" lon="0.06785997189581394">
        <ele>147.53</ele>
      </trkpt>
      <trkpt lat="51.25489482656121" lon="0.06773483008146286">
        <ele>146.08</ele>
      </trkpt>
      <trkpt lat="51.25472995452583" lon="0.06760993972420692">
        <ele>144.62</ele>
      </trkpt>
      <trkpt lat="51.254579834640026" lon="0.06747985258698463">
        <ele>143.22</ele>
      </trkpt>
      <trkpt lat="51.25442996621132" lon="0.06734993308782578">
        <ele>141.9</ele>
      </trkpt>
      <trkpt lat="51.25433994457126" lon="0.06733995862305164">
        <ele>140.81</ele>
      </trkpt>
      <trkpt lat="51.25440012663603" lon="0.0678112730383873">
        <ele>139.84</ele>
      </trkpt>
      <trkpt lat="51.25445997342467" lon="0.06827998906373978">
        <ele>139.05</ele>
      </trkpt>
      <trkpt lat="51.254540188238025" lon="0.06870612502098083">
        <ele>138.5</ele>
      </trkpt>
      <trkpt lat="51.25461998395622" lon="0.06912999786436558">
        <ele>138.23</ele>
      </trkpt>
      <trkpt lat="51.25457991845906" lon="0.06930995732545853">
        <ele>138.23</ele>
      </trkpt>
      <trkpt lat="51.25448998063803" lon="0.06934993900358677">
        <ele>138.43</ele>
      </trkpt>
      <trkpt lat="51.25431991182268" lon="0.06939000450074673">
        <ele>138.9</ele>
      </trkpt>
      <trkpt lat="51.25414992682636" lon="0.06942998617887497">
        <ele>139.64</ele>
      </trkpt>
      <trkpt lat="51.25402478501201" lon="0.06961019709706306">
        <ele>140.6</ele>
      </trkpt>
      <trkpt lat="51.25389997847378" lon="0.06978998892009258">
        <ele>141.83</ele>
      </trkpt>
      <trkpt lat="51.25379973091185" lon="0.0700204074382782">
        <ele>143.28</ele>
      </trkpt>
      <trkpt lat="51.25369998626411" lon="0.07024998776614666">
        <ele>144.88</ele>
      </trkpt>
      <trkpt lat="51.253839964047074" lon="0.0703999400138855">
        <ele>146.76</ele>
      </trkpt>
      <trkpt lat="51.25400500372052" lon="0.07036498747766018">
        <ele>148.81</ele>
      </trkpt>
      <trkpt lat="51.25416995957494" lon="0.07032995112240314">
        <ele>150.92</ele>
      </trkpt>
      <trkpt lat="51.254379926249385" lon="0.07029994390904903">
        <ele>153.21</ele>
      </trkpt>
      <trkpt lat="51.254289988428354" lon="0.070729935541749">
        <ele>155.94</ele>
      </trkpt>
      <trkpt lat="51.25432007946074" lon="0.07122136652469635">
        <ele>158.84</ele>
      </trkpt>
      <trkpt lat="51.25434991903603" lon="0.07170994766056538">
        <ele>161.7</ele>
      </trkpt>
      <trkpt lat="51.25435997731984" lon="0.07216290570795536">
        <ele>164.41</ele>
      </trkpt>
      <trkpt lat="51.25437003560364" lon="0.07261586375534534">
        <ele>167.09</ele>
      </trkpt>
      <trkpt lat="51.254379926249385" lon="0.07306496612727642">
        <ele>169.71</ele>
      </trkpt>
      <trkpt lat="51.25438998453319" lon="0.0735179241746664">
        <ele>172.23</ele>
      </trkpt>
      <trkpt lat="51.254400042817" lon="0.07397088222205639">
        <ele>174.77</ele>
      </trkpt>
      <trkpt lat="51.25440993346274" lon="0.07441998459398746">
        <ele>177.23</ele>
      </trkpt>
      <trkpt lat="51.25429996289313" lon="0.07454998791217804">
        <ele>179.56</ele>
      </trkpt>
      <trkpt lat="51.25408982858062" lon="0.07468502037227154">
        <ele>181.83</ele>
      </trkpt>
      <trkpt lat="51.2538799457252" lon="0.07481996901333332">
        <ele>184.02</ele>
      </trkpt>
      <trkpt lat="51.253649946302176" lon="0.07513999007642269">
        <ele>186.08</ele>
      </trkpt>
      <trkpt lat="51.25348465517163" lon="0.07541541941463947">
        <ele>188.1</ele>
      </trkpt>
      <trkpt lat="51.25331995077431" lon="0.07568992674350739">
        <ele>190.04</ele>
      </trkpt>
      <trkpt lat="51.253219954669476" lon="0.07610994391143322">
        <ele>192.1</ele>
      </trkpt>
      <trkpt lat="51.25316647812724" lon="0.07645754143595695">
        <ele>194.05</ele>
      </trkpt>
      <trkpt lat="51.25311300158501" lon="0.0768052227795124">
        <ele>195.87</ele>
      </trkpt>
      <trkpt lat="51.25305994413793" lon="0.07714997045695782">
        <ele>197.45</ele>
      </trkpt>
      <trkpt lat="51.253085006028414" lon="0.07754107005894184">
        <ele>198.94</ele>
      </trkpt>
      <trkpt lat="51.253109984099865" lon="0.07792999036610126">
        <ele>200.28</ele>
      </trkpt>
      <trkpt lat="51.25307989306748" lon="0.07824582047760487">
        <ele>201.54</ele>
      </trkpt>
      <trkpt lat="51.25304996967316" lon="0.07855997420847416">
        <ele>202.66</ele>
      </trkpt>
      <trkpt lat="51.2530199624598" lon="0.07867991924285889">
        <ele>203.66</ele>
      </trkpt>
      <trkpt lat="51.25298995524645" lon="0.0791199691593647">
        <ele>204.52</ele>
      </trkpt>
      <trkpt lat="51.25301501713693" lon="0.07942079566419125">
        <ele>205.4</ele>
      </trkpt>
      <trkpt lat="51.25303999520838" lon="0.07971994578838348">
        <ele>206.17</ele>
      </trkpt>
      <trkpt lat="51.253125155344605" lon="0.0800407212227583">
        <ele>206.81</ele>
      </trkpt>
      <trkpt lat="51.2532099802047" lon="0.08035998791456223">
        <ele>207.38</ele>
      </trkpt>
      <trkpt lat="51.253043012693524" lon="0.08064044639468193">
        <ele>207.94</ele>
      </trkpt>
      <trkpt lat="51.25287604518235" lon="0.08092090487480164">
        <ele>208.4</ele>
      </trkpt>
      <trkpt lat="51.25270999968052" lon="0.08119993843138218">
        <ele>208.78</ele>
      </trkpt>
      <trkpt lat="51.252736737951636" lon="0.08160109631717205">
        <ele>209.09</ele>
      </trkpt>
      <trkpt lat="51.25276347622275" lon="0.08200225420296192">
        <ele>209.29</ele>
      </trkpt>
      <trkpt lat="51.252789963036776" lon="0.08239997550845146">
        <ele>209.4</ele>
      </trkpt>
      <trkpt lat="51.252950225025415" lon="0.08269543759524822">
        <ele>209.31</ele>
      </trkpt>
      <trkpt lat="51.253109984099865" lon="0.08298997767269611">
        <ele>209.12</ele>
      </trkpt>
      <trkpt lat="51.25311995856464" lon="0.08329080417752266">
        <ele>208.88</ele>
      </trkpt>
      <trkpt lat="51.25312993302941" lon="0.0835899543017149">
        <ele>208.53</ele>
      </trkpt>
      <trkpt lat="51.253089951351285" lon="0.08364996872842312">
        <ele>208.22</ele>
      </trkpt>
      <trkpt lat="51.25307997688651" lon="0.08389991708099842">
        <ele>207.83</ele>
      </trkpt>
      <trkpt lat="51.2530199624598" lon="0.0840599276125431">
        <ele>207.44</ele>
      </trkpt>
      <trkpt lat="51.252979980781674" lon="0.0842499453574419">
        <ele>206.92</ele>
      </trkpt>
      <trkpt lat="51.25302993692458" lon="0.08438992314040661">
        <ele>206.29</ele>
      </trkpt>
      <trkpt lat="51.253170082345605" lon="0.08453509770333767">
        <ele>205.56</ele>
      </trkpt>
      <trkpt lat="51.25330997630954" lon="0.08467993699014187">
        <ele>204.71</ele>
      </trkpt>
      <trkpt lat="51.253409972414374" lon="0.08484992198646069">
        <ele>203.77</ele>
      </trkpt>
      <trkpt lat="51.25346680171788" lon="0.08518754504621029">
        <ele>202.82</ele>
      </trkpt>
      <trkpt lat="51.25352363102138" lon="0.08552508428692818">
        <ele>201.83</ele>
      </trkpt>
      <trkpt lat="51.25357995741069" lon="0.08585994131863117">
        <ele>200.7</ele>
      </trkpt>
      <trkpt lat="51.25362337566912" lon="0.08631792850792408">
        <ele>199.42</ele>
      </trkpt>
      <trkpt lat="51.25366687774658" lon="0.08677583187818527">
        <ele>197.87</ele>
      </trkpt>
      <trkpt lat="51.253709960728884" lon="0.08722996339201927">
        <ele>196.11</ele>
      </trkpt>
      <trkpt lat="51.25373996794224" lon="0.08757999166846275">
        <ele>194.27</ele>
      </trkpt>
      <trkpt lat="51.253944989293814" lon="0.08757999166846275">
        <ele>192.46</ele>
      </trkpt>
      <trkpt lat="51.25414992682636" lon="0.08757999166846275">
        <ele>190.61</ele>
      </trkpt>
      <trkpt lat="51.25418999232352" lon="0.08799992501735687">
        <ele>188.47</ele>
      </trkpt>
      <trkpt lat="51.254259981215" lon="0.08807997219264507">
        <ele>186.48</ele>
      </trkpt>
      <trkpt lat="51.25438998453319" lon="0.0883899349719286">
        <ele>184.36</ele>
      </trkpt>
      <trkpt lat="51.25459022819996" lon="0.08870375342667103">
        <ele>182.21</ele>
      </trkpt>
      <trkpt lat="51.25479055568576" lon="0.08901757188141346">
        <ele>180.0</ele>
      </trkpt>
      <trkpt lat="51.25498996116221" lon="0.08932996541261673">
        <ele>177.82</ele>
      </trkpt>
      <trkpt lat="51.25503991730511" lon="0.08922996930778027">
        <ele>175.81</ele>
      </trkpt>
      <trkpt lat="51.255109990015626" lon="0.08915998041629791">
        <ele>173.82</ele>
      </trkpt>
      <trkpt lat="51.25521996058524" lon="0.08909996598958969">
        <ele>171.89</ele>
      </trkpt>
      <trkpt lat="51.25539992004633" lon="0.08906995877623558">
        <ele>170.0</ele>
      </trkpt>
      <trkpt lat="51.255559930577874" lon="0.08906995877623558">
        <ele>168.2</ele>
      </trkpt>
      <trkpt lat="51.25556998886168" lon="0.08943993598222733">
        <ele>166.27</ele>
      </trkpt>
      <trkpt lat="51.25546974129975" lon="0.08976071141660213">
        <ele>164.34</ele>
      </trkpt>
      <trkpt lat="51.25536999665201" lon="0.09007997810840607">
        <ele>162.49</ele>
      </trkpt>
      <trkpt lat="51.25531978905201" lon="0.09046604856848717">
        <ele>160.87</ele>
      </trkpt>
      <trkpt lat="51.25526991672814" lon="0.09084993973374367">
        <ele>159.78</ele>
      </trkpt>
      <trkpt lat="51.25509993173182" lon="0.09118999354541302">
        <ele>159.23</ele>
      </trkpt>
      <trkpt lat="51.25496992841363" lon="0.09152996353805065">
        <ele>158.95</ele>
      </trkpt>
      <trkpt lat="51.25498996116221" lon="0.09172995574772358">
        <ele>158.97</ele>
      </trkpt>
      <trkpt lat="51.25496766529977" lon="0.0921199657022953">
        <ele>159.24</ele>
      </trkpt>
      <trkpt lat="51.25494536943734" lon="0.09250997565686703">
        <ele>159.9</ele>
      </trkpt>
      <trkpt lat="51.254923241212964" lon="0.09289663285017014">
        <ele>160.93</ele>
      </trkpt>
      <trkpt lat="51.25490102916956" lon="0.09328664280474186">
        <ele>162.35</ele>
      </trkpt>
      <trkpt lat="51.25487873330712" lon="0.09367665275931358">
        <ele>164.14</ele>
      </trkpt>
      <trkpt lat="51.25485668890178" lon="0.09406322613358498">
        <ele>166.24</ele>
      </trkpt>
      <trkpt lat="51.254834393039346" lon="0.0944532360881567">
        <ele>168.57</ele>
      </trkpt>
      <trkpt lat="51.25481209717691" lon="0.09484324604272842">
        <ele>171.2</ele>
      </trkpt>
      <trkpt lat="51.25478996895254" lon="0.09522998705506325">
        <ele>174.04</ele>
      </trkpt>
      <trkpt lat="51.25483757816255" lon="0.09558345191180706">
        <ele>177.0</ele>
      </trkpt>
      <trkpt lat="51.25488493591547" lon="0.09593498893082142">
        <ele>180.01</ele>
      </trkpt>
      <trkpt lat="51.254932628944516" lon="0.09628845378756523">
        <ele>183.08</ele>
      </trkpt>
      <trkpt lat="51.254979986697435" lon="0.09663999080657959">
        <ele>186.19</ele>
      </trkpt>
      <trkpt lat="51.25489222817123" lon="0.09712127968668938">
        <ele>189.41</ele>
      </trkpt>
      <trkpt lat="51.254804972559214" lon="0.09759997017681599">
        <ele>192.65</ele>
      </trkpt>
      <trkpt lat="51.25471721403301" lon="0.09808125905692577">
        <ele>195.98</ele>
      </trkpt>
      <trkpt lat="51.25462995842099" lon="0.09855994954705238">
        <ele>199.21</ele>
      </trkpt>
      <trkpt lat="51.25449635088444" lon="0.09895423427224159">
        <ele>202.28</ele>
      </trkpt>
      <trkpt lat="51.25436265952885" lon="0.09934843517839909">
        <ele>205.28</ele>
      </trkpt>
      <trkpt lat="51.254229974001646" lon="0.09973995387554169">
        <ele>208.2</ele>
      </trkpt>
      <trkpt lat="51.25406644307077" lon="0.09996023029088974">
        <ele>210.99</ele>
      </trkpt>
      <trkpt lat="51.25390282832086" lon="0.10018059052526951">
        <ele>213.72</ele>
      </trkpt>
      <trkpt lat="51.25373996794224" lon="0.10039994493126869">
        <ele>216.31</ele>
      </trkpt>
      <trkpt lat="51.25348649919033" lon="0.10056339204311371">
        <ele>218.78</ele>
      </trkpt>
      <trkpt lat="51.25323294661939" lon="0.10072683915495872">
        <ele>221.1</ele>
      </trkpt>
      <trkpt lat="51.252979980781674" lon="0.10088995099067688">
        <ele>223.38</ele>
      </trkpt>
      <trkpt lat="51.25286992639303" lon="0.10116999037563801">
        <ele>225.62</ele>
      </trkpt>
      <trkpt lat="51.252639926970005" lon="0.10115993209183216">
        <ele>227.59</ele>
      </trkpt>
      <trkpt lat="51.252489890903234" lon="0.10123997926712036">
        <ele>229.45</ele>
      </trkpt>
      <trkpt lat="51.252339938655496" lon="0.10131994262337685">
        <ele>231.22</ele>
      </trkpt>
      <trkpt lat="51.25229484401643" lon="0.10168095119297504">
        <ele>232.94</ele>
      </trkpt>
      <trkpt lat="51.25224991701543" lon="0.10203994810581207">
        <ele>234.41</ele>
      </trkpt>
      <trkpt lat="51.25224991701543" lon="0.10250992141664028">
        <ele>235.64</ele>
      </trkpt>
      <trkpt lat="51.25229995697737" lon="0.1029799785465002">
        <ele>236.66</ele>
      </trkpt>
      <trkpt lat="51.25236994586885" lon="0.10317997075617313">
        <ele>237.6</ele>
      </trkpt>
      <trkpt lat="51.25240992754698" lon="0.10335993021726608">
        <ele>238.42</ele>
      </trkpt>
      <trkpt lat="51.25226994976401" lon="0.10368992574512959">
        <ele>239.3</ele>
      </trkpt>
      <trkpt lat="51.25202972441912" lon="0.1039552129805088">
        <ele>240.14</ele>
      </trkpt>
      <trkpt lat="51.25178991816938" lon="0.10421999730169773">
        <ele>240.74</ele>
      </trkpt>
      <trkpt lat="51.25172981992364" lon="0.10465116240084171">
        <ele>241.17</ele>
      </trkpt>
      <trkpt lat="51.251669973134995" lon="0.10507998056709766">
        <ele>241.43</ele>
      </trkpt>
      <trkpt lat="51.25157978385687" lon="0.10534560307860374">
        <ele>241.58</ele>
      </trkpt>
      <trkpt lat="51.25148992985487" lon="0.1056099683046341">
        <ele>241.65</ele>
      </trkpt>
      <trkpt lat="51.251519937068224" lon="0.10602998547255993">
        <ele>241.58</ele>
      </trkpt>
      <trkpt lat="51.251539969816804" lon="0.10614993050694466">
        <ele>241.44</ele>
      </trkpt>
      <trkpt lat="51.25150996260345" lon="0.10649995878338814">
        <ele>241.21</ele>
      </trkpt>
      <trkpt lat="51.25160518102348" lon="0.10685082525014877">
        <ele>240.87</ele>
      </trkpt>
      <trkpt lat="51.25169998034835" lon="0.10719993151724339">
        <ele>240.51</ele>
      </trkpt>
      <trkpt lat="51.25183526426554" lon="0.10760586708784103">
        <ele>240.09</ele>
      </trkpt>
      <trkpt lat="51.251969961449504" lon="0.10800995863974094">
        <ele>239.57</ele>
      </trkpt>
      <trkpt lat="51.251989994198084" lon="0.10846995748579502">
        <ele>239.02</ele>
      </trkpt>
      <trkpt lat="51.25188999809325" lon="0.10860993526875973">
        <ele>238.49</ele>
      </trkpt>
      <trkpt lat="51.2517199292779" lon="0.10890992358326912">
        <ele>237.93</ele>
      </trkpt>
      <trkpt lat="51.25149470753968" lon="0.10920035652816296">
        <ele>237.41</ele>
      </trkpt>
      <trkpt lat="51.25126998871565" lon="0.10948995128273964">
        <ele>236.85</ele>
      </trkpt>
      <trkpt lat="51.25101995654404" lon="0.10947997681796551">
        <ele>236.25</ele>
      </trkpt>
      <trkpt lat="51.250769924372435" lon="0.10948995128273964">
        <ele>235.64</ele>
      </trkpt>
      <trkpt lat="51.25056993216276" lon="0.10960998013615608">
        <ele>235.07</ele>
      </trkpt>
      <trkpt lat="51.250339932739735" lon="0.10978993959724903">
        <ele>234.48</ele>
      </trkpt>
      <trkpt lat="51.250440180301666" lon="0.11000032536685467">
        <ele>233.96</ele>
      </trkpt>
      <trkpt lat="51.25053992494941" lon="0.11020995676517487">
        <ele>233.46</ele>
      </trkpt>
      <trkpt lat="51.250590132549405" lon="0.11051581241190434">
        <ele>232.96</ele>
      </trkpt>
      <trkpt lat="51.250639921054244" lon="0.1108199916779995">
        <ele>232.55</ele>
      </trkpt>
      <trkpt lat="51.25062994658947" lon="0.11112995445728302">
        <ele>232.16</ele>
      </trkpt>
      <trkpt lat="51.25053992494941" lon="0.11152993887662888">
        <ele>231.72</ele>
      </trkpt>
      <trkpt lat="51.25033490359783" lon="0.11155994608998299">
        <ele>231.39</ele>
      </trkpt>
      <trkpt lat="51.25012996606529" lon="0.1115899533033371">
        <ele>231.13</ele>
      </trkpt>
      <trkpt lat="51.24988982453942" lon="0.11149490252137184">
        <ele>231.01</ele>
      </trkpt>
      <trkpt lat="51.24964993447065" lon="0.1113999355584383">
        <ele>230.89</ele>
      </trkpt>
      <trkpt lat="51.249369978904724" lon="0.11150998994708061">
        <ele>230.66</ele>
      </trkpt>
      <trkpt lat="51.24909999780357" lon="0.11163999326527119">
        <ele>230.37</ele>
      </trkpt>
      <trkpt lat="51.248944932594895" lon="0.11158492416143417">
        <ele>230.01</ele>
      </trkpt>
      <trkpt lat="51.248789951205254" lon="0.11152993887662888">
        <ele>229.54</ele>
      </trkpt>
      <trkpt lat="51.248509995639324" lon="0.11153999716043472">
        <ele>228.87</ele>
      </trkpt>
      <trkpt lat="51.24827488325536" lon="0.11157494969666004">
        <ele>228.08</ele>
      </trkpt>
      <trkpt lat="51.248039938509464" lon="0.11160998605191708">
        <ele>227.16</ele>
      </trkpt>
      <trkpt lat="51.247874815016985" lon="0.11149984784424305">
        <ele>226.13</ele>
      </trkpt>
      <trkpt lat="51.2477099429816" lon="0.11138996109366417">
        <ele>224.92</ele>
      </trkpt>
      <trkpt lat="51.24749729409814" lon="0.11119474656879902">
        <ele>223.51</ele>
      </trkpt>
      <trkpt lat="51.247284980490804" lon="0.11099995113909245">
        <ele>221.91</ele>
      </trkpt>
      <trkpt lat="51.24707224778831" lon="0.11080482043325901">
        <ele>220.07</ele>
      </trkpt>
      <trkpt lat="51.246859934180975" lon="0.11060994118452072">
        <ele>218.01</ele>
      </trkpt>
      <trkpt lat="51.24674971215427" lon="0.11035948991775513">
        <ele>215.81</ele>
      </trkpt>
      <trkpt lat="51.246639993041754" lon="0.1101099606603384">
        <ele>213.46</ele>
      </trkpt>
      <trkpt lat="51.24653999693692" lon="0.11002999730408192">
        <ele>210.94</ele>
      </trkpt>
      <trkpt lat="51.2464199680835" lon="0.10987996123731136">
        <ele>208.25</ele>
      </trkpt>
      <trkpt lat="51.24630471691489" lon="0.11027592234313488">
        <ele>205.25</ele>
      </trkpt>
      <trkpt lat="51.246189968660474" lon="0.11066995561122894">
        <ele>202.2</ele>
      </trkpt>
      <trkpt lat="51.24625509604812" lon="0.1111211534589529">
        <ele>199.24</ele>
      </trkpt>
      <trkpt lat="51.246319971978664" lon="0.11156992055475712">
        <ele>196.02</ele>
      </trkpt>
      <trkpt lat="51.24632994644344" lon="0.11185574345290661">
        <ele>192.67</ele>
      </trkpt>
      <trkpt lat="51.24633992090821" lon="0.1121399737894535">
        <ele>189.3</ele>
      </trkpt>
      <trkpt lat="51.24624302610755" lon="0.11250416748225689">
        <ele>185.69</ele>
      </trkpt>
      <trkpt lat="51.24614613130689" lon="0.11286844499409199">
        <ele>181.99</ele>
      </trkpt>
      <trkpt lat="51.24604999087751" lon="0.11322995647788048">
        <ele>178.27</ele>
      </trkpt>
      <trkpt lat="51.24595971778035" lon="0.11365609243512154">
        <ele>174.61</ele>
      </trkpt>
      <trkpt lat="51.245869947597384" lon="0.11407996527850628">
        <ele>170.89</ele>
      </trkpt>
      <trkpt lat="51.24589995481074" lon="0.1141399797052145">
        <ele>167.54</ele>
      </trkpt>
      <trkpt lat="51.24592996202409" lon="0.11444994248449802">
        <ele>164.2</ele>
      </trkpt>
      <trkpt lat="51.24593993648887" lon="0.11493994854390621">
        <ele>160.92</ele>
      </trkpt>
      <trkpt lat="51.24586475081742" lon="0.11526080779731274">
        <ele>157.68</ele>
      </trkpt>
      <trkpt lat="51.24578998424113" lon="0.11557999067008495">
        <ele>154.61</ele>
      </trkpt>
      <trkpt lat="51.245649671182036" lon="0.1159875188022852">
        <ele>151.69</ele>
      </trkpt>
      <trkpt lat="51.245509358122945" lon="0.11639513075351715">
        <ele>149.2</ele>
      </trkpt>
      <trkpt lat="51.2453699670732" lon="0.1167999766767025">
        <ele>147.09</ele>
      </trkpt>
      <trkpt lat="51.245239712297916" lon="0.1171206682920456">
        <ele>145.18</ele>
      </trkpt>
      <trkpt lat="51.24510996043682" lon="0.11743993498384953">
        <ele>143.68</ele>
      </trkpt>
      <trkpt lat="51.244939640164375" lon="0.11777060106396675">
        <ele>142.54</ele>
      </trkpt>
      <trkpt lat="51.24476931989193" lon="0.11810118332505226">
        <ele>141.93</ele>
      </trkpt>
      <trkpt lat="51.24459992162883" lon="0.11842992156744003">
        <ele>141.74</ele>
      </trkpt>
      <trkpt lat="51.24456999823451" lon="0.11853997595608234">
        <ele>142.02</ele>
      </trkpt>
      <trkpt lat="51.244579972699285" lon="0.11890769004821777">
        <ele>142.81</ele>
      </trkpt>
      <trkpt lat="51.24459003098309" lon="0.1192754041403532">
        <ele>144.07</ele>
      </trkpt>
      <trkpt lat="51.24459992162883" lon="0.11963993310928345">
        <ele>145.66</ele>
      </trkpt>
      <trkpt lat="51.24460997991264" lon="0.12000764720141888">
        <ele>147.56</ele>
      </trkpt>
      <trkpt lat="51.244620038196445" lon="0.1203753612935543">
        <ele>149.73</ele>
      </trkpt>
      <trkpt lat="51.24462992884219" lon="0.12073997408151627">
        <ele>152.2</ele>
      </trkpt>
      <trkpt lat="51.244685081765056" lon="0.12120123021304607">
        <ele>155.11</ele>
      </trkpt>
      <trkpt lat="51.24473998323083" lon="0.12165997177362442">
        <ele>158.21</ele>
      </trkpt>
      <trkpt lat="51.2447951361537" lon="0.12212122790515423">
        <ele>161.51</ele>
      </trkpt>
      <trkpt lat="51.24484995380044" lon="0.12257996946573257">
        <ele>164.99</ele>
      </trkpt>
      <trkpt lat="51.244995296001434" lon="0.12299085035920143">
        <ele>168.55</ele>
      </trkpt>
      <trkpt lat="51.245139967650175" lon="0.12339997105300426">
        <ele>172.19</ele>
      </trkpt>
      <trkpt lat="51.2451299931854" lon="0.12364991940557957">
        <ele>175.68</ele>
      </trkpt>
      <trkpt lat="51.24526779167354" lon="0.12403582222759724">
        <ele>179.25</ele>
      </trkpt>
      <trkpt lat="51.24540491960943" lon="0.12441996484994888">
        <ele>182.81</ele>
      </trkpt>
      <trkpt lat="51.2455428019166" lon="0.12480578385293484">
        <ele>186.26</ele>
      </trkpt>
      <trkpt lat="51.245679929852486" lon="0.12518992647528648">
        <ele>189.56</ele>
      </trkpt>
      <trkpt lat="51.24581689015031" lon="0.12551899999380112">
        <ele>192.63</ele>
      </trkpt>
      <trkpt lat="51.24595385044813" lon="0.12584798969328403">
        <ele>195.42</ele>
      </trkpt>
      <trkpt lat="51.24608997255564" lon="0.12617496773600578">
        <ele>197.89</ele>
      </trkpt>
      <trkpt lat="51.24622693285346" lon="0.1265039574354887">
        <ele>200.09</ele>
      </trkpt>
      <trkpt lat="51.24636389315128" lon="0.12683294713497162">
        <ele>202.1</ele>
      </trkpt>
      <trkpt lat="51.24649993143976" lon="0.12715992517769337">
        <ele>203.84</ele>
      </trkpt>
      <trkpt lat="51.24637998640537" lon="0.12725992128252983">
        <ele>205.38</ele>
      </trkpt>
      <trkpt lat="51.246319971978664" lon="0.12744993902742863">
        <ele>206.64</ele>
      </trkpt>
      <trkpt lat="51.246319971978664" lon="0.12752998620271683">
        <ele>207.64</ele>
      </trkpt>
      <trkpt lat="51.24635006301105" lon="0.12780072167515755">
        <ele>208.41</ele>
      </trkpt>
      <trkpt lat="51.24637998640537" lon="0.1280699484050274">
        <ele>208.97</ele>
      </trkpt>
      <trkpt lat="51.246540332213044" lon="0.12847580015659332">
        <ele>209.24</ele>
      </trkpt>
      <trkpt lat="51.24669992364943" lon="0.12887997552752495">
        <ele>209.35</ele>
      </trkpt>
      <trkpt lat="51.24658995307982" lon="0.12901995331048965">
        <ele>209.45</ele>
      </trkpt>
      <trkpt lat="51.246655164286494" lon="0.12933075428009033">
        <ele>209.21</ele>
      </trkpt>
      <trkpt lat="51.24671995639801" lon="0.12963996268808842">
        <ele>208.87</ele>
      </trkpt>
      <trkpt lat="51.246709981933236" lon="0.1298299804329872">
        <ele>208.34</ele>
      </trkpt>
      <trkpt lat="51.246709981933236" lon="0.12983995489776134">
        <ele>207.75</ele>
      </trkpt>
      <trkpt lat="51.246709981933236" lon="0.13003994710743427">
        <ele>207.05</ele>
      </trkpt>
      <trkpt lat="51.24649993143976" lon="0.13035996817052364">
        <ele>206.13</ele>
      </trkpt>
      <trkpt lat="51.24629809521139" lon="0.1305567752569914">
        <ele>205.19</ele>
      </trkpt>
      <trkpt lat="51.246096258983016" lon="0.13075366616249084">
        <ele>204.32</ele>
      </trkpt>
      <trkpt lat="51.245894925668836" lon="0.1309499703347683">
        <ele>203.5</ele>
      </trkpt>
      <trkpt lat="51.245693089440465" lon="0.13114677742123604">
        <ele>202.74</ele>
      </trkpt>
      <trkpt lat="51.24566936865449" lon="0.1311699952930212">
        <ele>202.09</ele>
      </trkpt>
      <trkpt lat="51.245491253212094" lon="0.1313436683267355">
        <ele>201.53</ele>
      </trkpt>
      <trkpt lat="51.245289919897914" lon="0.13153997249901295">
        <ele>200.98</ele>
      </trkpt>
      <trkpt lat="51.24509998597205" lon="0.13165991753339767">
        <ele>200.58</ele>
      </trkpt>
      <trkpt lat="51.244989931583405" lon="0.13167995028197765">
        <ele>200.31</ele>
      </trkpt>
      <trkpt lat="51.24489479698241" lon="0.1318903360515833">
        <ele>200.25</ele>
      </trkpt>
      <trkpt lat="51.24479999765754" lon="0.1320999674499035">
        <ele>200.33</ele>
      </trkpt>
      <trkpt lat="51.24475993216038" lon="0.13221999630331993">
        <ele>200.49</ele>
      </trkpt>
      <trkpt lat="51.24460997991264" lon="0.13232996687293053">
        <ele>200.78</ele>
      </trkpt>
      <trkpt lat="51.24439992941916" lon="0.13236994855105877">
        <ele>201.17</ele>
      </trkpt>
      <trkpt lat="51.244109999388456" lon="0.1325399335473776">
        <ele>201.77</ele>
      </trkpt>
      <trkpt lat="51.2438799161464" lon="0.13258326798677444">
        <ele>202.35</ele>
      </trkpt>
      <trkpt lat="51.24364983290434" lon="0.13262668624520302">
        <ele>202.91</ele>
      </trkpt>
      <trkpt lat="51.24341991730034" lon="0.13266993686556816">
        <ele>203.46</ele>
      </trkpt>
      <trkpt lat="51.243229899555445" lon="0.13275501318275928">
        <ele>204.04</ele>
      </trkpt>
      <trkpt lat="51.24303996562958" lon="0.13283992186188698">
        <ele>204.64</ele>
      </trkpt>
      <trkpt lat="51.24334012158215" lon="0.13297000899910927">
        <ele>205.59</ele>
      </trkpt>
      <trkpt lat="51.243639942258596" lon="0.13309992849826813">
        <ele>206.48</ele>
      </trkpt>
      <trkpt lat="51.2438400182873" lon="0.13319497928023338">
        <ele>207.17</ele>
      </trkpt>
      <trkpt lat="51.24403992667794" lon="0.13328994624316692">
        <ele>207.83</ele>
      </trkpt>
      <trkpt lat="51.24376994557679" lon="0.1333899423480034">
        <ele>208.34</ele>
      </trkpt>
      <trkpt lat="51.24361999332905" lon="0.13372999615967274">
        <ele>208.74</ele>
      </trkpt>
      <trkpt lat="51.24372024089098" lon="0.13411757536232471">
        <ele>209.17</ele>
      </trkpt>
      <trkpt lat="51.24382048845291" lon="0.1345052383840084">
        <ele>209.5</ele>
      </trkpt>
      <trkpt lat="51.24391998164356" lon="0.13488996773958206">
        <ele>209.66</ele>
      </trkpt>
      <trkpt lat="51.24390992335975" lon="0.13487999327480793">
        <ele>209.83</ele>
      </trkpt>
      <trkpt lat="51.244006901979446" lon="0.13525759801268578">
        <ele>209.85</ele>
      </trkpt>
      <trkpt lat="51.24410379678011" lon="0.13563520275056362">
        <ele>209.85</ele>
      </trkpt>
      <trkpt lat="51.24419993720949" lon="0.13600995764136314">
        <ele>209.77</ele>
      </trkpt>
      <trkpt lat="51.24434527941048" lon="0.13640583492815495">
        <ele>209.64</ele>
      </trkpt>
      <trkpt lat="51.24448995105922" lon="0.13679995201528072">
        <ele>209.44</ele>
      </trkpt>
      <trkpt lat="51.24463529326022" lon="0.13719582930207253">
        <ele>209.21</ele>
      </trkpt>
      <trkpt lat="51.24477996490896" lon="0.1375899463891983">
        <ele>209.09</ele>
      </trkpt>
      <trkpt lat="51.24481676146388" lon="0.1380010787397623">
        <ele>208.76</ele>
      </trkpt>
      <trkpt lat="51.24485347419977" lon="0.13841229490935802">
        <ele>208.41</ele>
      </trkpt>
      <trkpt lat="51.24488993547857" lon="0.1388199906796217">
        <ele>207.97</ele>
      </trkpt>
      <trkpt lat="51.24499998986721" lon="0.13915996067225933">
        <ele>207.45</ele>
      </trkpt>
      <trkpt lat="51.24515991657972" lon="0.13937998563051224">
        <ele>206.93</ele>
      </trkpt>
      <trkpt lat="51.245379941537976" lon="0.13954997062683105">
        <ele>206.48</ele>
      </trkpt>
      <trkpt lat="51.24542998149991" lon="0.13981995172798634">
        <ele>205.96</ele>
      </trkpt>
      <trkpt lat="51.24554271809757" lon="0.14021088369190693">
        <ele>205.48</ele>
      </trkpt>
      <trkpt lat="51.245654951781034" lon="0.14059997163712978">
        <ele>205.05</ele>
      </trkpt>
      <trkpt lat="51.24576777219772" lon="0.14099090360105038">
        <ele>204.65</ele>
      </trkpt>
      <trkpt lat="51.24587992206216" lon="0.14137999154627323">
        <ele>204.42</ele>
      </trkpt>
      <trkpt lat="51.24580976553261" lon="0.14183621853590012">
        <ele>204.07</ele>
      </trkpt>
      <trkpt lat="51.245739944279194" lon="0.14228993095457554">
        <ele>203.77</ele>
      </trkpt>
      <trkpt lat="51.24578503891826" lon="0.14254063367843628">
        <ele>203.63</ele>
      </trkpt>
      <trkpt lat="51.245829965919256" lon="0.14278999529778957">
        <ele>203.52</ele>
      </trkpt>
      <trkpt lat="51.24600992538035" lon="0.14296995475888252">
        <ele>203.47</ele>
      </trkpt>
      <trkpt lat="51.2460399325937" lon="0.14319995418190956">
        <ele>203.44</ele>
      </trkpt>
      <trkpt lat="51.24596994370222" lon="0.14349994249641895">
        <ele>203.4</ele>
      </trkpt>
      <trkpt lat="51.24599668197334" lon="0.1439646352082491">
        <ele>203.48</ele>
      </trkpt>
      <trkpt lat="51.246023420244455" lon="0.14442924410104752">
        <ele>203.5</ele>
      </trkpt>
      <trkpt lat="51.24604999087751" lon="0.14488999731838703">
        <ele>203.55</ele>
      </trkpt>
      <trkpt lat="51.246056612581015" lon="0.14533122070133686">
        <ele>203.62</ele>
      </trkpt>
      <trkpt lat="51.24606331810355" lon="0.1457725279033184">
        <ele>203.63</ele>
      </trkpt>
      <trkpt lat="51.24606993980706" lon="0.14620997942984104">
        <ele>203.61</ele>
      </trkpt>
      <trkpt lat="51.24621528200805" lon="0.14656570740044117">
        <ele>203.46</ele>
      </trkpt>
      <trkpt lat="51.24635995365679" lon="0.14691992662847042">
        <ele>203.41</ele>
      </trkpt>
      <trkpt lat="51.24639993533492" lon="0.1473499182611704">
        <ele>203.37</ele>
      </trkpt>
      <trkpt lat="51.246369844302535" lon="0.14767086133360863">
        <ele>203.41</ele>
      </trkpt>
      <trkpt lat="51.24633992090821" lon="0.14798996038734913">
        <ele>203.49</ele>
      </trkpt>
      <trkpt lat="51.24640345573425" lon="0.14831081964075565">
        <ele>203.62</ele>
      </trkpt>
      <trkpt lat="51.24646699056029" lon="0.14863167889416218">
        <ele>203.73</ele>
      </trkpt>
      <trkpt lat="51.24652993865311" lon="0.14894993975758553">
        <ele>203.92</ele>
      </trkpt>
      <trkpt lat="51.24653664417565" lon="0.14931103214621544">
        <ele>204.17</ele>
      </trkpt>
      <trkpt lat="51.246543349698186" lon="0.14967204071581364">
        <ele>204.54</ele>
      </trkpt>
      <trkpt lat="51.24654997140169" lon="0.15002994798123837">
        <ele>204.92</ele>
      </trkpt>
      <trkpt lat="51.24642466194928" lon="0.150435883551836">
        <ele>205.14</ele>
      </trkpt>
      <trkpt lat="51.246299939230084" lon="0.15083997510373592">
        <ele>205.24</ele>
      </trkpt>
      <trkpt lat="51.24607304111123" lon="0.15111364424228668">
        <ele>205.34</ele>
      </trkpt>
      <trkpt lat="51.245846059173346" lon="0.15138731338083744">
        <ele>205.46</ele>
      </trkpt>
      <trkpt lat="51.24561999924481" lon="0.15165997669100761">
        <ele>205.35</ele>
      </trkpt>
      <trkpt lat="51.24548966065049" lon="0.15197061002254486">
        <ele>205.21</ele>
      </trkpt>
      <trkpt lat="51.24535999260843" lon="0.15227998606860638">
        <ele>205.22</ele>
      </trkpt>
      <trkpt lat="51.24520995654166" lon="0.15257997438311577">
        <ele>205.27</ele>
      </trkpt>
      <trkpt lat="51.244969982653856" lon="0.15281994827091694">
        <ele>205.34</ele>
      </trkpt>
      <trkpt lat="51.24481491744518" lon="0.15288499183952808">
        <ele>205.31</ele>
      </trkpt>
      <trkpt lat="51.24465993605554" lon="0.1529499515891075">
        <ele>205.25</ele>
      </trkpt>
      <trkpt lat="51.24461995437741" lon="0.15312999486923218">
        <ele>205.17</ele>
      </trkpt>
      <trkpt lat="51.244785161688924" lon="0.15330517664551735">
        <ele>205.23</ele>
      </trkpt>
      <trkpt lat="51.244949949905276" lon="0.15347993932664394">
        <ele>205.22</ele>
      </trkpt>
      <trkpt lat="51.24520333483815" lon="0.15351329930126667">
        <ele>205.2</ele>
      </trkpt>
      <trkpt lat="51.24545671977103" lon="0.1535466592758894">
        <ele>204.99</ele>
      </trkpt>
      <trkpt lat="51.24570993706584" lon="0.1535799354314804">
        <ele>204.79</ele>
      </trkpt>
      <trkpt lat="51.24586684629321" lon="0.15382368117570877">
        <ele>204.5</ele>
      </trkpt>
      <trkpt lat="51.24602375552058" lon="0.15406734310090542">
        <ele>204.2</ele>
      </trkpt>
      <trkpt lat="51.2461799941957" lon="0.15430999919772148">
        <ele>204.0</ele>
      </trkpt>
      <trkpt lat="51.24633690342307" lon="0.15455366112291813">
        <ele>203.82</ele>
      </trkpt>
      <trkpt lat="51.24649372883141" lon="0.15479732304811478">
        <ele>203.58</ele>
      </trkpt>
      <trkpt lat="51.24664996750653" lon="0.15503997914493084">
        <ele>203.28</ele>
      </trkpt>
      <trkpt lat="51.24677016399801" lon="0.15525028109550476">
        <ele>202.93</ele>
      </trkpt>
      <trkpt lat="51.24688994139433" lon="0.15545999631285667">
        <ele>202.62</ele>
      </trkpt>
      <trkpt lat="51.24692992307246" lon="0.15558999963104725">
        <ele>202.27</ele>
      </trkpt>
      <trkpt lat="51.246980130672455" lon="0.15596098266541958">
        <ele>201.79</ele>
      </trkpt>
      <trkpt lat="51.24703025445342" lon="0.1563319656997919">
        <ele>201.31</ele>
      </trkpt>
      <trkpt lat="51.24707995913923" lon="0.15669993124902248">
        <ele>200.94</ele>
      </trkpt>
      <trkpt lat="51.24716017395258" lon="0.15713444910943508">
        <ele>200.75</ele>
      </trkpt>
      <trkpt lat="51.24724038876593" lon="0.15756896696984768">
        <ele>200.7</ele>
      </trkpt>
      <trkpt lat="51.24731993302703" lon="0.15799996443092823">
        <ele>200.65</ele>
      </trkpt>
      <trkpt lat="51.247385144233704" lon="0.158285703510046">
        <ele>200.58</ele>
      </trkpt>
      <trkpt lat="51.24744993634522" lon="0.1585699338465929">
        <ele>200.62</ele>
      </trkpt>
      <trkpt lat="51.24745245091617" lon="0.15895860269665718">
        <ele>200.66</ele>
      </trkpt>
      <trkpt lat="51.24745496548712" lon="0.15934492461383343">
        <ele>200.66</ele>
      </trkpt>
      <trkpt lat="51.247457480058074" lon="0.1597335934638977">
        <ele>200.69</ele>
      </trkpt>
      <trkpt lat="51.247459994629025" lon="0.16011999920010567">
        <ele>200.96</ele>
      </trkpt>
      <trkpt lat="51.2475199252367" lon="0.16058997251093388">
        <ele>201.36</ele>
      </trkpt>
      <trkpt lat="51.24740995466709" lon="0.1609499752521515">
        <ele>201.97</ele>
      </trkpt>
      <trkpt lat="51.24737994745374" lon="0.16136999242007732">
        <ele>202.6</ele>
      </trkpt>
      <trkpt lat="51.247229995206" lon="0.16154995188117027">
        <ele>203.24</ele>
      </trkpt>
      <trkpt lat="51.24719236046076" lon="0.1619911752641201">
        <ele>204.1</ele>
      </trkpt>
      <trkpt lat="51.24715497717261" lon="0.16242996789515018">
        <ele>204.95</ele>
      </trkpt>
      <trkpt lat="51.24711734242737" lon="0.1628711912781">
        <ele>205.85</ele>
      </trkpt>
      <trkpt lat="51.24707995913923" lon="0.1633099839091301">
        <ele>206.78</ele>
      </trkpt>
      <trkpt lat="51.247054897248745" lon="0.16380468383431435">
        <ele>207.73</ele>
      </trkpt>
      <trkpt lat="51.247029919177294" lon="0.164296617731452">
        <ele>208.66</ele>
      </trkpt>
      <trkpt lat="51.24700485728681" lon="0.16479140147566795">
        <ele>209.51</ele>
      </trkpt>
      <trkpt lat="51.24697996303439" lon="0.16528325155377388">
        <ele>210.37</ele>
      </trkpt>
      <trkpt lat="51.24695490114391" lon="0.16577803529798985">
        <ele>211.28</ele>
      </trkpt>
      <trkpt lat="51.24692992307246" lon="0.1662699691951275">
        <ele>212.16</ele>
      </trkpt>
      <trkpt lat="51.24692992307246" lon="0.16653995029628277">
        <ele>212.88</ele>
      </trkpt>
      <trkpt lat="51.246887343004346" lon="0.16689592972397804">
        <ele>213.58</ele>
      </trkpt>
      <trkpt lat="51.2468449305743" lon="0.16724998131394386">
        <ele>214.2</ele>
      </trkpt>
      <trkpt lat="51.24680235050619" lon="0.16760596074163914">
        <ele>214.81</ele>
      </trkpt>
      <trkpt lat="51.24675993807614" lon="0.16795992851257324">
        <ele>215.44</ele>
      </trkpt>
      <trkpt lat="51.24675993807614" lon="0.16831993125379086">
        <ele>216.04</ele>
      </trkpt>
      <trkpt lat="51.24681995250285" lon="0.16836997121572495">
        <ele>216.57</ele>
      </trkpt>
      <trkpt lat="51.246729930862784" lon="0.16856996342539787">
        <ele>217.07</ele>
      </trkpt>
      <trkpt lat="51.246619960293174" lon="0.16893994063138962">
        <ele>217.55</ele>
      </trkpt>
      <trkpt lat="51.246559945866466" lon="0.16933992505073547">
        <ele>217.86</ele>
      </trkpt>
      <trkpt lat="51.246619960293174" lon="0.1698099821805954">
        <ele>218.13</ele>
      </trkpt>
      <trkpt lat="51.246769996359944" lon="0.17023997381329536">
        <ele>218.4</ele>
      </trkpt>
      <trkpt lat="51.24694861471653" lon="0.17060567624866962">
        <ele>218.6</ele>
      </trkpt>
      <trkpt lat="51.24712731689215" lon="0.17097129486501217">
        <ele>218.75</ele>
      </trkpt>
      <trkpt lat="51.24730492942035" lon="0.17133498564362526">
        <ele>218.9</ele>
      </trkpt>
      <trkpt lat="51.24748363159597" lon="0.1717006042599678">
        <ele>218.98</ele>
      </trkpt>
      <trkpt lat="51.247662333771586" lon="0.17206630669534206">
        <ele>219.0</ele>
      </trkpt>
      <trkpt lat="51.24783994629979" lon="0.17242999747395515">
        <ele>218.84</ele>
      </trkpt>
      <trkpt lat="51.24800020828843" lon="0.172720430418849">
        <ele>218.64</ele>
      </trkpt>
      <trkpt lat="51.24815996736288" lon="0.17300994135439396">
        <ele>218.33</ele>
      </trkpt>
      <trkpt lat="51.24832525849342" lon="0.1732753962278366">
        <ele>217.88</ele>
      </trkpt>
      <trkpt lat="51.248489962890744" lon="0.1735399290919304">
        <ele>217.29</ele>
      </trkpt>
      <trkpt lat="51.248666904866695" lon="0.17378359101712704">
        <ele>216.63</ele>
      </trkpt>
      <trkpt lat="51.248843763023615" lon="0.17402725294232368">
        <ele>215.87</ele>
      </trkpt>
      <trkpt lat="51.24901995062828" lon="0.17426999285817146">
        <ele>215.01</ele>
      </trkpt>
      <trkpt lat="51.24926520511508" lon="0.17455531284213066">
        <ele>214.1</ele>
      </trkpt>
      <trkpt lat="51.24950995668769" lon="0.17483996227383614">
        <ele>213.18</ele>
      </trkpt>
      <trkpt lat="51.249759988859296" lon="0.17505998723208904">
        <ele>212.16</ele>
      </trkpt>
      <trkpt lat="51.24991999939084" lon="0.17516995780169964">
        <ele>211.02</ele>
      </trkpt>
      <trkpt lat="51.250039944425225" lon="0.17517993226647377">
        <ele>209.76</ele>
      </trkpt>
      <trkpt lat="51.25028008595109" lon="0.17533340491354465">
        <ele>208.38</ele>
      </trkpt>
      <trkpt lat="51.250520227476954" lon="0.17548679374158382">
        <ele>206.97</ele>
      </trkpt>
      <trkpt lat="51.25075994990766" lon="0.17563993111252785">
        <ele>205.49</ele>
      </trkpt>
      <trkpt lat="51.250899927690625" lon="0.17587998881936073">
        <ele>203.92</ele>
      </trkpt>
      <trkpt lat="51.25100520439446" lon="0.17613044008612633">
        <ele>202.27</ele>
      </trkpt>
      <trkpt lat="51.251109978184104" lon="0.17637996934354305">
        <ele>200.55</ele>
      </trkpt>
      <trkpt lat="51.25122522935271" lon="0.17673075199127197">
        <ele>198.75</ele>
      </trkpt>
      <trkpt lat="51.25133997760713" lon="0.1770799420773983">
        <ele>197.04</ele>
      </trkpt>
      <trkpt lat="51.25145522877574" lon="0.17743072472512722">
        <ele>195.61</ele>
      </trkpt>
      <trkpt lat="51.25156997703016" lon="0.17777999863028526">
        <ele>194.16</ele>
      </trkpt>
      <trkpt lat="51.25170358456671" lon="0.17807722091674805">
        <ele>192.63</ele>
      </trkpt>
      <trkpt lat="51.25183719210327" lon="0.17837444320321083">
        <ele>191.06</ele>
      </trkpt>
      <trkpt lat="51.251969961449504" lon="0.1786699891090393">
        <ele>189.55</ele>
      </trkpt>
      <trkpt lat="51.25202343799174" lon="0.17904432490468025">
        <ele>188.02</ele>
      </trkpt>
      <trkpt lat="51.25207691453397" lon="0.1794186607003212">
        <ele>186.57</ele>
      </trkpt>
      <trkpt lat="51.25212997198105" lon="0.1797899790108204">
        <ele>185.26</ele>
      </trkpt>
      <trkpt lat="51.252300292253494" lon="0.18013061955571175">
        <ele>184.11</ele>
      </trkpt>
      <trkpt lat="51.252469941973686" lon="0.18046991899609566">
        <ele>183.13</ele>
      </trkpt>
      <trkpt lat="51.25266012735665" lon="0.1806351263076067">
        <ele>182.41</ele>
      </trkpt>
      <trkpt lat="51.252849977463484" lon="0.18079999834299088">
        <ele>181.84</ele>
      </trkpt>
      <trkpt lat="51.25306522473693" lon="0.181090347468853">
        <ele>181.32</ele>
      </trkpt>
      <trkpt lat="51.253279969096184" lon="0.18137994222342968">
        <ele>180.97</ele>
      </trkpt>
      <trkpt lat="51.25343025662005" lon="0.18169384449720383">
        <ele>180.77</ele>
      </trkpt>
      <trkpt lat="51.253580544143915" lon="0.1820078305900097">
        <ele>180.88</ele>
      </trkpt>
      <trkpt lat="51.253729993477464" lon="0.1823199726641178">
        <ele>181.34</ele>
      </trkpt>
      <trkpt lat="51.25391992740333" lon="0.18255994655191898">
        <ele>181.97</ele>
      </trkpt>
      <trkpt lat="51.25369990244508" lon="0.1826199609786272">
        <ele>182.84</ele>
      </trkpt>
      <trkpt lat="51.25347979366779" lon="0.18267997540533543">
        <ele>183.83</ele>
      </trkpt>
      <trkpt lat="51.253259936347604" lon="0.18273998983204365">
        <ele>184.87</ele>
      </trkpt>
      <trkpt lat="51.25303974375129" lon="0.18295012414455414">
        <ele>186.13</ele>
      </trkpt>
      <trkpt lat="51.25281997025013" lon="0.18315992318093777">
        <ele>187.46</ele>
      </trkpt>
      <trkpt lat="51.25267303548753" lon="0.18347390927374363">
        <ele>188.87</ele>
      </trkpt>
      <trkpt lat="51.252526016905904" lon="0.18378781154751778">
        <ele>190.31</ele>
      </trkpt>
      <trkpt lat="51.252379920333624" lon="0.1840999536216259">
        <ele>191.87</ele>
      </trkpt>
      <trkpt lat="51.252299789339304" lon="0.1844207290560007">
        <ele>193.5</ele>
      </trkpt>
      <trkpt lat="51.25221999362111" lon="0.18473999574780464">
        <ele>195.22</ele>
      </trkpt>
      <trkpt lat="51.252114716917276" lon="0.18501559272408485">
        <ele>196.9</ele>
      </trkpt>
      <trkpt lat="51.25200994312763" lon="0.18528993241488934">
        <ele>198.5</ele>
      </trkpt>
      <trkpt lat="51.25182998366654" lon="0.1856599934399128">
        <ele>200.07</ele>
      </trkpt>
      <trkpt lat="51.25164641998708" lon="0.18588689155876637">
        <ele>201.47</ele>
      </trkpt>
      <trkpt lat="51.251462856307626" lon="0.18611387349665165">
        <ele>202.82</ele>
      </trkpt>
      <trkpt lat="51.25127996318042" lon="0.18633993342518806">
        <ele>204.07</ele>
      </trkpt>
      <trkpt lat="51.25107301399112" lon="0.1865835953503847">
        <ele>205.19</ele>
      </trkpt>
      <trkpt lat="51.250866148620844" lon="0.18682717345654964">
        <ele>206.26</ele>
      </trkpt>
      <trkpt lat="51.250659953802824" lon="0.18706999719142914">
        <ele>207.24</ele>
      </trkpt>
      <trkpt lat="51.250679986551404" lon="0.1872299239039421">
        <ele>208.07</ele>
      </trkpt>
      <trkpt lat="51.25071996822953" lon="0.18733997829258442">
        <ele>208.79</ele>
      </trkpt>
      <trkpt lat="51.25070999376476" lon="0.18766997382044792">
        <ele>209.43</ele>
      </trkpt>
      <trkpt lat="51.250789957121015" lon="0.18784993328154087">
        <ele>209.95</ele>
      </trkpt>
      <trkpt lat="51.25086992047727" lon="0.18795998767018318">
        <ele>210.39</ele>
      </trkpt>
      <trkpt lat="51.25111509114504" lon="0.18812008202075958">
        <ele>210.67</ele>
      </trkpt>
      <trkpt lat="51.25135992653668" lon="0.18827992491424084">
        <ele>210.85</ele>
      </trkpt>
      <trkpt lat="51.25141994096339" lon="0.18843993544578552">
        <ele>211.07</ele>
      </trkpt>
      <trkpt lat="51.25143997371197" lon="0.18855996429920197">
        <ele>211.25</ele>
      </trkpt>
      <trkpt lat="51.251539969816804" lon="0.18869994208216667">
        <ele>211.35</ele>
      </trkpt>
      <trkpt lat="51.25159998424351" lon="0.1889799814671278">
        <ele>211.45</ele>
      </trkpt>
      <trkpt lat="51.25159495510161" lon="0.1892658043652773">
        <ele>211.59</ele>
      </trkpt>
      <trkpt lat="51.251589925959706" lon="0.18954995088279247">
        <ele>211.75</ele>
      </trkpt>
      <trkpt lat="51.25154994428158" lon="0.19002998247742653">
        <ele>212.04</ele>
      </trkpt>
      <trkpt lat="51.25154659152031" lon="0.19037431105971336">
        <ele>212.28</ele>
      </trkpt>
      <trkpt lat="51.25154323875904" lon="0.1907186396420002">
        <ele>212.44</ele>
      </trkpt>
      <trkpt lat="51.251539969816804" lon="0.19105995073914528">
        <ele>212.47</ele>
      </trkpt>
      <trkpt lat="51.251479955390096" lon="0.1912299357354641">
        <ele>212.55</ele>
      </trkpt>
      <trkpt lat="51.25143997371197" lon="0.19153998233377934">
        <ele>212.55</ele>
      </trkpt>
      <trkpt lat="51.25131994485855" lon="0.1919699739664793">
        <ele>212.61</ele>
      </trkpt>
      <trkpt lat="51.25130997039378" lon="0.19241999834775925">
        <ele>212.59</ele>
      </trkpt>
      <trkpt lat="51.25124995596707" lon="0.1925999578088522">
        <ele>212.6</ele>
      </trkpt>
      <trkpt lat="51.25133997760713" lon="0.1929799932986498">
        <ele>212.57</ele>
      </trkpt>
      <trkpt lat="51.25152999535203" lon="0.19320999272167683">
        <ele>212.44</ele>
      </trkpt>
      <trkpt lat="51.25154994428158" lon="0.19354996271431446">
        <ele>212.36</ele>
      </trkpt>
      <trkpt lat="51.25161993317306" lon="0.19382991828024387">
        <ele>212.19</ele>
      </trkpt>
      <trkpt lat="51.25169998034835" lon="0.19386998377740383">
        <ele>211.97</ele>
      </trkpt>
      <trkpt lat="51.251799976453185" lon="0.1938099693506956">
        <ele>211.71</ele>
      </trkpt>
      <trkpt lat="51.25191992148757" lon="0.194109957665205">
        <ele>211.43</ele>
      </trkpt>
      <trkpt lat="51.25199996866286" lon="0.19437993876636028">
        <ele>211.16</ele>
      </trkpt>
      <trkpt lat="51.251949928700924" lon="0.1945999637246132">
        <ele>211.0</ele>
      </trkpt>
      <trkpt lat="51.251969961449504" lon="0.19491998478770256">
        <ele>210.82</ele>
      </trkpt>
      <trkpt lat="51.25218998640776" lon="0.19524998031556606">
        <ele>210.45</ele>
      </trkpt>
      <trkpt lat="51.25215989537537" lon="0.1956711709499359">
        <ele>210.17</ele>
      </trkpt>
      <trkpt lat="51.25212997198105" lon="0.19608993083238602">
        <ele>209.87</ele>
      </trkpt>
      <trkpt lat="51.2522051576525" lon="0.19657624885439873">
        <ele>209.54</ele>
      </trkpt>
      <trkpt lat="51.25227992422879" lon="0.19705996848642826">
        <ele>209.19</ele>
      </trkpt>
      <trkpt lat="51.25226994976401" lon="0.19744436256587505">
        <ele>209.0</ele>
      </trkpt>
      <trkpt lat="51.25225989148021" lon="0.19782884046435356">
        <ele>208.83</ele>
      </trkpt>
      <trkpt lat="51.25224991701543" lon="0.19820996560156345">
        <ele>208.67</ele>
      </trkpt>
      <trkpt lat="51.25225997529924" lon="0.1984857302159071">
        <ele>208.47</ele>
      </trkpt>
      <trkpt lat="51.25226994976401" lon="0.19875998608767986">
        <ele>208.25</ele>
      </trkpt>
      <trkpt lat="51.25209485180676" lon="0.19887004047632217">
        <ele>208.15</ele>
      </trkpt>
      <trkpt lat="51.25191992148757" lon="0.19897992722690105">
        <ele>208.12</ele>
      </trkpt>
      <trkpt lat="51.25181992538273" lon="0.19921998493373394">
        <ele>207.98</ele>
      </trkpt>
      <trkpt lat="51.251649940386415" lon="0.1993999443948269">
        <ele>207.83</ele>
      </trkpt>
      <trkpt lat="51.251499988138676" lon="0.19940991885960102">
        <ele>207.66</ele>
      </trkpt>
      <trkpt lat="51.25149328261614" lon="0.19978098571300507">
        <ele>207.37</ele>
      </trkpt>
      <trkpt lat="51.2514865770936" lon="0.2001520525664091">
        <ele>207.05</ele>
      </trkpt>
      <trkpt lat="51.251479955390096" lon="0.20051993429660797">
        <ele>206.67</ele>
      </trkpt>
      <trkpt lat="51.25148992985487" lon="0.20061993040144444">
        <ele>206.32</ele>
      </trkpt>
      <trkpt lat="51.251519937068224" lon="0.2006899192929268">
        <ele>205.95</ele>
      </trkpt>
      <trkpt lat="51.251539969816804" lon="0.20066997036337852">
        <ele>205.55</ele>
      </trkpt>
      <trkpt lat="51.25168522819877" lon="0.2009153924882412">
        <ele>205.06</ele>
      </trkpt>
      <trkpt lat="51.25182998366654" lon="0.2011599764227867">
        <ele>204.55</ele>
      </trkpt>
      <trkpt lat="51.25163996592164" lon="0.201429957523942">
        <ele>204.14</ele>
      </trkpt>
      <trkpt lat="51.25146998092532" lon="0.20158996805548668">
        <ele>203.73</ele>
      </trkpt>
      <trkpt lat="51.25124995596707" lon="0.20162994973361492">
        <ele>203.28</ele>
      </trkpt>
      <trkpt lat="51.251159934327006" lon="0.20168996416032314">
        <ele>202.71</ele>
      </trkpt>
      <trkpt lat="51.25099992379546" lon="0.2021199557930231">
        <ele>202.05</ele>
      </trkpt>
      <trkpt lat="51.25077998265624" lon="0.2024199441075325">
        <ele>201.37</ele>
      </trkpt>
      <trkpt lat="51.25053992494941" lon="0.20268992520868778">
        <ele>200.74</ele>
      </trkpt>
      <trkpt lat="51.250469936057925" lon="0.2028299868106842">
        <ele>200.1</ele>
      </trkpt>
      <trkpt lat="51.25036993995309" lon="0.20291992463171482">
        <ele>199.51</ele>
      </trkpt>
      <trkpt lat="51.25015997327864" lon="0.20316995680332184">
        <ele>198.88</ele>
      </trkpt>
      <trkpt lat="51.250379998236895" lon="0.20317993126809597">
        <ele>198.28</ele>
      </trkpt>
      <trkpt lat="51.25052995048463" lon="0.203429963439703">
        <ele>197.56</ele>
      </trkpt>
      <trkpt lat="51.250570099800825" lon="0.2037006989121437">
        <ele>196.98</ele>
      </trkpt>
      <trkpt lat="51.25060999765992" lon="0.20396992564201355">
        <ele>196.56</ele>
      </trkpt>
      <trkpt lat="51.250769924372435" lon="0.20431995391845703">
        <ele>196.25</ele>
      </trkpt>
      <trkpt lat="51.25098508782685" lon="0.2044200338423252">
        <ele>196.12</ele>
      </trkpt>
      <trkpt lat="51.251199999824166" lon="0.20451994612812996">
        <ele>196.12</ele>
      </trkpt>
      <trkpt lat="51.25139504671097" lon="0.20450997166335583">
        <ele>196.2</ele>
      </trkpt>
      <trkpt lat="51.251589925959706" lon="0.2044999971985817">
        <ele>196.37</ele>
      </trkpt>
      <trkpt lat="51.25142999924719" lon="0.2046099677681923">
        <ele>196.74</ele>
      </trkpt>
      <trkpt lat="51.25135992653668" lon="0.2047199383378029">
        <ele>197.22</ele>
      </trkpt>
      <trkpt lat="51.25122983939946" lon="0.20487014204263687">
        <ele>197.84</ele>
      </trkpt>
      <trkpt lat="51.2510999199003" lon="0.20501992665231228">
        <ele>198.57</ele>
      </trkpt>
      <trkpt lat="51.25096991658211" lon="0.20520994439721107">
        <ele>199.31</ele>
      </trkpt>
      <trkpt lat="51.250919960439205" lon="0.2054599765688181">
        <ele>200.14</ele>
      </trkpt>
      <trkpt lat="51.25097997486591" lon="0.2057399321347475">
        <ele>200.97</ele>
      </trkpt>
      <trkpt lat="51.25107997097075" lon="0.2059799898415804">
        <ele>201.74</ele>
      </trkpt>
      <trkpt lat="51.25128515996039" lon="0.20616011694073677">
        <ele>202.42</ele>
      </trkpt>
      <trkpt lat="51.25148992985487" lon="0.206339992582798">
        <ele>203.08</ele>
      </trkpt>
      <trkpt lat="51.25167525373399" lon="0.20669312216341496">
        <ele>203.67</ele>
      </trkpt>
      <trkpt lat="51.25185999087989" lon="0.20704499445855618">
        <ele>204.15</ele>
      </trkpt>
      <trkpt lat="51.252045314759016" lon="0.20739812403917313">
        <ele>204.53</ele>
      </trkpt>
      <trkpt lat="51.252229968085885" lon="0.20774999633431435">
        <ele>204.77</ele>
      </trkpt>
      <trkpt lat="51.252229968085885" lon="0.2077699452638626">
        <ele>205.02</ele>
      </trkpt>
      <trkpt lat="51.252376064658165" lon="0.20804713480174541">
        <ele>205.16</ele>
      </trkpt>
      <trkpt lat="51.252522161230445" lon="0.2083242405205965">
        <ele>205.15</ele>
      </trkpt>
      <trkpt lat="51.25266741961241" lon="0.20859992131590843">
        <ele>205.04</ele>
      </trkpt>
      <trkpt lat="51.25281351618469" lon="0.20887711085379124">
        <ele>204.84</ele>
      </trkpt>
      <trkpt lat="51.25295961275697" lon="0.20915430039167404">
        <ele>204.58</ele>
      </trkpt>
      <trkpt lat="51.25310495495796" lon="0.20942998118698597">
        <ele>204.28</ele>
      </trkpt>
      <trkpt lat="51.25325105153024" lon="0.20970708690583706">
        <ele>203.97</ele>
      </trkpt>
      <trkpt lat="51.25339714810252" lon="0.20998427644371986">
        <ele>203.59</ele>
      </trkpt>
      <trkpt lat="51.253542490303516" lon="0.2102599572390318">
        <ele>203.11</ele>
      </trkpt>
      <trkpt lat="51.253688586875796" lon="0.2105371467769146">
        <ele>202.51</ele>
      </trkpt>
      <trkpt lat="51.253834683448076" lon="0.21081425249576569">
        <ele>201.81</ele>
      </trkpt>
      <trkpt lat="51.25397994183004" lon="0.2110899332910776">
        <ele>201.05</ele>
      </trkpt>
      <trkpt lat="51.254150262102485" lon="0.21140886470675468">
        <ele>200.21</ele>
      </trkpt>
      <trkpt lat="51.25432058237493" lon="0.21172771230340004">
        <ele>199.41</ele>
      </trkpt>
      <trkpt lat="51.25448998063803" lon="0.2120449673384428">
        <ele>198.56</ele>
      </trkpt>
      <trkpt lat="51.25466030091047" lon="0.21236381493508816">
        <ele>197.61</ele>
      </trkpt>
      <trkpt lat="51.25483053736389" lon="0.21268274635076523">
        <ele>196.62</ele>
      </trkpt>
      <trkpt lat="51.254999935626984" lon="0.21299991756677628">
        <ele>195.66</ele>
      </trkpt>
      <trkpt lat="51.25517025589943" lon="0.21331884898245335">
        <ele>194.7</ele>
      </trkpt>
      <trkpt lat="51.255340576171875" lon="0.21363778039813042">
        <ele>193.67</ele>
      </trkpt>
      <trkpt lat="51.25550997443497" lon="0.21395495161414146">
        <ele>192.63</ele>
      </trkpt>
      <trkpt lat="51.25568029470742" lon="0.21427388302981853">
        <ele>191.6</ele>
      </trkpt>
      <trkpt lat="51.25585053116083" lon="0.2145927306264639">
        <ele>190.7</ele>
      </trkpt>
      <trkpt lat="51.25601992942393" lon="0.21490998566150665">
        <ele>189.88</ele>
      </trkpt>
      <trkpt lat="51.25601992942393" lon="0.2148999273777008">
        <ele>189.21</ele>
      </trkpt>
      <trkpt lat="51.25617356970906" lon="0.21518155932426453">
        <ele>188.56</ele>
      </trkpt>
      <trkpt lat="51.256327126175165" lon="0.21546310745179653">
        <ele>188.05</ele>
      </trkpt>
      <trkpt lat="51.25647992826998" lon="0.21574323065578938">
        <ele>187.65</ele>
      </trkpt>
      <trkpt lat="51.25663356855512" lon="0.2160248626023531">
        <ele>187.29</ele>
      </trkpt>
      <trkpt lat="51.25678712502122" lon="0.2163064107298851">
        <ele>187.08</ele>
      </trkpt>
      <trkpt lat="51.256939927116036" lon="0.21658653393387794">
        <ele>186.99</ele>
      </trkpt>
      <trkpt lat="51.25709356740117" lon="0.21686816588044167">
        <ele>186.97</ele>
      </trkpt>
      <trkpt lat="51.25724712386727" lon="0.2171497978270054">
        <ele>187.02</ele>
      </trkpt>
      <trkpt lat="51.25739992596209" lon="0.21742992103099823">
        <ele>187.18</ele>
      </trkpt>
      <trkpt lat="51.257216362282634" lon="0.21766360849142075">
        <ele>187.61</ele>
      </trkpt>
      <trkpt lat="51.25703279860318" lon="0.21789721213281155">
        <ele>188.13</ele>
      </trkpt>
      <trkpt lat="51.256849989295006" lon="0.2181299775838852">
        <ele>188.82</ele>
      </trkpt>
      <trkpt lat="51.25664974562824" lon="0.2183151338249445">
        <ele>189.57</ele>
      </trkpt>
      <trkpt lat="51.25644992105663" lon="0.21849995478987694">
        <ele>190.31</ele>
      </trkpt>
      <trkpt lat="51.25636995770037" lon="0.21894997917115688">
        <ele>191.04</ele>
      </trkpt>
      <trkpt lat="51.25626971013844" lon="0.21941115148365498">
        <ele>191.72</ele>
      </trkpt>
      <trkpt lat="51.2561699654907" lon="0.21986997686326504">
        <ele>192.47</ele>
      </trkpt>
      <trkpt lat="51.25606971792877" lon="0.22033114917576313">
        <ele>193.1</ele>
      </trkpt>
      <trkpt lat="51.255969973281026" lon="0.2207899745553732">
        <ele>193.64</ele>
      </trkpt>
      <trkpt lat="51.25584994442761" lon="0.22104998119175434">
        <ele>194.19</ele>
      </trkpt>
      <trkpt lat="51.2556398101151" lon="0.22120504640042782">
        <ele>194.7</ele>
      </trkpt>
      <trkpt lat="51.255429927259684" lon="0.22135994397103786">
        <ele>195.14</ele>
      </trkpt>
      <trkpt lat="51.25522993505001" lon="0.22154996171593666">
        <ele>195.53</ele>
      </trkpt>
      <trkpt lat="51.25509993173182" lon="0.2217299211770296">
        <ele>195.84</ele>
      </trkpt>
      <trkpt lat="51.25508660450578" lon="0.22217793390154839">
        <ele>195.94</ele>
      </trkpt>
      <trkpt lat="51.2550731934607" lon="0.22262586280703545">
        <ele>196.09</ele>
      </trkpt>
      <trkpt lat="51.25505995005369" lon="0.2230699360370636">
        <ele>196.26</ele>
      </trkpt>
      <trkpt lat="51.255129938945174" lon="0.22318996489048004">
        <ele>196.3</ele>
      </trkpt>
      <trkpt lat="51.255129938945174" lon="0.22329993546009064">
        <ele>196.25</ele>
      </trkpt>
      <trkpt lat="51.255089957267046" lon="0.22343999706208706">
        <ele>196.11</ele>
      </trkpt>
      <trkpt lat="51.25502994284034" lon="0.2235599420964718">
        <ele>195.85</ele>
      </trkpt>
      <trkpt lat="51.25494997948408" lon="0.22360998205840588">
        <ele>195.48</ele>
      </trkpt>
      <trkpt lat="51.2548799905926" lon="0.2237799670547247">
        <ele>194.98</ele>
      </trkpt>
      <trkpt lat="51.25485325232148" lon="0.2241971343755722">
        <ele>194.33</ele>
      </trkpt>
      <trkpt lat="51.254826514050364" lon="0.22461430169641972">
        <ele>193.6</ele>
      </trkpt>
      <trkpt lat="51.25479994341731" lon="0.22502794861793518">
        <ele>192.95</ele>
      </trkpt>
      <trkpt lat="51.25477320514619" lon="0.2254451159387827">
        <ele>192.24</ele>
      </trkpt>
      <trkpt lat="51.254746466875076" lon="0.22586236707866192">
        <ele>191.42</ele>
      </trkpt>
      <trkpt lat="51.254719980061054" lon="0.22627593018114567">
        <ele>190.53</ele>
      </trkpt>
      <trkpt lat="51.25469324178994" lon="0.2266931813210249">
        <ele>189.5</ele>
      </trkpt>
      <trkpt lat="51.25466650351882" lon="0.2271103486418724">
        <ele>188.41</ele>
      </trkpt>
      <trkpt lat="51.254639932885766" lon="0.22752399556338787">
        <ele>187.39</ele>
      </trkpt>
      <trkpt lat="51.25461319461465" lon="0.22794116288423538">
        <ele>186.33</ele>
      </trkpt>
      <trkpt lat="51.25458645634353" lon="0.2283583302050829">
        <ele>185.1</ele>
      </trkpt>
      <trkpt lat="51.25455996952951" lon="0.22877197712659836">
        <ele>183.81</ele>
      </trkpt>
      <trkpt lat="51.25453323125839" lon="0.22918914444744587">
        <ele>182.52</ele>
      </trkpt>
      <trkpt lat="51.254506492987275" lon="0.22960631176829338">
        <ele>181.21</ele>
      </trkpt>
      <trkpt lat="51.25447992235422" lon="0.23001995868980885">
        <ele>179.85</ele>
      </trkpt>
      <trkpt lat="51.254525100812316" lon="0.23040100000798702">
        <ele>178.46</ele>
      </trkpt>
      <trkpt lat="51.254569943994284" lon="0.23077994585037231">
        <ele>177.05</ele>
      </trkpt>
      <trkpt lat="51.25455996952951" lon="0.2310657687485218">
        <ele>175.7</ele>
      </trkpt>
      <trkpt lat="51.254549995064735" lon="0.2313499990850687">
        <ele>174.46</ele>
      </trkpt>
      <trkpt lat="51.25457505695522" lon="0.23177118971943855">
        <ele>173.28</ele>
      </trkpt>
      <trkpt lat="51.25459995120764" lon="0.23218994960188866">
        <ele>172.29</ele>
      </trkpt>
      <trkpt lat="51.254610009491444" lon="0.23262371309101582">
        <ele>171.37</ele>
      </trkpt>
      <trkpt lat="51.25461998395622" lon="0.2330549620091915">
        <ele>170.52</ele>
      </trkpt>
      <trkpt lat="51.25462995842099" lon="0.23348872549831867">
        <ele>169.64</ele>
      </trkpt>
      <trkpt lat="51.254639932885766" lon="0.23391997441649437">
        <ele>168.86</ele>
      </trkpt>
      <trkpt lat="51.254699947312474" lon="0.23427997715771198">
        <ele>168.3</ele>
      </trkpt>
      <trkpt lat="51.25480522401631" lon="0.23466587997972965">
        <ele>167.86</ele>
      </trkpt>
      <trkpt lat="51.25490999780595" lon="0.23504993878304958">
        <ele>167.54</ele>
      </trkpt>
      <trkpt lat="51.254935059696436" lon="0.23541094735264778">
        <ele>167.22</ele>
      </trkpt>
      <trkpt lat="51.254959953948855" lon="0.2357699442654848">
        <ele>166.83</ele>
      </trkpt>
      <trkpt lat="51.25492483377457" lon="0.23617110215127468">
        <ele>166.51</ele>
      </trkpt>
      <trkpt lat="51.25488996505737" lon="0.23656999692320824">
        <ele>166.34</ele>
      </trkpt>
      <trkpt lat="51.25483992509544" lon="0.23683997802436352">
        <ele>166.0</ele>
      </trkpt>
      <trkpt lat="51.25470967032015" lon="0.23714558221399784">
        <ele>165.6</ele>
      </trkpt>
      <trkpt lat="51.25457991845906" lon="0.23744992911815643">
        <ele>165.28</ele>
      </trkpt>
      <trkpt lat="51.254529962316155" lon="0.23769996128976345">
        <ele>165.14</ele>
      </trkpt>
      <trkpt lat="51.25460992567241" lon="0.23786994628608227">
        <ele>165.23</ele>
      </trkpt>
      <trkpt lat="51.254849983379245" lon="0.23808997124433517">
        <ele>165.58</ele>
      </trkpt>
      <trkpt lat="51.25488996505737" lon="0.23852993734180927">
        <ele>165.66</ele>
      </trkpt>
      <trkpt lat="51.25496992841363" lon="0.23860998451709747">
        <ele>166.09</ele>
      </trkpt>
      <trkpt lat="51.25489993952215" lon="0.23888994008302689">
        <ele>166.39</ele>
      </trkpt>
      <trkpt lat="51.25483992509544" lon="0.23897996172308922">
        <ele>166.82</ele>
      </trkpt>
      <trkpt lat="51.2548799905926" lon="0.23925991728901863">
        <ele>167.5</ele>
      </trkpt>
      <trkpt lat="51.25503991730511" lon="0.23966995999217033">
        <ele>168.44</ele>
      </trkpt>
      <trkpt lat="51.25496992841363" lon="0.23994999937713146">
        <ele>169.12</ele>
      </trkpt>
      <trkpt lat="51.25495660118759" lon="0.24042801931500435">
        <ele>170.14</ele>
      </trkpt>
      <trkpt lat="51.25494319014251" lon="0.24090603925287724">
        <ele>171.34</ele>
      </trkpt>
      <trkpt lat="51.2549299467355" lon="0.24137995205819607">
        <ele>172.67</ele>
      </trkpt>
      <trkpt lat="51.254849983379245" lon="0.24170994758605957">
        <ele>174.01</ele>
      </trkpt>
      <trkpt lat="51.25489993952215" lon="0.24197992868721485">
        <ele>175.63</ele>
      </trkpt>
      <trkpt lat="51.254849983379245" lon="0.24246993474662304">
        <ele>176.84</ele>
      </trkpt>
      <trkpt lat="51.25488996505737" lon="0.2426499780267477">
        <ele>178.5</ele>
      </trkpt>
      <trkpt lat="51.255109990015626" lon="0.24292993359267712">
        <ele>180.71</ele>
      </trkpt>
      <trkpt lat="51.25525524839759" lon="0.24319538846611977">
        <ele>182.75</ele>
      </trkpt>
      <trkpt lat="51.25539992004633" lon="0.24345992133021355">
        <ele>184.79</ele>
      </trkpt>
      <trkpt lat="51.255689933896065" lon="0.24361993186175823">
        <ele>187.21</ele>
      </trkpt>
      <trkpt lat="51.25592336989939" lon="0.24366829544305801">
        <ele>189.62</ele>
      </trkpt>
      <trkpt lat="51.25615672208369" lon="0.2437166590243578">
        <ele>191.98</ele>
      </trkpt>
      <trkpt lat="51.25638999044895" lon="0.24376493878662586">
        <ele>194.19</ele>
      </trkpt>
      <trkpt lat="51.25662334263325" lon="0.24381330236792564">
        <ele>196.23</ele>
      </trkpt>
      <trkpt lat="51.256856778636575" lon="0.24386166594922543">
        <ele>198.0</ele>
      </trkpt>
      <trkpt lat="51.25708996318281" lon="0.2439099457114935">
        <ele>199.66</ele>
      </trkpt>
      <trkpt lat="51.25726019963622" lon="0.24415276944637299">
        <ele>201.15</ele>
      </trkpt>
      <trkpt lat="51.257429933175445" lon="0.24439492262899876">
        <ele>202.55</ele>
      </trkpt>
      <trkpt lat="51.25760016962886" lon="0.24463783018290997">
        <ele>203.85</ele>
      </trkpt>
      <trkpt lat="51.257769986987114" lon="0.24487998336553574">
        <ele>205.02</ele>
      </trkpt>
      <trkpt lat="51.257976768538356" lon="0.24506346322596073">
        <ele>206.09</ele>
      </trkpt>
      <trkpt lat="51.25818363390863" lon="0.24524694308638573">
        <ele>206.98</ele>
      </trkpt>
      <trkpt lat="51.25838999636471" lon="0.24542992003262043">
        <ele>207.72</ele>
      </trkpt>
      <trkpt lat="51.25859015621245" lon="0.24563686922192574">
        <ele>208.31</ele>
      </trkpt>
      <trkpt lat="51.25879039987922" lon="0.24584373459219933">
        <ele>208.73</ele>
      </trkpt>
      <trkpt lat="51.25898997299373" lon="0.2460499294102192">
        <ele>209.06</ele>
      </trkpt>
      <trkpt lat="51.259203627705574" lon="0.24636374786496162">
        <ele>209.25</ele>
      </trkpt>
      <trkpt lat="51.25941728241742" lon="0.24667756631970406">
        <ele>209.38</ele>
      </trkpt>
      <trkpt lat="51.25962993130088" lon="0.24698995985090733">
        <ele>209.28</ele>
      </trkpt>
      <trkpt lat="51.25935995019972" lon="0.24720998480916023">
        <ele>209.36</ele>
      </trkpt>
      <trkpt lat="51.25920488499105" lon="0.24731501005589962">
        <ele>209.15</ele>
      </trkpt>
      <trkpt lat="51.25904998742044" lon="0.2474199514836073">
        <ele>208.84</ele>
      </trkpt>
      <trkpt lat="51.25875988975167" lon="0.2474999986588955">
        <ele>208.37</ele>
      </trkpt>
      <trkpt lat="51.25846995972097" lon="0.24757996201515198">
        <ele>207.81</ele>
      </trkpt>
      <trkpt lat="51.2582231964916" lon="0.24759999476373196">
        <ele>207.13</ele>
      </trkpt>
      <trkpt lat="51.25797651708126" lon="0.24761994369328022">
        <ele>206.36</ele>
      </trkpt>
      <trkpt lat="51.257729921489954" lon="0.2476399764418602">
        <ele>205.47</ele>
      </trkpt>
      <trkpt lat="51.25764476135373" lon="0.24787047877907753">
        <ele>204.39</ele>
      </trkpt>
      <trkpt lat="51.257559936493635" lon="0.24809997528791428">
        <ele>203.16</ele>
      </trkpt>
      <trkpt lat="51.25750478357077" lon="0.24841077625751495">
        <ele>201.77</ele>
      </trkpt>
      <trkpt lat="51.257449965924025" lon="0.24871998466551304">
        <ele>200.27</ele>
      </trkpt>
      <trkpt lat="51.257317112758756" lon="0.24912843480706215">
        <ele>198.52</ele>
      </trkpt>
      <trkpt lat="51.25718493014574" lon="0.2495349571108818">
        <ele>196.57</ele>
      </trkpt>
      <trkpt lat="51.2570521607995" lon="0.24994340725243092">
        <ele>194.57</ele>
      </trkpt>
      <trkpt lat="51.25691997818649" lon="0.25034992955625057">
        <ele>192.57</ele>
      </trkpt>
      <trkpt lat="51.256814701482654" lon="0.2507007960230112">
        <ele>190.63</ele>
      </trkpt>
      <trkpt lat="51.25670992769301" lon="0.25104998610913754">
        <ele>188.68</ele>
      </trkpt>
      <trkpt lat="51.256829956546426" lon="0.2511199750006199">
        <ele>186.66</ele>
      </trkpt>
      <trkpt lat="51.25698510557413" lon="0.2513052150607109">
        <ele>184.54</ele>
      </trkpt>
      <trkpt lat="51.25713991932571" lon="0.25148995220661163">
        <ele>182.36</ele>
      </trkpt>
      <trkpt lat="51.25734996981919" lon="0.2516099810600281">
        <ele>180.11</ele>
      </trkpt>
      <trkpt lat="51.25751995481551" lon="0.25162992998957634">
        <ele>177.88</ele>
      </trkpt>
      <trkpt lat="51.25774676911533" lon="0.2517533954232931">
        <ele>175.66</ele>
      </trkpt>
      <trkpt lat="51.25797349959612" lon="0.2518767770379782">
        <ele>173.46</ele>
      </trkpt>
      <trkpt lat="51.258199978619814" lon="0.2519999910145998">
        <ele>171.22</ele>
      </trkpt>
      <trkpt lat="51.258419919759035" lon="0.25222999043762684">
        <ele>168.98</ele>
      </trkpt>
      <trkpt lat="51.258549923077226" lon="0.25261991657316685">
        <ele>166.76</ele>
      </trkpt>
      <trkpt lat="51.25866022892296" lon="0.25306105613708496">
        <ele>164.56</ele>
      </trkpt>
      <trkpt lat="51.25876994803548" lon="0.25349993258714676">
        <ele>162.29</ele>
      </trkpt>
      <trkpt lat="51.258880253881216" lon="0.2539410721510649">
        <ele>159.98</ele>
      </trkpt>
      <trkpt lat="51.25898997299373" lon="0.25437994860112667">
        <ele>157.66</ele>
      </trkpt>
      <trkpt lat="51.25909357331693" lon="0.25474414229393005">
        <ele>155.33</ele>
      </trkpt>
      <trkpt lat="51.2591970898211" lon="0.25510841980576515">
        <ele>153.06</ele>
      </trkpt>
      <trkpt lat="51.259299935773015" lon="0.25546993128955364">
        <ele>150.77</ele>
      </trkpt>
      <trkpt lat="51.25948031432927" lon="0.2558606956154108">
        <ele>148.42</ele>
      </trkpt>
      <trkpt lat="51.25965993851423" lon="0.2562499511986971">
        <ele>146.04</ele>
      </trkpt>
      <trkpt lat="51.259760186076164" lon="0.25658070109784603">
        <ele>143.84</ele>
      </trkpt>
      <trkpt lat="51.259859930723906" lon="0.2569099422544241">
        <ele>141.61</ele>
      </trkpt>
      <trkpt lat="51.25992514193058" lon="0.25723583064973354">
        <ele>139.38</ele>
      </trkpt>
      <trkpt lat="51.259989934042096" lon="0.25755995884537697">
        <ele>137.26</ele>
      </trkpt>
      <trkpt lat="51.259989934042096" lon="0.25798785500228405">
        <ele>135.09</ele>
      </trkpt>
      <trkpt lat="51.259989934042096" lon="0.25841575115919113">
        <ele>132.93</ele>
      </trkpt>
      <trkpt lat="51.259989934042096" lon="0.25883995927870274">
        <ele>130.91</ele>
      </trkpt>
      <trkpt lat="51.25996654853225" lon="0.25918428786098957">
        <ele>128.94</ele>
      </trkpt>
      <trkpt lat="51.2599431630224" lon="0.2595286164432764">
        <ele>127.05</ele>
      </trkpt>
      <trkpt lat="51.259919945150614" lon="0.2598699275404215">
        <ele>125.3</ele>
      </trkpt>
      <trkpt lat="51.25999513082206" lon="0.2602158486843109">
        <ele>123.53</ele>
      </trkpt>
      <trkpt lat="51.260069981217384" lon="0.2605599258095026">
        <ele>121.82</ele>
      </trkpt>
      <trkpt lat="51.260110046714544" lon="0.2609911747276783">
        <ele>120.16</ele>
      </trkpt>
      <trkpt lat="51.260150196030736" lon="0.261422423645854">
        <ele>118.5</ele>
      </trkpt>
      <trkpt lat="51.26018992625177" lon="0.2618499845266342">
        <ele>116.89</ele>
      </trkpt>
      <trkpt lat="51.26019495539367" lon="0.26229875162243843">
        <ele>115.47</ele>
      </trkpt>
      <trkpt lat="51.260199984535575" lon="0.26274492032825947">
        <ele>114.04</ele>
      </trkpt>
      <trkpt lat="51.26020501367748" lon="0.2631937712430954">
        <ele>112.77</ele>
      </trkpt>
      <trkpt lat="51.26020995900035" lon="0.26363993994891644">
        <ele>111.61</ele>
      </trkpt>
      <trkpt lat="51.260289922356606" lon="0.2640899643301964">
        <ele>110.53</ele>
      </trkpt>
      <trkpt lat="51.26032001338899" lon="0.2643556706607342">
        <ele>109.68</ele>
      </trkpt>
      <trkpt lat="51.260349936783314" lon="0.2646199520677328">
        <ele>109.01</ele>
      </trkpt>
      <trkpt lat="51.26044993288815" lon="0.2650599181652069">
        <ele>108.49</ele>
      </trkpt>
      <trkpt lat="51.2606268748641" lon="0.2653604093939066">
        <ele>108.04</ele>
      </trkpt>
      <trkpt lat="51.260803900659084" lon="0.2656609006226063">
        <ele>107.75</ele>
      </trkpt>
      <trkpt lat="51.26097992062569" lon="0.2659599669277668">
        <ele>107.58</ele>
      </trkpt>
      <trkpt lat="51.26113993115723" lon="0.26637998409569263">
        <ele>107.62</ele>
      </trkpt>
      <trkpt lat="51.261164993047714" lon="0.2666406612843275">
        <ele>107.85</ele>
      </trkpt>
      <trkpt lat="51.261189971119165" lon="0.26689999736845493">
        <ele>108.22</ele>
      </trkpt>
      <trkpt lat="51.261149821802974" lon="0.2672309149056673">
        <ele>108.86</ele>
      </trkpt>
      <trkpt lat="51.26110992394388" lon="0.26755998842418194">
        <ele>109.65</ele>
      </trkpt>
      <trkpt lat="51.2610999494791" lon="0.26799123734235764">
        <ele>110.69</ele>
      </trkpt>
      <trkpt lat="51.26108997501433" lon="0.26841997168958187">
        <ele>111.85</ele>
      </trkpt>
      <trkpt lat="51.26111000776291" lon="0.26873085647821426">
        <ele>113.09</ele>
      </trkpt>
      <trkpt lat="51.26112995669246" lon="0.26903998106718063">
        <ele>114.45</ele>
      </trkpt>
      <trkpt lat="51.261189971119165" lon="0.26934994384646416">
        <ele>115.89</ele>
      </trkpt>
      <trkpt lat="51.261330116540194" lon="0.2691998239606619">
        <ele>117.29</ele>
      </trkpt>
      <trkpt lat="51.261469926685095" lon="0.26904995553195477">
        <ele>118.75</ele>
      </trkpt>
      <trkpt lat="51.26170998439193" lon="0.2690299227833748">
        <ele>120.36</ele>
      </trkpt>
      <trkpt lat="51.26194995827973" lon="0.2690099738538265">
        <ele>122.0</ele>
      </trkpt>
      <trkpt lat="51.26199756748974" lon="0.26939352974295616">
        <ele>123.59</ele>
      </trkpt>
      <trkpt lat="51.26204492524266" lon="0.2697749901562929">
        <ele>125.21</ele>
      </trkpt>
      <trkpt lat="51.26209261827171" lon="0.27015854604542255">
        <ele>126.77</ele>
      </trkpt>
      <trkpt lat="51.26213997602463" lon="0.2705399226397276">
        <ele>128.27</ele>
      </trkpt>
      <trkpt lat="51.26210485585034" lon="0.2710212953388691">
        <ele>129.59</ele>
      </trkpt>
      <trkpt lat="51.262069987133145" lon="0.2714999858289957">
        <ele>130.86</ele>
      </trkpt>
      <trkpt lat="51.2620999943465" lon="0.2717799413949251">
        <ele>132.08</ele>
      </trkpt>
      <trkpt lat="51.26211499795318" lon="0.27222124859690666">
        <ele>133.29</ele>
      </trkpt>
      <trkpt lat="51.26212991774082" lon="0.27265995740890503">
        <ele>134.47</ele>
      </trkpt>
      <trkpt lat="51.26211659051478" lon="0.27304770424962044">
        <ele>135.59</ele>
      </trkpt>
      <trkpt lat="51.262103179469705" lon="0.27343553490936756">
        <ele>136.59</ele>
      </trkpt>
      <trkpt lat="51.262089936062694" lon="0.27381992898881435">
        <ele>137.52</ele>
      </trkpt>
      <trkpt lat="51.262037297710776" lon="0.27418848127126694">
        <ele>138.47</ele>
      </trkpt>
      <trkpt lat="51.261984994634986" lon="0.27455493807792664">
        <ele>139.38</ele>
      </trkpt>
      <trkpt lat="51.26193227246404" lon="0.2749234903603792">
        <ele>140.27</ele>
      </trkpt>
      <trkpt lat="51.26187996938825" lon="0.2752899471670389">
        <ele>141.14</ele>
      </trkpt>
      <trkpt lat="51.26190503127873" lon="0.2756008319556713">
        <ele>141.99</ele>
      </trkpt>
      <trkpt lat="51.26192992553115" lon="0.2759099565446377">
        <ele>142.89</ele>
      </trkpt>
      <trkpt lat="51.261904863640666" lon="0.2762057539075613">
        <ele>143.73</ele>
      </trkpt>
      <trkpt lat="51.26187996938825" lon="0.27649995870888233">
        <ele>144.59</ele>
      </trkpt>
      <trkpt lat="51.26193009316921" lon="0.2768308762460947">
        <ele>145.62</ele>
      </trkpt>
      <trkpt lat="51.26197996549308" lon="0.27715994976460934">
        <ele>146.75</ele>
      </trkpt>
      <trkpt lat="51.261899918317795" lon="0.277319960296154">
        <ele>147.68</ele>
      </trkpt>
      <trkpt lat="51.26194006763399" lon="0.2775756921619177">
        <ele>148.79</ele>
      </trkpt>
      <trkpt lat="51.26197996549308" lon="0.2778299991041422">
        <ele>149.88</ele>
      </trkpt>
      <trkpt lat="51.26213025301695" lon="0.2781304903328419">
        <ele>151.09</ele>
      </trkpt>
      <trkpt lat="51.26227995380759" lon="0.278429975733161">
        <ele>152.15</ele>
      </trkpt>
      <trkpt lat="51.26229998655617" lon="0.2789099235087633">
        <ele>153.19</ele>
      </trkpt>
      <trkpt lat="51.26240995712578" lon="0.2791799884289503">
        <ele>154.29</ele>
      </trkpt>
      <trkpt lat="51.26270265318453" lon="0.2793450281023979">
        <ele>155.43</ele>
      </trkpt>
      <trkpt lat="51.262994930148125" lon="0.2795099839568138">
        <ele>156.44</ele>
      </trkpt>
      <trkpt lat="51.263287626206875" lon="0.2796750236302614">
        <ele>157.46</ele>
      </trkpt>
      <trkpt lat="51.2635799869895" lon="0.2798399794846773">
        <ele>158.31</ele>
      </trkpt>
      <trkpt lat="51.26360999420285" lon="0.28000996448099613">
        <ele>159.14</ele>
      </trkpt>
      <trkpt lat="51.2635247502476" lon="0.2802304085344076">
        <ele>159.89</ele>
      </trkpt>
      <trkpt lat="51.2634399253875" lon="0.28044993057847023">
        <ele>160.51</ele>
      </trkpt>
      <trkpt lat="51.26334412023425" lon="0.2808365039527416">
        <ele>161.08</ele>
      </trkpt>
      <trkpt lat="51.263248315081" lon="0.281223077327013">
        <ele>161.54</ele>
      </trkpt>
      <trkpt lat="51.263153264299035" lon="0.28160663321614265">
        <ele>161.87</ele>
      </trkpt>
      <trkpt lat="51.263057459145784" lon="0.28199320659041405">
        <ele>161.99</ele>
      </trkpt>
      <trkpt lat="51.262961737811565" lon="0.2823796961456537">
        <ele>161.95</ele>
      </trkpt>
      <trkpt lat="51.2628666870296" lon="0.28276325203478336">
        <ele>161.86</ele>
      </trkpt>
      <trkpt lat="51.26277088187635" lon="0.28314982540905476">
        <ele>161.73</ele>
      </trkpt>
      <trkpt lat="51.2626750767231" lon="0.28353631496429443">
        <ele>161.46</ele>
      </trkpt>
      <trkpt lat="51.2625799421221" lon="0.2839199546724558">
        <ele>161.07</ele>
      </trkpt>
      <trkpt lat="51.262481370940804" lon="0.2842457592487335">
        <ele>160.49</ele>
      </trkpt>
      <trkpt lat="51.26238279975951" lon="0.28457148000597954">
        <ele>159.76</ele>
      </trkpt>
      <trkpt lat="51.262284982949495" lon="0.28489493764936924">
        <ele>158.9</ele>
      </trkpt>
      <trkpt lat="51.2621864117682" lon="0.285220742225647">
        <ele>157.95</ele>
      </trkpt>
      <trkpt lat="51.2620878405869" lon="0.2855465468019247">
        <ele>156.76</ele>
      </trkpt>
      <trkpt lat="51.26198993995786" lon="0.2858699206262827">
        <ele>155.42</ele>
      </trkpt>
      <trkpt lat="51.26191978342831" lon="0.28627602383494377">
        <ele>153.93</ele>
      </trkpt>
      <trkpt lat="51.26184996217489" lon="0.28667994774878025">
        <ele>152.46</ele>
      </trkpt>
      <trkpt lat="51.261769998818636" lon="0.28684993274509907">
        <ele>150.98</ele>
      </trkpt>
      <trkpt lat="51.261659944429994" lon="0.2870799321681261">
        <ele>149.48</ele>
      </trkpt>
      <trkpt lat="51.26154997386038" lon="0.2871599793434143">
        <ele>147.88</ele>
      </trkpt>
      <trkpt lat="51.26168022863567" lon="0.287580918520689">
        <ele>146.14</ele>
      </trkpt>
      <trkpt lat="51.261810567229986" lon="0.28800194151699543">
        <ele>144.3</ele>
      </trkpt>
      <trkpt lat="51.261939983814955" lon="0.2884199470281601">
        <ele>142.36</ele>
      </trkpt>
      <trkpt lat="51.26205523498356" lon="0.288735693320632">
        <ele>140.48</ele>
      </trkpt>
      <trkpt lat="51.26216998323798" lon="0.289049930870533">
        <ele>138.65</ele>
      </trkpt>
      <trkpt lat="51.26228523440659" lon="0.2893656771630049">
        <ele>136.86</ele>
      </trkpt>
      <trkpt lat="51.26239998266101" lon="0.2896799985319376">
        <ele>135.07</ele>
      </trkpt>
      <trkpt lat="51.26242001540959" lon="0.2901412546634674">
        <ele>133.1</ele>
      </trkpt>
      <trkpt lat="51.26243996433914" lon="0.29059999622404575">
        <ele>131.22</ele>
      </trkpt>
      <trkpt lat="51.262414902448654" lon="0.29101112857460976">
        <ele>129.47</ele>
      </trkpt>
      <trkpt lat="51.2623899243772" lon="0.29141999781131744">
        <ele>127.77</ele>
      </trkpt>
      <trkpt lat="51.26239160075784" lon="0.2918913122266531">
        <ele>126.12</ele>
      </trkpt>
      <trkpt lat="51.26239327713847" lon="0.29236262664198875">
        <ele>124.53</ele>
      </trkpt>
      <trkpt lat="51.262394953519106" lon="0.29282991774380207">
        <ele>123.04</ele>
      </trkpt>
      <trkpt lat="51.26239662989974" lon="0.29330131597816944">
        <ele>121.64</ele>
      </trkpt>
      <trkpt lat="51.262398306280375" lon="0.2937726303935051">
        <ele>120.34</ele>
      </trkpt>
      <trkpt lat="51.26239998266101" lon="0.2942399214953184">
        <ele>119.05</ele>
      </trkpt>
      <trkpt lat="51.26232974231243" lon="0.29451568610966206">
        <ele>117.84</ele>
      </trkpt>
      <trkpt lat="51.26225992105901" lon="0.2947899419814348">
        <ele>116.7</ele>
      </trkpt>
      <trkpt lat="51.26229998655617" lon="0.2950599230825901">
        <ele>115.68</ele>
      </trkpt>
      <trkpt lat="51.26253006979823" lon="0.2949449233710766">
        <ele>114.89</ele>
      </trkpt>
      <trkpt lat="51.26275998540223" lon="0.29482992365956306">
        <ele>114.21</ele>
      </trkpt>
      <trkpt lat="51.2629599776119" lon="0.29479497112333775">
        <ele>113.54</ele>
      </trkpt>
      <trkpt lat="51.26315996982157" lon="0.2947599347680807">
        <ele>112.93</ele>
      </trkpt>
      <trkpt lat="51.26329994760454" lon="0.29471995308995247">
        <ele>112.38</ele>
      </trkpt>
      <trkpt lat="51.263529947027564" lon="0.29476999305188656">
        <ele>111.81</ele>
      </trkpt>
      <trkpt lat="51.26375005580485" lon="0.2949166763573885">
        <ele>111.26</ele>
      </trkpt>
      <trkpt lat="51.263970248401165" lon="0.29506344348192215">
        <ele>110.76</ele>
      </trkpt>
      <trkpt lat="51.26418993808329" lon="0.29520995914936066">
        <ele>110.25</ele>
      </trkpt>
      <trkpt lat="51.26428993418813" lon="0.295299980789423">
        <ele>109.7</ele>
      </trkpt>
      <trkpt lat="51.26437995582819" lon="0.2954599913209677">
        <ele>109.11</ele>
      </trkpt>
      <trkpt lat="51.26454030163586" lon="0.29585075564682484">
        <ele>108.37</ele>
      </trkpt>
      <trkpt lat="51.26470064744353" lon="0.2962416037917137">
        <ele>107.67</ele>
      </trkpt>
      <trkpt lat="51.264859987422824" lon="0.29662993736565113">
        <ele>107.04</ele>
      </trkpt>
      <trkpt lat="51.2649199180305" lon="0.29670998454093933">
        <ele>106.41</ele>
      </trkpt>
      <trkpt lat="51.26503994688392" lon="0.2967599406838417">
        <ele>105.75</ele>
      </trkpt>
      <trkpt lat="51.26519995741546" lon="0.2967599406838417">
        <ele>105.08</ele>
      </trkpt>
      <trkpt lat="51.26532996073365" lon="0.29671995900571346">
        <ele>104.33</ele>
      </trkpt>
      <trkpt lat="51.2654899712652" lon="0.296599930152297">
        <ele>103.55</ele>
      </trkpt>
      <trkpt lat="51.26573991961777" lon="0.29632994905114174">
        <ele>102.61</ele>
      </trkpt>
      <trkpt lat="51.265809992328286" lon="0.2962699346244335">
        <ele>101.67</ele>
      </trkpt>
      <trkpt lat="51.2659199628979" lon="0.2962099201977253">
        <ele>100.61</ele>
      </trkpt>
      <trkpt lat="51.266149962320924" lon="0.2962299529463053">
        <ele>99.41</ele>
      </trkpt>
      <trkpt lat="51.26628994010389" lon="0.2962899673730135">
        <ele>98.26</ele>
      </trkpt>
      <trkpt lat="51.26641994342208" lon="0.29636993072927">
        <ele>97.1</ele>
      </trkpt>
      <trkpt lat="51.266599986702204" lon="0.29651996679604053">
        <ele>95.89</ele>
      </trkpt>
      <trkpt lat="51.26671993173659" lon="0.2965699229389429">
        <ele>94.64</ele>
      </trkpt>
      <trkpt lat="51.26690994948149" lon="0.2965899556875229">
        <ele>93.34</ele>
      </trkpt>
      <trkpt lat="51.267029978334904" lon="0.296639995649457">
        <ele>92.03</ele>
      </trkpt>
      <trkpt lat="51.26729995943606" lon="0.2967899478971958">
        <ele>90.66</ele>
      </trkpt>
      <trkpt lat="51.267419988289475" lon="0.2968099806457758">
        <ele>89.34</ele>
      </trkpt>
      <trkpt lat="51.26751998439431" lon="0.296869995072484">
        <ele>87.95</ele>
      </trkpt>
      <trkpt lat="51.26757999882102" lon="0.29693998396396637">
        <ele>86.54</ele>
      </trkpt>
      <trkpt lat="51.2676499877125" lon="0.2971099689602852">
        <ele>85.06</ele>
      </trkpt>
      <trkpt lat="51.26766993664205" lon="0.2972199395298958">
        <ele>83.62</ele>
      </trkpt>
      <trkpt lat="51.26762995496392" lon="0.29769997112452984">
        <ele>82.2</ele>
      </trkpt>
      <trkpt lat="51.26766993664205" lon="0.2979099377989769">
        <ele>80.77</ele>
      </trkpt>
      <trkpt lat="51.26776993274689" lon="0.2980799227952957">
        <ele>79.3</ele>
      </trkpt>
      <trkpt lat="51.2679401692003" lon="0.29826516285538673">
        <ele>77.77</ele>
      </trkpt>
      <trkpt lat="51.26810998655856" lon="0.2984499838203192">
        <ele>76.25</ele>
      </trkpt>
      <trkpt lat="51.26829681918025" lon="0.2986869402229786">
        <ele>74.74</ele>
      </trkpt>
      <trkpt lat="51.268483735620975" lon="0.298923896625638">
        <ele>73.27</ele>
      </trkpt>
      <trkpt lat="51.26866998150945" lon="0.29915993101894855">
        <ele>71.87</ele>
      </trkpt>
      <trkpt lat="51.26885689795017" lon="0.29939688742160797">
        <ele>70.52</ele>
      </trkpt>
      <trkpt lat="51.269043730571866" lon="0.2996338438242674">
        <ele>69.24</ele>
      </trkpt>
      <trkpt lat="51.26922997646034" lon="0.29986996203660965">
        <ele>68.05</ele>
      </trkpt>
      <trkpt lat="51.269455114379525" lon="0.30005511827766895">
        <ele>66.97</ele>
      </trkpt>
      <trkpt lat="51.269679917022586" lon="0.3002399392426014">
        <ele>66.02</ele>
      </trkpt>
      <trkpt lat="51.269845040515065" lon="0.3002049867063761">
        <ele>65.16</ele>
      </trkpt>
      <trkpt lat="51.27000999636948" lon="0.30016995035111904">
        <ele>64.34</ele>
      </trkpt>
      <trkpt lat="51.27028995193541" lon="0.29994992539286613">
        <ele>63.62</ele>
      </trkpt>
      <trkpt lat="51.270535038784146" lon="0.2999716345220804">
        <ele>62.96</ele>
      </trkpt>
      <trkpt lat="51.27078004181385" lon="0.2999933436512947">
        <ele>62.4</ele>
      </trkpt>
      <trkpt lat="51.27102496102452" lon="0.3000149689614773">
        <ele>61.9</ele>
      </trkpt>
      <trkpt lat="51.27127004787326" lon="0.30003659427165985">
        <ele>61.44</ele>
      </trkpt>
      <trkpt lat="51.27151505090296" lon="0.30005830340087414">
        <ele>60.96</ele>
      </trkpt>
      <trkpt lat="51.271759970113635" lon="0.3000799287110567">
        <ele>60.51</ele>
      </trkpt>
      <trkpt lat="51.27176499925554" lon="0.30047605745494366">
        <ele>60.06</ele>
      </trkpt>
      <trkpt lat="51.27176994457841" lon="0.3008699230849743">
        <ele>59.65</ele>
      </trkpt>
      <trkpt lat="51.27173482440412" lon="0.30112062580883503">
        <ele>59.3</ele>
      </trkpt>
      <trkpt lat="51.27169995568693" lon="0.3013699874281883">
        <ele>58.96</ele>
      </trkpt>
      <trkpt lat="51.27194504253566" lon="0.30146000906825066">
        <ele>58.71</ele>
      </trkpt>
      <trkpt lat="51.272189961746335" lon="0.3015499468892813">
        <ele>58.44</ele>
      </trkpt>
      <trkpt lat="51.2724301032722" lon="0.30143494717776775">
        <ele>58.23</ele>
      </trkpt>
      <trkpt lat="51.27266999334097" lon="0.30131994746625423">
        <ele>58.05</ele>
      </trkpt>
      <trkpt lat="51.27279018983245" lon="0.30109958723187447">
        <ele>57.96</ele>
      </trkpt>
      <trkpt lat="51.27290996722877" lon="0.30087998136878014">
        <ele>57.88</ele>
      </trkpt>
      <trkpt lat="51.273080287501216" lon="0.3004741296172142">
        <ele>57.76</ele>
      </trkpt>
      <trkpt lat="51.27324993722141" lon="0.3000699542462826">
        <ele>57.61</ele>
      </trkpt>
      <trkpt lat="51.27341028302908" lon="0.29975940473377705">
        <ele>57.57</ele>
      </trkpt>
      <trkpt lat="51.27357054501772" lon="0.2994488552212715">
        <ele>57.57</ele>
      </trkpt>
      <trkpt lat="51.27372996881604" lon="0.2991399820894003">
        <ele>57.6</ele>
      </trkpt>
      <trkpt lat="51.27391998656094" lon="0.29887997545301914">
        <ele>57.64</ele>
      </trkpt>
      <trkpt lat="51.27406993880868" lon="0.2988199610263109">
        <ele>57.64</ele>
      </trkpt>
      <trkpt lat="51.27430999651551" lon="0.29882993549108505">
        <ele>57.69</ele>
      </trkpt>
      <trkpt lat="51.274550054222345" lon="0.29896505177021027">
        <ele>57.8</ele>
      </trkpt>
      <trkpt lat="51.274789944291115" lon="0.29909991659224033">
        <ele>57.91</ele>
      </trkpt>
      <trkpt lat="51.27494006417692" lon="0.29920502565801144">
        <ele>58.05</ele>
      </trkpt>
      <trkpt lat="51.275089932605624" lon="0.2993099670857191">
        <ele>58.17</ele>
      </trkpt>
      <trkpt lat="51.27533510327339" lon="0.29946000315248966">
        <ele>58.34</ele>
      </trkpt>
      <trkpt lat="51.27557993866503" lon="0.2996099554002285">
        <ele>58.53</ele>
      </trkpt>
      <trkpt lat="51.275790156796575" lon="0.2998201735317707">
        <ele>58.7</ele>
      </trkpt>
      <trkpt lat="51.27599995583296" lon="0.30002997256815434">
        <ele>58.88</ele>
      </trkpt>
      <trkpt lat="51.27616357058287" lon="0.30031378380954266">
        <ele>59.04</ele>
      </trkpt>
      <trkpt lat="51.276327185332775" lon="0.300597595050931">
        <ele>59.13</ele>
      </trkpt>
      <trkpt lat="51.276489961892366" lon="0.30087998136878014">
        <ele>59.23</ele>
      </trkpt>
      <trkpt lat="51.27667277120054" lon="0.3012430854141712">
        <ele>59.38</ele>
      </trkpt>
      <trkpt lat="51.27685499377549" lon="0.30160493217408657">
        <ele>59.61</ele>
      </trkpt>
      <trkpt lat="51.27703780308366" lon="0.30196812003850937">
        <ele>59.86</ele>
      </trkpt>
      <trkpt lat="51.277219941839576" lon="0.3023299667984247">
        <ele>60.11</ele>
      </trkpt>
      <trkpt lat="51.27728993073106" lon="0.30250992625951767">
        <ele>60.4</ele>
      </trkpt>
      <trkpt lat="51.27758011221886" lon="0.30266004614531994">
        <ele>60.69</ele>
      </trkpt>
      <trkpt lat="51.27786995843053" lon="0.3028099983930588">
        <ele>61.04</ele>
      </trkpt>
      <trkpt lat="51.27810993231833" lon="0.30290999449789524">
        <ele>61.43</ele>
      </trkpt>
      <trkpt lat="51.27833993174136" lon="0.3029799833893776">
        <ele>61.88</ele>
      </trkpt>
      <trkpt lat="51.27847999334335" lon="0.30290999449789524">
        <ele>62.4</ele>
      </trkpt>
      <trkpt lat="51.2786400038749" lon="0.30290999449789524">
        <ele>63.0</ele>
      </trkpt>
      <trkpt lat="51.27879993058741" lon="0.30290999449789524">
        <ele>63.64</ele>
      </trkpt>
      <trkpt lat="51.27904501743615" lon="0.3030049614608288">
        <ele>64.33</ele>
      </trkpt>
      <trkpt lat="51.27928993664682" lon="0.3030999284237623">
        <ele>65.15</ele>
      </trkpt>
      <trkpt lat="51.27924995496869" lon="0.3035599272698164">
        <ele>66.04</ele>
      </trkpt>
      <trkpt lat="51.279239896684885" lon="0.3039009030908346">
        <ele>67.14</ele>
      </trkpt>
      <trkpt lat="51.27922992222011" lon="0.3042399510741234">
        <ele>68.32</ele>
      </trkpt>
      <trkpt lat="51.27920997329056" lon="0.3046299610286951">
        <ele>69.41</ele>
      </trkpt>
      <trkpt lat="51.27932991832495" lon="0.30485996045172215">
        <ele>70.46</ele>
      </trkpt>
      <trkpt lat="51.27932991832495" lon="0.305279977619648">
        <ele>71.57</ele>
      </trkpt>
      <trkpt lat="51.27922992222011" lon="0.30549991875886917">
        <ele>72.68</ele>
      </trkpt>
      <trkpt lat="51.279194885864854" lon="0.305886073037982">
        <ele>73.77</ele>
      </trkpt>
      <trkpt lat="51.27915993332863" lon="0.3062699642032385">
        <ele>74.72</ele>
      </trkpt>
      <trkpt lat="51.27912489697337" lon="0.3066560346633196">
        <ele>75.73</ele>
      </trkpt>
      <trkpt lat="51.279089944437146" lon="0.3070399258285761">
        <ele>76.74</ele>
      </trkpt>
      <trkpt lat="51.27912003546953" lon="0.30738593079149723">
        <ele>77.82</ele>
      </trkpt>
      <trkpt lat="51.279149958863854" lon="0.3077299240976572">
        <ele>78.92</ele>
      </trkpt>
      <trkpt lat="51.279149958863854" lon="0.30770997516810894">
        <ele>80.03</ele>
      </trkpt>
      <trkpt lat="51.279192538931966" lon="0.3081361949443817">
        <ele>81.32</ele>
      </trkpt>
      <trkpt lat="51.279234951362014" lon="0.30855998396873474">
        <ele>82.61</ele>
      </trkpt>
      <trkpt lat="51.27927761524916" lon="0.3089861199259758">
        <ele>83.77</ele>
      </trkpt>
      <trkpt lat="51.27931994386017" lon="0.30940999276936054">
        <ele>85.02</ele>
      </trkpt>
      <trkpt lat="51.2794151622802" lon="0.3097156807780266">
        <ele>86.19</ele>
      </trkpt>
      <trkpt lat="51.27950996160507" lon="0.31001994386315346">
        <ele>87.48</ele>
      </trkpt>
      <trkpt lat="51.279479870572686" lon="0.3104661963880062">
        <ele>88.7</ele>
      </trkpt>
      <trkpt lat="51.279449947178364" lon="0.3109099343419075">
        <ele>89.9</ele>
      </trkpt>
      <trkpt lat="51.27952513284981" lon="0.31124076806008816">
        <ele>91.15</ele>
      </trkpt>
      <trkpt lat="51.279599983245134" lon="0.3115699253976345">
        <ele>92.41</ele>
      </trkpt>
      <trkpt lat="51.27952999435365" lon="0.31195993535220623">
        <ele>93.58</ele>
      </trkpt>
      <trkpt lat="51.27966519445181" lon="0.31221541576087475">
        <ele>94.83</ele>
      </trkpt>
      <trkpt lat="51.27979997545481" lon="0.3124699741601944">
        <ele>96.04</ele>
      </trkpt>
      <trkpt lat="51.27992511726916" lon="0.3126251231878996">
        <ele>97.16</ele>
      </trkpt>
      <trkpt lat="51.28004992380738" lon="0.3127799369394779">
        <ele>98.19</ele>
      </trkpt>
      <trkpt lat="51.28021999262273" lon="0.31281991861760616">
        <ele>99.19</ele>
      </trkpt>
      <trkpt lat="51.28034186549485" lon="0.3131506685167551">
        <ele>100.1</ele>
      </trkpt>
      <trkpt lat="51.28046382218599" lon="0.31348141841590405">
        <ele>101.0</ele>
      </trkpt>
      <trkpt lat="51.28058494068682" lon="0.3138099890202284">
        <ele>101.88</ele>
      </trkpt>
      <trkpt lat="51.28070689737797" lon="0.3141406551003456">
        <ele>102.81</ele>
      </trkpt>
      <trkpt lat="51.280828854069114" lon="0.31447140499949455">
        <ele>103.66</ele>
      </trkpt>
      <trkpt lat="51.28094997256994" lon="0.3147999756038189">
        <ele>104.35</ele>
      </trkpt>
      <trkpt lat="51.28086975775659" lon="0.3150555398315191">
        <ele>104.91</ele>
      </trkpt>
      <trkpt lat="51.2807899620384" lon="0.31530993059277534">
        <ele>105.42</ele>
      </trkpt>
      <trkpt lat="51.2807899620384" lon="0.3154799994081259">
        <ele>105.93</ele>
      </trkpt>
      <trkpt lat="51.2807899620384" lon="0.31549994833767414">
        <ele>106.39</ele>
      </trkpt>
      <trkpt lat="51.28080999478698" lon="0.3158710151910782">
        <ele>106.8</ele>
      </trkpt>
      <trkpt lat="51.280829943716526" lon="0.31623998656868935">
        <ele>107.17</ele>
      </trkpt>
      <trkpt lat="51.2809435185045" lon="0.3165707364678383">
        <ele>107.47</ele>
      </trkpt>
      <trkpt lat="51.28105717711151" lon="0.31690148636698723">
        <ele>107.73</ele>
      </trkpt>
      <trkpt lat="51.281169997528195" lon="0.31722997315227985">
        <ele>107.97</ele>
      </trkpt>
      <trkpt lat="51.28141265362501" lon="0.31700223684310913">
        <ele>108.26</ele>
      </trkpt>
      <trkpt lat="51.2816549744457" lon="0.316774919629097">
        <ele>108.54</ele>
      </trkpt>
      <trkpt lat="51.28189771436155" lon="0.316547267138958">
        <ele>108.68</ele>
      </trkpt>
      <trkpt lat="51.282139951363206" lon="0.31631994992494583">
        <ele>108.68</ele>
      </trkpt>
      <trkpt lat="51.282410100102425" lon="0.3162098955363035">
        <ele>108.63</ele>
      </trkpt>
      <trkpt lat="51.28268016502261" lon="0.3160998411476612">
        <ele>108.55</ele>
      </trkpt>
      <trkpt lat="51.2829499784857" lon="0.31598995439708233">
        <ele>108.3</ele>
      </trkpt>
      <trkpt lat="51.28305525518954" lon="0.31646118499338627">
        <ele>108.06</ele>
      </trkpt>
      <trkpt lat="51.28315994516015" lon="0.31692998483777046">
        <ele>107.74</ele>
      </trkpt>
      <trkpt lat="51.28327519632876" lon="0.31732091680169106">
        <ele>107.4</ele>
      </trkpt>
      <trkpt lat="51.28338994458318" lon="0.3177099209278822">
        <ele>106.99</ele>
      </trkpt>
      <trkpt lat="51.283505195751786" lon="0.3181008528918028">
        <ele>106.58</ele>
      </trkpt>
      <trkpt lat="51.283619944006205" lon="0.31848994083702564">
        <ele>106.23</ele>
      </trkpt>
      <trkpt lat="51.283777775242925" lon="0.31882312148809433">
        <ele>105.88</ele>
      </trkpt>
      <trkpt lat="51.28393493592739" lon="0.31915496103465557">
        <ele>105.58</ele>
      </trkpt>
      <trkpt lat="51.28409276716411" lon="0.31948805786669254">
        <ele>105.29</ele>
      </trkpt>
      <trkpt lat="51.28424992784858" lon="0.3198199812322855">
        <ele>104.91</ele>
      </trkpt>
      <trkpt lat="51.28440801054239" lon="0.3201706800609827">
        <ele>104.49</ele>
      </trkpt>
      <trkpt lat="51.28456609323621" lon="0.3205213788896799">
        <ele>104.12</ele>
      </trkpt>
      <trkpt lat="51.284723253920674" lon="0.32086998224258423">
        <ele>103.82</ele>
      </trkpt>
      <trkpt lat="51.28488133661449" lon="0.32122068107128143">
        <ele>103.49</ele>
      </trkpt>
      <trkpt lat="51.28503950312734" lon="0.32157137989997864">
        <ele>103.15</ele>
      </trkpt>
      <trkpt lat="51.2851966638118" lon="0.32191998325288296">
        <ele>102.85</ele>
      </trkpt>
      <trkpt lat="51.28535474650562" lon="0.32227068208158016">
        <ele>102.55</ele>
      </trkpt>
      <trkpt lat="51.28551282919943" lon="0.32262138091027737">
        <ele>102.3</ele>
      </trkpt>
      <trkpt lat="51.2856699898839" lon="0.3229699842631817">
        <ele>102.11</ele>
      </trkpt>
      <trkpt lat="51.28574852831662" lon="0.32337265089154243">
        <ele>101.82</ele>
      </trkpt>
      <trkpt lat="51.285827066749334" lon="0.3237754013389349">
        <ele>101.56</ele>
      </trkpt>
      <trkpt lat="51.2859049346298" lon="0.3241749666631222">
        <ele>101.46</ele>
      </trkpt>
      <trkpt lat="51.285983473062515" lon="0.32457771711051464">
        <ele>101.47</ele>
      </trkpt>
      <trkpt lat="51.28606201149523" lon="0.3249803837388754">
        <ele>101.57</ele>
      </trkpt>
      <trkpt lat="51.28613996319473" lon="0.32537994906306267">
        <ele>101.62</ele>
      </trkpt>
      <trkpt lat="51.285916585475206" lon="0.32545002177357674">
        <ele>101.63</ele>
      </trkpt>
      <trkpt lat="51.28569312393665" lon="0.3255200106650591">
        <ele>101.65</ele>
      </trkpt>
      <trkpt lat="51.28546999767423" lon="0.32558999955654144">
        <ele>101.67</ele>
      </trkpt>
      <trkpt lat="51.285167410969734" lon="0.32563744112849236">
        <ele>101.68</ele>
      </trkpt>
      <trkpt lat="51.284864991903305" lon="0.325684966519475">
        <ele>101.65</ele>
      </trkpt>
      <trkpt lat="51.28456240519881" lon="0.3257324919104576">
        <ele>101.69</ele>
      </trkpt>
      <trkpt lat="51.28425998613238" lon="0.3257799334824085">
        <ele>101.84</ele>
      </trkpt>
      <trkpt lat="51.28448344767094" lon="0.3259300533682108">
        <ele>101.86</ele>
      </trkpt>
      <trkpt lat="51.28470690920949" lon="0.32608017325401306">
        <ele>101.94</ele>
      </trkpt>
      <trkpt lat="51.284929951652884" lon="0.32622995786368847">
        <ele>102.11</ele>
      </trkpt>
      <trkpt lat="51.285086860880256" lon="0.3264720272272825">
        <ele>102.25</ele>
      </trkpt>
      <trkpt lat="51.28524377010763" lon="0.32671401277184486">
        <ele>102.39</ele>
      </trkpt>
      <trkpt lat="51.28539992496371" lon="0.3269549924880266">
        <ele>102.5</ele>
      </trkpt>
      <trkpt lat="51.285556834191084" lon="0.32719697803258896">
        <ele>102.61</ele>
      </trkpt>
      <trkpt lat="51.285713743418455" lon="0.327439047396183">
        <ele>102.75</ele>
      </trkpt>
      <trkpt lat="51.28586998209357" lon="0.32767994329333305">
        <ele>102.82</ele>
      </trkpt>
      <trkpt lat="51.28600518219173" lon="0.3279203362762928">
        <ele>102.86</ele>
      </trkpt>
      <trkpt lat="51.28613996319473" lon="0.3281599748879671">
        <ele>102.96</ele>
      </trkpt>
      <trkpt lat="51.2863003090024" lon="0.3285106737166643">
        <ele>103.12</ele>
      </trkpt>
      <trkpt lat="51.28646057099104" lon="0.3288612887263298">
        <ele>103.37</ele>
      </trkpt>
      <trkpt lat="51.28661999478936" lon="0.32920997589826584">
        <ele>103.72</ele>
      </trkpt>
      <trkpt lat="51.286629969254136" lon="0.329469982534647">
        <ele>104.2</ele>
      </trkpt>
      <trkpt lat="51.28678520210087" lon="0.3297353535890579">
        <ele>104.74</ele>
      </trkpt>
      <trkpt lat="51.28693993203342" lon="0.3299999702721834">
        <ele>105.38</ele>
      </trkpt>
      <trkpt lat="51.287079993635416" lon="0.33008999191224575">
        <ele>106.12</ele>
      </trkpt>
      <trkpt lat="51.28726992756128" lon="0.3300999663770199">
        <ele>106.99</ele>
      </trkpt>
      <trkpt lat="51.28729993477464" lon="0.33025997690856457">
        <ele>107.86</ele>
      </trkpt>
      <trkpt lat="51.28726489841938" lon="0.3307012002915144">
        <ele>108.72</ele>
      </trkpt>
      <trkpt lat="51.287229945883155" lon="0.3311399929225445">
        <ele>109.81</ele>
      </trkpt>
      <trkpt lat="51.28743002191186" lon="0.33118500374257565">
        <ele>111.01</ele>
      </trkpt>
      <trkpt lat="51.2876299303025" lon="0.3312299307435751">
        <ele>112.34</ele>
      </trkpt>
      <trkpt lat="51.28785992972553" lon="0.3315299190580845">
        <ele>113.83</ele>
      </trkpt>
      <trkpt lat="51.28805011510849" lon="0.3316850680857897">
        <ele>115.36</ele>
      </trkpt>
      <trkpt lat="51.288239965215325" lon="0.3318399656563997">
        <ele>116.9</ele>
      </trkpt>
      <trkpt lat="51.288473485037684" lon="0.33206015825271606">
        <ele>118.42</ele>
      </trkpt>
      <trkpt lat="51.288707088679075" lon="0.3322803508490324">
        <ele>119.96</ele>
      </trkpt>
      <trkpt lat="51.28893993794918" lon="0.33249995671212673">
        <ele>121.54</ele>
      </trkpt>
      <trkpt lat="51.289110258221626" lon="0.3327770624309778">
        <ele>123.16</ele>
      </trkpt>
      <trkpt lat="51.28928049467504" lon="0.3330541681498289">
        <ele>124.81</ele>
      </trkpt>
      <trkpt lat="51.28944997675717" lon="0.33332993276417255">
        <ele>126.4</ele>
      </trkpt>
      <trkpt lat="51.28962021321058" lon="0.33360703848302364">
        <ele>128.05</ele>
      </trkpt>
      <trkpt lat="51.28979053348303" lon="0.33388414420187473">
        <ele>129.57</ele>
      </trkpt>
      <trkpt lat="51.289959931746125" lon="0.3341599926352501">
        <ele>130.94</ele>
      </trkpt>
      <trkpt lat="51.29016696475446" lon="0.3344703745096922">
        <ele>132.21</ele>
      </trkpt>
      <trkpt lat="51.29037391394377" lon="0.334780840203166">
        <ele>133.22</ele>
      </trkpt>
      <trkpt lat="51.290579941123724" lon="0.3350899647921324">
        <ele>134.02</ele>
      </trkpt>
      <trkpt lat="51.29073995165527" lon="0.3354199603199959">
        <ele>134.67</ele>
      </trkpt>
      <trkpt lat="51.29095025360584" lon="0.335690276697278">
        <ele>135.12</ele>
      </trkpt>
      <trkpt lat="51.291159968823195" lon="0.33595992252230644">
        <ele>135.36</ele>
      </trkpt>
      <trkpt lat="51.29137018695474" lon="0.3362303227186203">
        <ele>135.4</ele>
      </trkpt>
      <trkpt lat="51.29157998599112" lon="0.3364999685436487">
        <ele>135.35</ele>
      </trkpt>
      <trkpt lat="51.291813338175416" lon="0.3365688677877188">
        <ele>135.1</ele>
      </trkpt>
      <trkpt lat="51.29204677417874" lon="0.3366377670317888">
        <ele>134.66</ele>
      </trkpt>
      <trkpt lat="51.292279958724976" lon="0.3367066662758589">
        <ele>134.02</ele>
      </trkpt>
      <trkpt lat="51.2925133947283" lon="0.33677556551992893">
        <ele>133.21</ele>
      </trkpt>
      <trkpt lat="51.2927467469126" lon="0.336844464763999">
        <ele>132.23</ele>
      </trkpt>
      <trkpt lat="51.29297993145883" lon="0.3369132801890373">
        <ele>131.04</ele>
      </trkpt>
      <trkpt lat="51.29321336746216" lon="0.3369821794331074">
        <ele>129.71</ele>
      </trkpt>
      <trkpt lat="51.293446803465486" lon="0.33705107867717743">
        <ele>128.17</ele>
      </trkpt>
      <trkpt lat="51.29367998801172" lon="0.3371199779212475">
        <ele>126.41</ele>
      </trkpt>
      <trkpt lat="51.29390688613057" lon="0.33734352327883244">
        <ele>124.43</ele>
      </trkpt>
      <trkpt lat="51.29413370043039" lon="0.3375670686364174">
        <ele>122.23</ele>
      </trkpt>
      <trkpt lat="51.29435992799699" lon="0.3377899434417486">
        <ele>119.84</ele>
      </trkpt>
      <trkpt lat="51.294593615457416" lon="0.3381120599806309">
        <ele>117.27</ele>
      </trkpt>
      <trkpt lat="51.294826632365584" lon="0.33843325451016426">
        <ele>114.64</ele>
      </trkpt>
      <trkpt lat="51.29506031982601" lon="0.3387553710490465">
        <ele>112.01</ele>
      </trkpt>
      <trkpt lat="51.295293252915144" lon="0.3390766493976116">
        <ele>109.45</ele>
      </trkpt>
      <trkpt lat="51.29552694037557" lon="0.3393987659364939">
        <ele>106.83</ele>
      </trkpt>
      <trkpt lat="51.295759957283735" lon="0.33971996046602726">
        <ele>104.23</ele>
      </trkpt>
      <trkpt lat="51.29593522287905" lon="0.33995188772678375">
        <ele>101.74</ele>
      </trkpt>
      <trkpt lat="51.29611040465534" lon="0.34018389880657196">
        <ele>99.38</ele>
      </trkpt>
      <trkpt lat="51.2962849996984" lon="0.3404149878770113">
        <ele>97.09</ele>
      </trkpt>
      <trkpt lat="51.296460181474686" lon="0.3406469151377678">
        <ele>94.99</ele>
      </trkpt>
      <trkpt lat="51.29663544707" lon="0.340878926217556">
        <ele>93.05</ele>
      </trkpt>
      <trkpt lat="51.296809958294034" lon="0.3411099314689636">
        <ele>91.24</ele>
      </trkpt>
      <trkpt lat="51.29694012925029" lon="0.3412601351737976">
        <ele>89.44</ele>
      </trkpt>
      <trkpt lat="51.297069964930415" lon="0.341409919783473">
        <ele>87.66</ele>
      </trkpt>
      <trkpt lat="51.29735352471471" lon="0.34160672686994076">
        <ele>85.87</ele>
      </trkpt>
      <trkpt lat="51.29763666540384" lon="0.34180328249931335">
        <ele>84.26</ele>
      </trkpt>
      <trkpt lat="51.297920141369104" lon="0.3420000895857811">
        <ele>83.05</ele>
      </trkpt>
      <trkpt lat="51.29820328205824" lon="0.3421966452151537">
        <ele>82.11</ele>
      </trkpt>
      <trkpt lat="51.2984867580235" lon="0.34239345230162144">
        <ele>81.26</ele>
      </trkpt>
      <trkpt lat="51.29876998253167" lon="0.3425899241119623">
        <ele>80.49</ele>
      </trkpt>
      <trkpt lat="51.2989651132375" lon="0.34275010228157043">
        <ele>79.85</ele>
      </trkpt>
      <trkpt lat="51.29915999248624" lon="0.3429099451750517">
        <ele>79.43</ele>
      </trkpt>
      <trkpt lat="51.29926518537104" lon="0.34269453026354313">
        <ele>79.27</ele>
      </trkpt>
      <trkpt lat="51.299369959160686" lon="0.3424799535423517">
        <ele>79.39</ele>
      </trkpt>
      <trkpt lat="51.29944011569023" lon="0.34219924360513687">
        <ele>79.57</ele>
      </trkpt>
      <trkpt lat="51.29950993694365" lon="0.3419199585914612">
        <ele>79.8</ele>
      </trkpt>
      <trkpt lat="51.299559976905584" lon="0.34160999581217766">
        <ele>80.05</ele>
      </trkpt>
      <trkpt lat="51.29951731301844" lon="0.3411712031811476">
        <ele>80.33</ele>
      </trkpt>
      <trkpt lat="51.299474984407425" lon="0.34073492512106895">
        <ele>80.64</ele>
      </trkpt>
      <trkpt lat="51.29943232052028" lon="0.3402962163090706">
        <ele>80.88</ele>
      </trkpt>
      <trkpt lat="51.299389991909266" lon="0.33985993824899197">
        <ele>81.05</ele>
      </trkpt>
      <trkpt lat="51.299409940838814" lon="0.3397299349308014">
        <ele>80.84</ele>
      </trkpt>
      <trkpt lat="51.29952686838806" lon="0.3393591195344925">
        <ele>80.42</ele>
      </trkpt>
      <trkpt lat="51.29964387975633" lon="0.3389882203191519">
        <ele>79.82</ele>
      </trkpt>
      <trkpt lat="51.29975996911526" lon="0.33861991949379444">
        <ele>79.19</ele>
      </trkpt>
      <trkpt lat="51.29992031492293" lon="0.33819906413555145">
        <ele>78.49</ele>
      </trkpt>
      <trkpt lat="51.30007999017835" lon="0.3377799689769745">
        <ele>77.92</ele>
      </trkpt>
      <trkpt lat="51.30005995742977" lon="0.3376199584454298">
        <ele>77.47</ele>
      </trkpt>
      <trkpt lat="51.3002051319927" lon="0.33744972199201584">
        <ele>76.66</ele>
      </trkpt>
      <trkpt lat="51.3003499712795" lon="0.33727998845279217">
        <ele>76.03</ele>
      </trkpt>
      <trkpt lat="51.30040998570621" lon="0.33740999177098274">
        <ele>75.41</ele>
      </trkpt>
      <trkpt lat="51.30063520744443" lon="0.3371195588260889">
        <ele>74.9</ele>
      </trkpt>
      <trkpt lat="51.30085992626846" lon="0.3368299640715122">
        <ele>74.36</ele>
      </trkpt>
    </trkseg>
  </trk>
</gpx>
