<?xml version="1.0" encoding="UTF-8"?>
<gpx creator="Garmin Connect" version="1.1"
  xsi:schemaLocation="http://www.topografix.com/GPX/1/1 http://www.topografix.com/GPX/11.xsd"
  xmlns:ns3="http://www.garmin.com/xmlschemas/TrackPointExtension/v1"
  xmlns="http://www.topografix.com/GPX/1/1"
  xmlns:xsi="http://www.w3.org/2001/XMLSchema-instance" xmlns:ns2="http://www.garmin.com/xmlschemas/GpxExtensions/v3">
  <metadata>
    <name>Guildford Bletchingley</name>
    <link href="connect.garmin.com">
      <text>Garmin Connect</text>
    </link>
    <time>2026-08-02T14:49:58.000Z</time>
  </metadata>
  <wpt lat="51.25479961495091" lon="-0.3220057078296">
    <ele>0.0</ele>
    <name>Hulppost</name>
    <cmt>Ryka's Cafe</cmt>
    <type>AID STATION</type>
  </wpt>
  <trk>
    <name>Guildford Bletchingley</name>
    <trkseg>
      <trkpt lat="51.23575994744897" lon="-0.5807399936020374">
        <ele>40.34</ele>
      </trkpt>
      <trkpt lat="51.23584996908903" lon="-0.5808099824935198">
        <ele>40.39</ele>
      </trkpt>
      <trkpt lat="51.236009979620576" lon="-0.5809899419546127">
        <ele>40.34</ele>
      </trkpt>
      <trkpt lat="51.23614995740354" lon="-0.5810899380594492">
        <ele>40.34</ele>
      </trkpt>
      <trkpt lat="51.23639998957515" lon="-0.5812299996614456">
        <ele>40.37</ele>
      </trkpt>
      <trkpt lat="51.236439971253276" lon="-0.5813099630177021">
        <ele>40.43</ele>
      </trkpt>
      <trkpt lat="51.236479952931404" lon="-0.5814099591225386">
        <ele>40.51</ele>
      </trkpt>
      <trkpt lat="51.23639998957515" lon="-0.5817899946123362">
        <ele>40.65</ele>
      </trkpt>
      <trkpt lat="51.23639998957515" lon="-0.5818899907171726">
        <ele>40.81</ele>
      </trkpt>
      <trkpt lat="51.236419938504696" lon="-0.581939946860075">
        <ele>40.93</ele>
      </trkpt>
      <trkpt lat="51.236569974571466" lon="-0.5820899829268456">
        <ele>41.04</ele>
      </trkpt>
      <trkpt lat="51.23657994903624" lon="-0.5822299607098103">
        <ele>41.18</ele>
      </trkpt>
      <trkpt lat="51.23651993460953" lon="-0.5823399312794209">
        <ele>41.4</ele>
      </trkpt>
      <trkpt lat="51.2362764403224" lon="-0.5821097642183304">
        <ele>41.53</ele>
      </trkpt>
      <trkpt lat="51.236032862216234" lon="-0.5818795133382082">
        <ele>41.58</ele>
      </trkpt>
      <trkpt lat="51.23578995466232" lon="-0.5816499330103397">
        <ele>41.62</ele>
      </trkpt>
      <trkpt lat="51.23558996245265" lon="-0.5815399624407291">
        <ele>41.75</ele>
      </trkpt>
      <trkpt lat="51.23558996245265" lon="-0.5812299996614456">
        <ele>41.61</ele>
      </trkpt>
      <trkpt lat="51.23571359552443" lon="-0.5808691587299109">
        <ele>41.28</ele>
      </trkpt>
      <trkpt lat="51.23583714477718" lon="-0.5805083177983761">
        <ele>41.02</ele>
      </trkpt>
      <trkpt lat="51.23595993965864" lon="-0.5801499914377928">
        <ele>40.76</ele>
      </trkpt>
      <trkpt lat="51.23599992133677" lon="-0.5800099298357964">
        <ele>40.47</ele>
      </trkpt>
      <trkpt lat="51.23603998683393" lon="-0.5796199198812246">
        <ele>40.1</ele>
      </trkpt>
      <trkpt lat="51.236029928550124" lon="-0.5793099571019411">
        <ele>39.62</ele>
      </trkpt>
      <trkpt lat="51.23597997240722" lon="-0.579279949888587">
        <ele>39.2</ele>
      </trkpt>
      <trkpt lat="51.235899925231934" lon="-0.5793399643152952">
        <ele>38.81</ele>
      </trkpt>
      <trkpt lat="51.2358099874109" lon="-0.5791599210351706">
        <ele>38.34</ele>
      </trkpt>
      <trkpt lat="51.235654754564166" lon="-0.5789295863360167">
        <ele>37.87</ele>
      </trkpt>
      <trkpt lat="51.23549994081259" lon="-0.5786999221891165">
        <ele>37.39</ele>
      </trkpt>
      <trkpt lat="51.23526994138956" lon="-0.578439999371767">
        <ele>36.94</ele>
      </trkpt>
      <trkpt lat="51.23528997413814" lon="-0.5783999338746071">
        <ele>36.45</ele>
      </trkpt>
      <trkpt lat="51.235149996355176" lon="-0.5782799888402224">
        <ele>35.95</ele>
      </trkpt>
      <trkpt lat="51.23515997081995" lon="-0.5782599560916424">
        <ele>35.48</ele>
      </trkpt>
      <trkpt lat="51.23528997413814" lon="-0.5783599521964788">
        <ele>35.08</ele>
      </trkpt>
      <trkpt lat="51.23528997413814" lon="-0.5780599638819695">
        <ele>34.51</ele>
      </trkpt>
      <trkpt lat="51.23533993028104" lon="-0.5780599638819695">
        <ele>34.08</ele>
      </trkpt>
      <trkpt lat="51.23538997024298" lon="-0.5779899749904871">
        <ele>33.68</ele>
      </trkpt>
      <trkpt lat="51.235509999096394" lon="-0.5776899866759777">
        <ele>33.24</ele>
      </trkpt>
      <trkpt lat="51.23551997356117" lon="-0.5775999650359154">
        <ele>32.91</ele>
      </trkpt>
      <trkpt lat="51.235469933599234" lon="-0.5775199178606272">
        <ele>32.65</ele>
      </trkpt>
      <trkpt lat="51.235329788178205" lon="-0.577364768832922">
        <ele>32.53</ele>
      </trkpt>
      <trkpt lat="51.235189978033304" lon="-0.5772099550813437">
        <ele>32.49</ele>
      </trkpt>
      <trkpt lat="51.23498998582363" lon="-0.5770899262279272">
        <ele>32.58</ele>
      </trkpt>
      <trkpt lat="51.23489996418357" lon="-0.5770899262279272">
        <ele>32.7</ele>
      </trkpt>
      <trkpt lat="51.234869956970215" lon="-0.5770699772983789">
        <ele>32.9</ele>
      </trkpt>
      <trkpt lat="51.234925109893084" lon="-0.5767039395868778">
        <ele>33.26</ele>
      </trkpt>
      <trkpt lat="51.234979927539825" lon="-0.5763399973511696">
        <ele>33.72</ele>
      </trkpt>
      <trkpt lat="51.23503005132079" lon="-0.5760892946273088">
        <ele>34.2</ele>
      </trkpt>
      <trkpt lat="51.23507992364466" lon="-0.5758399330079556">
        <ele>34.76</ele>
      </trkpt>
      <trkpt lat="51.235140105709434" lon="-0.5754438880831003">
        <ele>35.54</ele>
      </trkpt>
      <trkpt lat="51.23519995249808" lon="-0.575049938634038">
        <ele>36.49</ele>
      </trkpt>
      <trkpt lat="51.235189978033304" lon="-0.5750099569559097">
        <ele>37.36</ele>
      </trkpt>
      <trkpt lat="51.235149996355176" lon="-0.5749399680644274">
        <ele>38.3</ele>
      </trkpt>
      <trkpt lat="51.23494992032647" lon="-0.5747699830681086">
        <ele>39.27</ele>
      </trkpt>
      <trkpt lat="51.23482477851212" lon="-0.5745595972985029">
        <ele>40.43</ele>
      </trkpt>
      <trkpt lat="51.234699971973896" lon="-0.5743499659001827">
        <ele>41.7</ele>
      </trkpt>
      <trkpt lat="51.234609950333834" lon="-0.5742799770087004">
        <ele>43.05</ele>
      </trkpt>
      <trkpt lat="51.23437978327274" lon="-0.574114853516221">
        <ele>44.45</ele>
      </trkpt>
      <trkpt lat="51.23414995148778" lon="-0.5739499814808369">
        <ele>45.88</ele>
      </trkpt>
      <trkpt lat="51.234269980341196" lon="-0.573549997061491">
        <ele>47.83</ele>
      </trkpt>
      <trkpt lat="51.23437995091081" lon="-0.5733499210327864">
        <ele>49.77</ele>
      </trkpt>
      <trkpt lat="51.234589917585254" lon="-0.5731499288231134">
        <ele>51.83</ele>
      </trkpt>
      <trkpt lat="51.23464993201196" lon="-0.5730299837887287">
        <ele>53.99</ele>
      </trkpt>
      <trkpt lat="51.23472997918725" lon="-0.5725599266588688">
        <ele>56.5</ele>
      </trkpt>
      <trkpt lat="51.23472997918725" lon="-0.5722340382635593">
        <ele>59.07</ele>
      </trkpt>
      <trkpt lat="51.23472997918725" lon="-0.5719099938869476">
        <ele>61.63</ele>
      </trkpt>
      <trkpt lat="51.234759986400604" lon="-0.5715999472886324">
        <ele>64.34</ele>
      </trkpt>
      <trkpt lat="51.23478999361396" lon="-0.5714199878275394">
        <ele>67.06</ele>
      </trkpt>
      <trkpt lat="51.234569968655705" lon="-0.57111999951303">
        <ele>69.84</ele>
      </trkpt>
      <trkpt lat="51.23459997586906" lon="-0.5710099451243877">
        <ele>72.71</ele>
      </trkpt>
      <trkpt lat="51.234569968655705" lon="-0.570619935169816">
        <ele>75.77</ele>
      </trkpt>
      <trkpt lat="51.234509954229" lon="-0.5701399873942137">
        <ele>78.98</ele>
      </trkpt>
      <trkpt lat="51.23443476855755" lon="-0.56984419003129">
        <ele>82.16</ele>
      </trkpt>
      <trkpt lat="51.23435991816223" lon="-0.569549985229969">
        <ele>85.33</ele>
      </trkpt>
      <trkpt lat="51.23422966338694" lon="-0.5691239330917597">
        <ele>88.45</ele>
      </trkpt>
      <trkpt lat="51.23409999534488" lon="-0.5686999764293432">
        <ele>91.51</ele>
      </trkpt>
      <trkpt lat="51.23391626402736" lon="-0.5683526303619146">
        <ele>94.58</ele>
      </trkpt>
      <trkpt lat="51.23373261652887" lon="-0.5680053681135178">
        <ele>97.63</ele>
      </trkpt>
      <trkpt lat="51.23354997485876" lon="-0.5676599498838186">
        <ele>100.6</ele>
      </trkpt>
      <trkpt lat="51.233459785580635" lon="-0.5674344766885042">
        <ele>103.29</ele>
      </trkpt>
      <trkpt lat="51.233369931578636" lon="-0.5672099255025387">
        <ele>105.81</ele>
      </trkpt>
      <trkpt lat="51.233285274356604" lon="-0.5668613221496344">
        <ele>108.13</ele>
      </trkpt>
      <trkpt lat="51.2332007009536" lon="-0.5665126349776983">
        <ele>110.29</ele>
      </trkpt>
      <trkpt lat="51.23311663046479" lon="-0.5661666300147772">
        <ele>112.24</ele>
      </trkpt>
      <trkpt lat="51.23303197324276" lon="-0.5658179428428411">
        <ele>114.0</ele>
      </trkpt>
      <trkpt lat="51.23294731602073" lon="-0.5654692556709051">
        <ele>115.64</ele>
      </trkpt>
      <trkpt lat="51.23286324553192" lon="-0.565123250707984">
        <ele>117.04</ele>
      </trkpt>
      <trkpt lat="51.232778588309884" lon="-0.5647746473550797">
        <ele>118.13</ele>
      </trkpt>
      <trkpt lat="51.23269393108785" lon="-0.5644259601831436">
        <ele>119.06</ele>
      </trkpt>
      <trkpt lat="51.23260994441807" lon="-0.5640799552202225">
        <ele>119.79</ele>
      </trkpt>
      <trkpt lat="51.23248999938369" lon="-0.5636399891227484">
        <ele>120.45</ele>
      </trkpt>
      <trkpt lat="51.232389751821756" lon="-0.563290799036622">
        <ele>120.91</ele>
      </trkpt>
      <trkpt lat="51.232289504259825" lon="-0.5629416089504957">
        <ele>121.22</ele>
      </trkpt>
      <trkpt lat="51.23218992725015" lon="-0.5625949334353209">
        <ele>121.34</ele>
      </trkpt>
      <trkpt lat="51.232089679688215" lon="-0.5622457433491945">
        <ele>121.31</ele>
      </trkpt>
      <trkpt lat="51.231989515945315" lon="-0.5618966370820999">
        <ele>121.2</ele>
      </trkpt>
      <trkpt lat="51.23188993893564" lon="-0.561549961566925">
        <ele>121.04</ele>
      </trkpt>
      <trkpt lat="51.231784746050835" lon="-0.5613446049392223">
        <ele>120.68</ele>
      </trkpt>
      <trkpt lat="51.23167997226119" lon="-0.5611399188637733">
        <ele>120.25</ele>
      </trkpt>
      <trkpt lat="51.231559943407774" lon="-0.5607399344444275">
        <ele>119.65</ele>
      </trkpt>
      <trkpt lat="51.23150981962681" lon="-0.5603588931262493">
        <ele>118.92</ele>
      </trkpt>
      <trkpt lat="51.23145994730294" lon="-0.559979947283864">
        <ele>118.23</ele>
      </trkpt>
      <trkpt lat="51.231434885412455" lon="-0.5596289969980717">
        <ele>117.49</ele>
      </trkpt>
      <trkpt lat="51.231409991160035" lon="-0.5592799745500088">
        <ele>116.69</ele>
      </trkpt>
      <trkpt lat="51.23127303086221" lon="-0.5589927267283201">
        <ele>115.78</ele>
      </trkpt>
      <trkpt lat="51.23113607056439" lon="-0.5587055627256632">
        <ele>114.66</ele>
      </trkpt>
      <trkpt lat="51.23099994845688" lon="-0.5584199912846088">
        <ele>113.45</ele>
      </trkpt>
      <trkpt lat="51.23105677776039" lon="-0.557998800650239">
        <ele>112.32</ele>
      </trkpt>
      <trkpt lat="51.23111360706389" lon="-0.5575776100158691">
        <ele>111.18</ele>
      </trkpt>
      <trkpt lat="51.2311699334532" lon="-0.5571599397808313">
        <ele>109.93</ele>
      </trkpt>
      <trkpt lat="51.2310647405684" lon="-0.5569394957274199">
        <ele>108.48</ele>
      </trkpt>
      <trkpt lat="51.230959966778755" lon="-0.5567199736833572">
        <ele>106.89</ele>
      </trkpt>
      <trkpt lat="51.23085997067392" lon="-0.5565199814736843">
        <ele>105.34</ele>
      </trkpt>
      <trkpt lat="51.230809930711985" lon="-0.5563299637287855">
        <ele>103.78</ele>
      </trkpt>
      <trkpt lat="51.230689734220505" lon="-0.5560159776359797">
        <ele>102.19</ele>
      </trkpt>
      <trkpt lat="51.23056945390999" lon="-0.5557019077241421">
        <ele>100.59</ele>
      </trkpt>
      <trkpt lat="51.23044992797077" lon="-0.5553899332880974">
        <ele>98.99</ele>
      </trkpt>
      <trkpt lat="51.23032973147929" lon="-0.5550759471952915">
        <ele>97.35</ele>
      </trkpt>
      <trkpt lat="51.230209451168776" lon="-0.5547619611024857">
        <ele>95.71</ele>
      </trkpt>
      <trkpt lat="51.23008992522955" lon="-0.554449986666441">
        <ele>94.21</ele>
      </trkpt>
      <trkpt lat="51.22997718863189" lon="-0.5541142076253891">
        <ele>92.77</ele>
      </trkpt>
      <trkpt lat="51.229864954948425" lon="-0.5537799373269081">
        <ele>91.38</ele>
      </trkpt>
      <trkpt lat="51.22975221835077" lon="-0.5534441582858562">
        <ele>90.01</ele>
      </trkpt>
      <trkpt lat="51.2296399846673" lon="-0.553109971806407">
        <ele>88.62</ele>
      </trkpt>
      <trkpt lat="51.229499923065305" lon="-0.5528299324214458">
        <ele>87.13</ele>
      </trkpt>
      <trkpt lat="51.22948994860053" lon="-0.5526499729603529">
        <ele>85.82</ele>
      </trkpt>
      <trkpt lat="51.22943479567766" lon="-0.5523742083460093">
        <ele>84.48</ele>
      </trkpt>
      <trkpt lat="51.22937997803092" lon="-0.5520999524742365">
        <ele>83.21</ele>
      </trkpt>
      <trkpt lat="51.229254668578506" lon="-0.5516739003360271">
        <ele>82.08</ele>
      </trkpt>
      <trkpt lat="51.22912994585931" lon="-0.5512499436736107">
        <ele>81.13</ele>
      </trkpt>
      <trkpt lat="51.229014694690704" lon="-0.5508305970579386">
        <ele>80.29</ele>
      </trkpt>
      <trkpt lat="51.228899359703064" lon="-0.5504112504422665">
        <ele>79.48</ele>
      </trkpt>
      <trkpt lat="51.22878494672477" lon="-0.5499949213117361">
        <ele>78.79</ele>
      </trkpt>
      <trkpt lat="51.228669695556164" lon="-0.549575574696064">
        <ele>78.2</ele>
      </trkpt>
      <trkpt lat="51.22855436056852" lon="-0.5491562280803919">
        <ele>77.74</ele>
      </trkpt>
      <trkpt lat="51.22843994759023" lon="-0.5487399827688932">
        <ele>77.48</ele>
      </trkpt>
      <trkpt lat="51.22832302004099" lon="-0.5483322869986296">
        <ele>77.38</ele>
      </trkpt>
      <trkpt lat="51.228206092491746" lon="-0.5479246750473976">
        <ele>77.51</ele>
      </trkpt>
      <trkpt lat="51.22808991931379" lon="-0.5475199967622757">
        <ele>77.77</ele>
      </trkpt>
      <trkpt lat="51.227972991764545" lon="-0.547112300992012">
        <ele>78.21</ele>
      </trkpt>
      <trkpt lat="51.2278560642153" lon="-0.5467046890407801">
        <ele>78.82</ele>
      </trkpt>
      <trkpt lat="51.22773997485638" lon="-0.5462999269366264">
        <ele>79.58</ele>
      </trkpt>
      <trkpt lat="51.227623047307134" lon="-0.5458923149853945">
        <ele>80.49</ele>
      </trkpt>
      <trkpt lat="51.22750603593886" lon="-0.5454846192151308">
        <ele>81.54</ele>
      </trkpt>
      <trkpt lat="51.22738994657993" lon="-0.5450799409300089">
        <ele>82.66</ele>
      </trkpt>
      <trkpt lat="51.22727301903069" lon="-0.5446723289787769">
        <ele>84.07</ele>
      </trkpt>
      <trkpt lat="51.22715609148145" lon="-0.5442646332085133">
        <ele>85.64</ele>
      </trkpt>
      <trkpt lat="51.22703991830349" lon="-0.5438599549233913">
        <ele>87.49</ele>
      </trkpt>
      <trkpt lat="51.22693975456059" lon="-0.5435292050242424">
        <ele>89.36</ele>
      </trkpt>
      <trkpt lat="51.22683992609382" lon="-0.5431999638676643">
        <ele>91.14</ele>
      </trkpt>
      <trkpt lat="51.22669634409249" lon="-0.5428425595164299">
        <ele>93.02</ele>
      </trkpt>
      <trkpt lat="51.22655267827213" lon="-0.5424851551651955">
        <ele>94.91</ele>
      </trkpt>
      <trkpt lat="51.22640993446112" lon="-0.5421299301087856">
        <ele>96.77</ele>
      </trkpt>
      <trkpt lat="51.226256377995014" lon="-0.5418360605835915">
        <ele>98.67</ele>
      </trkpt>
      <trkpt lat="51.22610273770988" lon="-0.541542274877429">
        <ele>100.6</ele>
      </trkpt>
      <trkpt lat="51.22594993561506" lon="-0.5412499979138374">
        <ele>102.5</ele>
      </trkpt>
      <trkpt lat="51.225769808515906" lon="-0.5411048233509064">
        <ele>104.47</ele>
      </trkpt>
      <trkpt lat="51.225589932873845" lon="-0.5409599840641022">
        <ele>106.27</ele>
      </trkpt>
      <trkpt lat="51.22548993676901" lon="-0.5407099518924952">
        <ele>107.98</ele>
      </trkpt>
      <trkpt lat="51.22539974749088" lon="-0.54027384147048">
        <ele>109.63</ele>
      </trkpt>
      <trkpt lat="51.225309977307916" lon="-0.5398399941623211">
        <ele>111.4</ele>
      </trkpt>
      <trkpt lat="51.225309977307916" lon="-0.5398199614137411">
        <ele>113.08</ele>
      </trkpt>
      <trkpt lat="51.22548993676901" lon="-0.5395499803125858">
        <ele>114.79</ele>
      </trkpt>
      <trkpt lat="51.22546998783946" lon="-0.5393899697810411">
        <ele>116.52</ele>
      </trkpt>
      <trkpt lat="51.225479962304235" lon="-0.5392499919980764">
        <ele>118.24</ele>
      </trkpt>
      <trkpt lat="51.2254299223423" lon="-0.5388299748301506">
        <ele>119.99</ele>
      </trkpt>
      <trkpt lat="51.2253799661994" lon="-0.5386099498718977">
        <ele>121.7</ele>
      </trkpt>
      <trkpt lat="51.225369991734624" lon="-0.5383599177002907">
        <ele>123.48</ele>
      </trkpt>
      <trkpt lat="51.225349958986044" lon="-0.5382599215954542">
        <ele>125.26</ele>
      </trkpt>
      <trkpt lat="51.22530980966985" lon="-0.5377685744315386">
        <ele>127.19</ele>
      </trkpt>
      <trkpt lat="51.22526999562979" lon="-0.5372799932956696">
        <ele>129.05</ele>
      </trkpt>
      <trkpt lat="51.225229846313596" lon="-0.5367885623127222">
        <ele>130.92</ele>
      </trkpt>
      <trkpt lat="51.2251899484545" lon="-0.5362999811768532">
        <ele>132.99</ele>
      </trkpt>
      <trkpt lat="51.225184919312596" lon="-0.5359087977558374">
        <ele>135.14</ele>
      </trkpt>
      <trkpt lat="51.225179973989725" lon="-0.5355199612677097">
        <ele>137.33</ele>
      </trkpt>
      <trkpt lat="51.2251899484545" lon="-0.5353999324142933">
        <ele>139.44</ele>
      </trkpt>
      <trkpt lat="51.22516999952495" lon="-0.5350999440997839">
        <ele>141.68</ele>
      </trkpt>
      <trkpt lat="51.22512985020876" lon="-0.5346988700330257">
        <ele>144.02</ele>
      </trkpt>
      <trkpt lat="51.22508970089257" lon="-0.5342977121472359">
        <ele>146.41</ele>
      </trkpt>
      <trkpt lat="51.225049970671535" lon="-0.5338999908417463">
        <ele>148.68</ele>
      </trkpt>
      <trkpt lat="51.22501996345818" lon="-0.5337699875235558">
        <ele>150.87</ele>
      </trkpt>
      <trkpt lat="51.2249949015677" lon="-0.5334591027349234">
        <ele>153.1</ele>
      </trkpt>
      <trkpt lat="51.224969923496246" lon="-0.533149978145957">
        <ele>155.27</ele>
      </trkpt>
      <trkpt lat="51.224899934604764" lon="-0.5327299609780312">
        <ele>157.39</ele>
      </trkpt>
      <trkpt lat="51.22487487271428" lon="-0.5323188286274672">
        <ele>159.56</ele>
      </trkpt>
      <trkpt lat="51.22484997846186" lon="-0.5319099593907595">
        <ele>161.75</ele>
      </trkpt>
      <trkpt lat="51.22487001121044" lon="-0.5315940454602242">
        <ele>163.82</ele>
      </trkpt>
      <trkpt lat="51.22488996013999" lon="-0.5312799755483866">
        <ele>165.74</ele>
      </trkpt>
      <trkpt lat="51.224899934604764" lon="-0.5309099983423948">
        <ele>167.55</ele>
      </trkpt>
      <trkpt lat="51.224879901856184" lon="-0.5305840261280537">
        <ele>169.14</ele>
      </trkpt>
      <trkpt lat="51.224859952926636" lon="-0.530259981751442">
        <ele>170.52</ele>
      </trkpt>
      <trkpt lat="51.22485492378473" lon="-0.5299841333180666">
        <ele>171.57</ele>
      </trkpt>
      <trkpt lat="51.22484997846186" lon="-0.5297099612653255">
        <ele>172.36</ele>
      </trkpt>
      <trkpt lat="51.22492994181812" lon="-0.5292999185621738">
        <ele>172.91</ele>
      </trkpt>
      <trkpt lat="51.224960032850504" lon="-0.5290291830897331">
        <ele>173.13</ele>
      </trkpt>
      <trkpt lat="51.224989956244826" lon="-0.5287599563598633">
        <ele>173.08</ele>
      </trkpt>
      <trkpt lat="51.2249047961086" lon="-0.5284793302416801">
        <ele>172.77</ele>
      </trkpt>
      <trkpt lat="51.22481997124851" lon="-0.5281999614089727">
        <ele>172.15</ele>
      </trkpt>
      <trkpt lat="51.224749982357025" lon="-0.5280699580907822">
        <ele>171.25</ele>
      </trkpt>
      <trkpt lat="51.22480345889926" lon="-0.5276956222951412">
        <ele>170.05</ele>
      </trkpt>
      <trkpt lat="51.224856935441494" lon="-0.5273212026804686">
        <ele>168.58</ele>
      </trkpt>
      <trkpt lat="51.22490999288857" lon="-0.5269499681890011">
        <ele>166.91</ele>
      </trkpt>
      <trkpt lat="51.224884847179055" lon="-0.5266340542584658">
        <ele>164.94</ele>
      </trkpt>
      <trkpt lat="51.224859952926636" lon="-0.5263199843466282">
        <ele>162.77</ele>
      </trkpt>
      <trkpt lat="51.22488501481712" lon="-0.5259338300675154">
        <ele>160.42</ele>
      </trkpt>
      <trkpt lat="51.22490999288857" lon="-0.5255499389022589">
        <ele>157.88</ele>
      </trkpt>
      <trkpt lat="51.224879985675216" lon="-0.525149954482913">
        <ele>155.13</ele>
      </trkpt>
      <trkpt lat="51.22491502203047" lon="-0.5247939750552177">
        <ele>152.34</ele>
      </trkpt>
      <trkpt lat="51.2249499745667" lon="-0.5244399234652519">
        <ele>149.49</ele>
      </trkpt>
      <trkpt lat="51.22503018938005" lon="-0.5240740533918142">
        <ele>146.61</ele>
      </trkpt>
      <trkpt lat="51.22510998509824" lon="-0.5237099435180426">
        <ele>143.69</ele>
      </trkpt>
      <trkpt lat="51.22516010887921" lon="-0.5233840551227331">
        <ele>140.75</ele>
      </trkpt>
      <trkpt lat="51.22520998120308" lon="-0.5230599269270897">
        <ele>137.71</ele>
      </trkpt>
      <trkpt lat="51.225419947877526" lon="-0.5227799713611603">
        <ele>134.86</ele>
      </trkpt>
      <trkpt lat="51.22555506415665" lon="-0.5226448550820351">
        <ele>132.08</ele>
      </trkpt>
      <trkpt lat="51.22568992897868" lon="-0.522509990260005">
        <ele>129.31</ele>
      </trkpt>
      <trkpt lat="51.22582512907684" lon="-0.5223296955227852">
        <ele>126.64</ele>
      </trkpt>
      <trkpt lat="51.22595999389887" lon="-0.5221499875187874">
        <ele>124.09</ele>
      </trkpt>
      <trkpt lat="51.226149927824736" lon="-0.5219499953091145">
        <ele>121.66</ele>
      </trkpt>
      <trkpt lat="51.22628998942673" lon="-0.521849999204278">
        <ele>119.42</ele>
      </trkpt>
      <trkpt lat="51.226460142061114" lon="-0.521679762750864">
        <ele>117.35</ele>
      </trkpt>
      <trkpt lat="51.22662995941937" lon="-0.5215099453926086">
        <ele>115.45</ele>
      </trkpt>
      <trkpt lat="51.22675518505275" lon="-0.5212895851582289">
        <ele>113.71</ele>
      </trkpt>
      <trkpt lat="51.22687999159098" lon="-0.5210699792951345">
        <ele>112.18</ele>
      </trkpt>
      <trkpt lat="51.22714016586542" lon="-0.5208748485893011">
        <ele>110.84</ele>
      </trkpt>
      <trkpt lat="51.22739992104471" lon="-0.5206799693405628">
        <ele>109.74</ele>
      </trkpt>
      <trkpt lat="51.22744996100664" lon="-0.5205899477005005">
        <ele>108.98</ele>
      </trkpt>
      <trkpt lat="51.227459935471416" lon="-0.5205299332737923">
        <ele>108.48</ele>
      </trkpt>
      <trkpt lat="51.22756998986006" lon="-0.520689943805337">
        <ele>108.22</ele>
      </trkpt>
      <trkpt lat="51.22785002924502" lon="-0.5206966493278742">
        <ele>108.19</ele>
      </trkpt>
      <trkpt lat="51.22813006862998" lon="-0.5207032710313797">
        <ele>108.51</ele>
      </trkpt>
      <trkpt lat="51.22840994037688" lon="-0.5207099765539169">
        <ele>109.09</ele>
      </trkpt>
      <trkpt lat="51.22868503443897" lon="-0.520684914663434">
        <ele>109.8</ele>
      </trkpt>
      <trkpt lat="51.228959960862994" lon="-0.5206599365919828">
        <ele>110.72</ele>
      </trkpt>
      <trkpt lat="51.229175040498376" lon="-0.5207349546253681">
        <ele>111.91</ele>
      </trkpt>
      <trkpt lat="51.229389952495694" lon="-0.5208099726587534">
        <ele>113.33</ele>
      </trkpt>
      <trkpt lat="51.22962665744126" lon="-0.5208099726587534">
        <ele>114.97</ele>
      </trkpt>
      <trkpt lat="51.22986336238682" lon="-0.5208099726587534">
        <ele>116.81</ele>
      </trkpt>
      <trkpt lat="51.230099983513355" lon="-0.5208099726587534">
        <ele>118.76</ele>
      </trkpt>
      <trkpt lat="51.230195201933384" lon="-0.5210755113512278">
        <ele>120.76</ele>
      </trkpt>
      <trkpt lat="51.23028991743922" lon="-0.5213399603962898">
        <ele>122.85</ele>
      </trkpt>
      <trkpt lat="51.23045512475073" lon="-0.521480105817318">
        <ele>125.04</ele>
      </trkpt>
      <trkpt lat="51.23061999678612" lon="-0.521619999781251">
        <ele>127.26</ele>
      </trkpt>
      <trkpt lat="51.23066995292902" lon="-0.5215899925678968">
        <ele>129.31</ele>
      </trkpt>
      <trkpt lat="51.23079995624721" lon="-0.5214899964630604">
        <ele>131.38</ele>
      </trkpt>
      <trkpt lat="51.23094353824854" lon="-0.521189421415329">
        <ele>133.42</ele>
      </trkpt>
      <trkpt lat="51.2310872040689" lon="-0.5208888463675976">
        <ele>135.46</ele>
      </trkpt>
      <trkpt lat="51.23122994787991" lon="-0.5205899477005005">
        <ele>137.41</ele>
      </trkpt>
      <trkpt lat="51.231300104409456" lon="-0.5202942341566086">
        <ele>139.25</ele>
      </trkpt>
      <trkpt lat="51.231369925662875" lon="-0.5199999455362558">
        <ele>140.95</ele>
      </trkpt>
      <trkpt lat="51.23142675496638" lon="-0.5196422897279263">
        <ele>142.54</ele>
      </trkpt>
      <trkpt lat="51.23148358426988" lon="-0.5192847177386284">
        <ele>144.07</ele>
      </trkpt>
      <trkpt lat="51.231539994478226" lon="-0.5189299955964088">
        <ele>145.43</ele>
      </trkpt>
      <trkpt lat="51.23158257454634" lon="-0.5185263231396675">
        <ele>146.62</ele>
      </trkpt>
      <trkpt lat="51.231624986976385" lon="-0.5181249976158142">
        <ele>147.58</ele>
      </trkpt>
      <trkpt lat="51.2316675670445" lon="-0.5177213251590729">
        <ele>148.48</ele>
      </trkpt>
      <trkpt lat="51.231709979474545" lon="-0.5173199996352196">
        <ele>149.21</ele>
      </trkpt>
      <trkpt lat="51.231770161539316" lon="-0.5169038381427526">
        <ele>149.82</ele>
      </trkpt>
      <trkpt lat="51.23182992450893" lon="-0.516489939764142">
        <ele>150.34</ele>
      </trkpt>
      <trkpt lat="51.231860015541315" lon="-0.516083836555481">
        <ele>150.74</ele>
      </trkpt>
      <trkpt lat="51.23188993893564" lon="-0.5156799964606762">
        <ele>151.19</ele>
      </trkpt>
      <trkpt lat="51.23188993893564" lon="-0.5152386892586946">
        <ele>151.56</ele>
      </trkpt>
      <trkpt lat="51.23188993893564" lon="-0.5147999804466963">
        <ele>151.92</ele>
      </trkpt>
      <trkpt lat="51.23186822980642" lon="-0.5144573282450438">
        <ele>152.18</ele>
      </trkpt>
      <trkpt lat="51.23184652067721" lon="-0.5141146760433912">
        <ele>152.4</ele>
      </trkpt>
      <trkpt lat="51.23182497918606" lon="-0.5137749575078487">
        <ele>152.58</ele>
      </trkpt>
      <trkpt lat="51.231803270056844" lon="-0.5134323053061962">
        <ele>152.79</ele>
      </trkpt>
      <trkpt lat="51.2317814771086" lon="-0.5130896531045437">
        <ele>153.13</ele>
      </trkpt>
      <trkpt lat="51.23175993561745" lon="-0.5127499345690012">
        <ele>153.52</ele>
      </trkpt>
      <trkpt lat="51.231734873726964" lon="-0.5124240461736917">
        <ele>153.91</ele>
      </trkpt>
      <trkpt lat="51.231709979474545" lon="-0.5120999179780483">
        <ele>154.27</ele>
      </trkpt>
      <trkpt lat="51.231654826551676" lon="-0.5116236582398415">
        <ele>154.65</ele>
      </trkpt>
      <trkpt lat="51.2315999250859" lon="-0.5111499968916178">
        <ele>155.19</ele>
      </trkpt>
      <trkpt lat="51.23160998336971" lon="-0.5110099352896214">
        <ele>155.62</ele>
      </trkpt>
      <trkpt lat="51.23151476494968" lon="-0.5106741562485695">
        <ele>155.93</ele>
      </trkpt>
      <trkpt lat="51.23141996562481" lon="-0.5103399697691202">
        <ele>156.26</ele>
      </trkpt>
      <trkpt lat="51.23137981630862" lon="-0.5100892670452595">
        <ele>156.67</ele>
      </trkpt>
      <trkpt lat="51.23133991844952" lon="-0.5098399892449379">
        <ele>157.17</ele>
      </trkpt>
      <trkpt lat="51.23134997673333" lon="-0.5095240753144026">
        <ele>157.76</ele>
      </trkpt>
      <trkpt lat="51.2313599511981" lon="-0.5092099215835333">
        <ele>158.26</ele>
      </trkpt>
      <trkpt lat="51.23142013326287" lon="-0.5088439676910639">
        <ele>158.85</ele>
      </trkpt>
      <trkpt lat="51.23147998005152" lon="-0.5084799416363239">
        <ele>159.42</ele>
      </trkpt>
      <trkpt lat="51.231519961729646" lon="-0.5084599927067757">
        <ele>160.17</ele>
      </trkpt>
      <trkpt lat="51.23158995062113" lon="-0.5082399677485228">
        <ele>160.92</ele>
      </trkpt>
      <trkpt lat="51.2317399866879" lon="-0.5080699827522039">
        <ele>161.83</ele>
      </trkpt>
      <trkpt lat="51.23191994614899" lon="-0.5079199466854334">
        <ele>162.8</ele>
      </trkpt>
      <trkpt lat="51.23195992782712" lon="-0.5077799689024687">
        <ele>163.63</ele>
      </trkpt>
      <trkpt lat="51.232139971107244" lon="-0.5074899550527334">
        <ele>164.67</ele>
      </trkpt>
      <trkpt lat="51.23224516399205" lon="-0.5072545073926449">
        <ele>165.64</ele>
      </trkpt>
      <trkpt lat="51.23234993778169" lon="-0.5070199817419052">
        <ele>166.48</ele>
      </trkpt>
      <trkpt lat="51.232509948313236" lon="-0.506959967315197">
        <ele>167.34</ele>
      </trkpt>
      <trkpt lat="51.2326499260962" lon="-0.5066799279302359">
        <ele>168.18</ele>
      </trkpt>
      <trkpt lat="51.232679933309555" lon="-0.506509942933917">
        <ele>168.95</ele>
      </trkpt>
      <trkpt lat="51.232679933309555" lon="-0.5063599906861782">
        <ele>169.66</ele>
      </trkpt>
      <trkpt lat="51.232699966058135" lon="-0.5063499324023724">
        <ele>170.32</ele>
      </trkpt>
      <trkpt lat="51.23260977678001" lon="-0.5060091242194176">
        <ele>170.88</ele>
      </trkpt>
      <trkpt lat="51.23251992277801" lon="-0.5056699924170971">
        <ele>171.39</ele>
      </trkpt>
      <trkpt lat="51.23247994109988" lon="-0.5055299308151007">
        <ele>171.92</ele>
      </trkpt>
      <trkpt lat="51.23228992335498" lon="-0.5051699280738831">
        <ele>172.41</ele>
      </trkpt>
      <trkpt lat="51.23227994889021" lon="-0.5051199719309807">
        <ele>172.89</ele>
      </trkpt>
      <trkpt lat="51.23230995610356" lon="-0.5050499830394983">
        <ele>173.37</ele>
      </trkpt>
      <trkpt lat="51.23234993778169" lon="-0.5049299541860819">
        <ele>173.86</ele>
      </trkpt>
      <trkpt lat="51.23234993778169" lon="-0.5048499908298254">
        <ele>174.27</ele>
      </trkpt>
      <trkpt lat="51.23227994889021" lon="-0.5046599730849266">
        <ele>174.63</ele>
      </trkpt>
      <trkpt lat="51.232249941676855" lon="-0.5044899880886078">
        <ele>174.98</ele>
      </trkpt>
      <trkpt lat="51.232214821502566" lon="-0.5040988884866238">
        <ele>175.33</ele>
      </trkpt>
      <trkpt lat="51.23217995278537" lon="-0.5037099681794643">
        <ele>175.61</ele>
      </trkpt>
      <trkpt lat="51.232164949178696" lon="-0.5032135080546141">
        <ele>175.94</ele>
      </trkpt>
      <trkpt lat="51.23214994557202" lon="-0.5027199815958738">
        <ele>176.23</ele>
      </trkpt>
      <trkpt lat="51.23213494196534" lon="-0.5022235214710236">
        <ele>176.52</ele>
      </trkpt>
      <trkpt lat="51.232119938358665" lon="-0.5017299950122833">
        <ele>176.84</ele>
      </trkpt>
      <trkpt lat="51.23213502578437" lon="-0.5012886878103018">
        <ele>177.25</ele>
      </trkpt>
      <trkpt lat="51.23214994557202" lon="-0.5008499789983034">
        <ele>177.59</ele>
      </trkpt>
      <trkpt lat="51.232200069352984" lon="-0.5004689376801252">
        <ele>177.9</ele>
      </trkpt>
      <trkpt lat="51.232249941676855" lon="-0.5000899918377399">
        <ele>178.24</ele>
      </trkpt>
      <trkpt lat="51.23225999996066" lon="-0.49977910704910755">
        <ele>178.64</ele>
      </trkpt>
      <trkpt lat="51.232269974425435" lon="-0.4994699824601412">
        <ele>179.07</ele>
      </trkpt>
      <trkpt lat="51.23235018923879" lon="-0.4989886935800314">
        <ele>179.56</ele>
      </trkpt>
      <trkpt lat="51.23242998495698" lon="-0.49850991927087307">
        <ele>180.1</ele>
      </trkpt>
      <trkpt lat="51.232460075989366" lon="-0.4981739725917578">
        <ele>180.67</ele>
      </trkpt>
      <trkpt lat="51.23248999938369" lon="-0.49783995375037193">
        <ele>181.24</ele>
      </trkpt>
      <trkpt lat="51.23249997384846" lon="-0.4974799510091543">
        <ele>181.85</ele>
      </trkpt>
      <trkpt lat="51.23255998827517" lon="-0.4970299266278744">
        <ele>182.56</ele>
      </trkpt>
      <trkpt lat="51.232549929991364" lon="-0.4966287687420845">
        <ele>183.24</ele>
      </trkpt>
      <trkpt lat="51.23253987170756" lon="-0.49622769467532635">
        <ele>183.88</ele>
      </trkpt>
      <trkpt lat="51.232529981061816" lon="-0.4958299733698368">
        <ele>184.59</ele>
      </trkpt>
      <trkpt lat="51.23251992277801" lon="-0.49542881548404694">
        <ele>185.3</ele>
      </trkpt>
      <trkpt lat="51.232509864494205" lon="-0.49502765759825706">
        <ele>186.01</ele>
      </trkpt>
      <trkpt lat="51.23249997384846" lon="-0.4946299362927675">
        <ele>186.79</ele>
      </trkpt>
      <trkpt lat="51.23257013037801" lon="-0.4941854439675808">
        <ele>187.6</ele>
      </trkpt>
      <trkpt lat="51.232640370726585" lon="-0.49374086782336235">
        <ele>188.52</ele>
      </trkpt>
      <trkpt lat="51.23270994052291" lon="-0.4932999797165394">
        <ele>189.38</ele>
      </trkpt>
      <trkpt lat="51.232719998806715" lon="-0.49301994033157825">
        <ele>190.08</ele>
      </trkpt>
      <trkpt lat="51.232704911381006" lon="-0.49258374609053135">
        <ele>190.7</ele>
      </trkpt>
      <trkpt lat="51.23268999159336" lon="-0.4921499826014042">
        <ele>191.24</ele>
      </trkpt>
      <trkpt lat="51.23264984227717" lon="-0.4918942507356405">
        <ele>191.73</ele>
      </trkpt>
      <trkpt lat="51.23260994441807" lon="-0.491639943793416">
        <ele>192.2</ele>
      </trkpt>
      <trkpt lat="51.23257985338569" lon="-0.491268876940012">
        <ele>192.65</ele>
      </trkpt>
      <trkpt lat="51.2325497623533" lon="-0.49089789390563965">
        <ele>193.03</ele>
      </trkpt>
      <trkpt lat="51.23251992277801" lon="-0.4905299283564091">
        <ele>193.36</ele>
      </trkpt>
      <trkpt lat="51.23250575736165" lon="-0.4900845140218735">
        <ele>193.66</ele>
      </trkpt>
      <trkpt lat="51.23249150812626" lon="-0.4896390996873379">
        <ele>193.98</ele>
      </trkpt>
      <trkpt lat="51.23247742652893" lon="-0.48919745720922947">
        <ele>194.3</ele>
      </trkpt>
      <trkpt lat="51.23246326111257" lon="-0.48875204287469387">
        <ele>194.51</ele>
      </trkpt>
      <trkpt lat="51.23244901187718" lon="-0.48830654472112656">
        <ele>194.7</ele>
      </trkpt>
      <trkpt lat="51.23243493027985" lon="-0.48786498606204987">
        <ele>194.89</ele>
      </trkpt>
      <trkpt lat="51.23242076486349" lon="-0.48741948790848255">
        <ele>195.04</ele>
      </trkpt>
      <trkpt lat="51.2324065156281" lon="-0.48697407357394695">
        <ele>195.03</ele>
      </trkpt>
      <trkpt lat="51.23239243403077" lon="-0.48653243109583855">
        <ele>194.9</ele>
      </trkpt>
      <trkpt lat="51.23237826861441" lon="-0.48608701676130295">
        <ele>194.8</ele>
      </trkpt>
      <trkpt lat="51.23236401937902" lon="-0.48564160242676735">
        <ele>194.8</ele>
      </trkpt>
      <trkpt lat="51.23234993778169" lon="-0.48519995994865894">
        <ele>194.87</ele>
      </trkpt>
      <trkpt lat="51.23232990503311" lon="-0.48483895137906075">
        <ele>194.9</ele>
      </trkpt>
      <trkpt lat="51.23230995610356" lon="-0.4844799544662237">
        <ele>194.88</ele>
      </trkpt>
      <trkpt lat="51.23225312680006" lon="-0.48414409160614014">
        <ele>194.83</ele>
      </trkpt>
      <trkpt lat="51.23219629749656" lon="-0.48380814492702484">
        <ele>194.69</ele>
      </trkpt>
      <trkpt lat="51.232139971107244" lon="-0.48347496427595615">
        <ele>194.5</ele>
      </trkpt>
      <trkpt lat="51.23208314180374" lon="-0.48313901759684086">
        <ele>194.28</ele>
      </trkpt>
      <trkpt lat="51.23202631250024" lon="-0.4828031547367573">
        <ele>194.18</ele>
      </trkpt>
      <trkpt lat="51.231969986110926" lon="-0.4824699740856886">
        <ele>194.12</ele>
      </trkpt>
      <trkpt lat="51.23189639300108" lon="-0.4820789583027363">
        <ele>194.0</ele>
      </trkpt>
      <trkpt lat="51.231822883710265" lon="-0.48168785870075226">
        <ele>193.91</ele>
      </trkpt>
      <trkpt lat="51.23174996115267" lon="-0.4812999442219734">
        <ele>193.9</ele>
      </trkpt>
      <trkpt lat="51.23169992119074" lon="-0.4809299670159817">
        <ele>194.02</ele>
      </trkpt>
      <trkpt lat="51.23176010325551" lon="-0.4804536234587431">
        <ele>194.17</ele>
      </trkpt>
      <trkpt lat="51.231819950044155" lon="-0.4799799621105194">
        <ele>194.33</ele>
      </trkpt>
      <trkpt lat="51.231799917295575" lon="-0.4794899560511112">
        <ele>194.46</ele>
      </trkpt>
      <trkpt lat="51.23188516125083" lon="-0.47903875820338726">
        <ele>194.57</ele>
      </trkpt>
      <trkpt lat="51.231969986110926" lon="-0.47858999110758305">
        <ele>194.81</ele>
      </trkpt>
      <trkpt lat="51.23199672438204" lon="-0.4782423097640276">
        <ele>194.96</ele>
      </trkpt>
      <trkpt lat="51.23202346265316" lon="-0.47789462842047215">
        <ele>195.05</ele>
      </trkpt>
      <trkpt lat="51.23204994946718" lon="-0.47754996456205845">
        <ele>195.1</ele>
      </trkpt>
      <trkpt lat="51.23204994946718" lon="-0.4772691708058119">
        <ele>195.16</ele>
      </trkpt>
      <trkpt lat="51.23204994946718" lon="-0.4769899696111679">
        <ele>195.27</ele>
      </trkpt>
      <trkpt lat="51.23201994225383" lon="-0.47655997797846794">
        <ele>195.48</ele>
      </trkpt>
      <trkpt lat="51.231989935040474" lon="-0.47631992027163506">
        <ele>195.68</ele>
      </trkpt>
      <trkpt lat="51.232059923931956" lon="-0.4759699758142233">
        <ele>195.83</ele>
      </trkpt>
      <trkpt lat="51.232107616961" lon="-0.4755763616412878">
        <ele>195.9</ele>
      </trkpt>
      <trkpt lat="51.23215497471392" lon="-0.4751849267631769">
        <ele>195.95</ele>
      </trkpt>
      <trkpt lat="51.232202583923936" lon="-0.47479139640927315">
        <ele>196.03</ele>
      </trkpt>
      <trkpt lat="51.232249941676855" lon="-0.47439996153116226">
        <ele>196.15</ele>
      </trkpt>
      <trkpt lat="51.23229512013495" lon="-0.4739211034029722">
        <ele>196.21</ele>
      </trkpt>
      <trkpt lat="51.23233996331692" lon="-0.4734449274837971">
        <ele>196.32</ele>
      </trkpt>
      <trkpt lat="51.23238505795598" lon="-0.47296615317463875">
        <ele>196.54</ele>
      </trkpt>
      <trkpt lat="51.23242998495698" lon="-0.4724899772554636">
        <ele>196.71</ele>
      </trkpt>
      <trkpt lat="51.23251682147384" lon="-0.4720789287239313">
        <ele>196.94</ele>
      </trkpt>
      <trkpt lat="51.232603741809726" lon="-0.4716677963733673">
        <ele>197.25</ele>
      </trkpt>
      <trkpt lat="51.23268999159336" lon="-0.4712599329650402">
        <ele>197.51</ele>
      </trkpt>
      <trkpt lat="51.232735086232424" lon="-0.47092901542782784">
        <ele>197.78</ele>
      </trkpt>
      <trkpt lat="51.23278018087149" lon="-0.47059809789061546">
        <ele>198.02</ele>
      </trkpt>
      <trkpt lat="51.23282494023442" lon="-0.4702699463814497">
        <ele>198.32</ele>
      </trkpt>
      <trkpt lat="51.23287011869252" lon="-0.4699390288442373">
        <ele>198.64</ele>
      </trkpt>
      <trkpt lat="51.23291521333158" lon="-0.46960811130702496">
        <ele>198.96</ele>
      </trkpt>
      <trkpt lat="51.232959972694516" lon="-0.4692799597978592">
        <ele>199.24</ele>
      </trkpt>
      <trkpt lat="51.23304999433458" lon="-0.4688999243080616">
        <ele>199.52</ele>
      </trkpt>
      <trkpt lat="51.233109924942255" lon="-0.46887997537851334">
        <ele>199.76</ele>
      </trkpt>
      <trkpt lat="51.233145045116544" lon="-0.46856909058988094">
        <ele>200.1</ele>
      </trkpt>
      <trkpt lat="51.23317999765277" lon="-0.4682599660009146">
        <ele>200.36</ele>
      </trkpt>
      <trkpt lat="51.23326348140836" lon="-0.46788898296654224">
        <ele>200.51</ele>
      </trkpt>
      <trkpt lat="51.23334704898298" lon="-0.46751808375120163">
        <ele>200.6</ele>
      </trkpt>
      <trkpt lat="51.233429946005344" lon="-0.4671499505639076">
        <ele>200.77</ele>
      </trkpt>
      <trkpt lat="51.23350680805743" lon="-0.4667254909873009">
        <ele>200.94</ele>
      </trkpt>
      <trkpt lat="51.23358367010951" lon="-0.4663010314106941">
        <ele>201.02</ele>
      </trkpt>
      <trkpt lat="51.23365994542837" lon="-0.465879924595356">
        <ele>201.11</ele>
      </trkpt>
      <trkpt lat="51.23360998928547" lon="-0.46572997234761715">
        <ele>201.18</ele>
      </trkpt>
      <trkpt lat="51.23341997154057" lon="-0.465879924595356">
        <ele>201.22</ele>
      </trkpt>
      <trkpt lat="51.233149990439415" lon="-0.465879924595356">
        <ele>201.17</ele>
      </trkpt>
      <trkpt lat="51.23284488916397" lon="-0.4658249393105507">
        <ele>201.1</ele>
      </trkpt>
      <trkpt lat="51.23253995552659" lon="-0.4657699540257454">
        <ele>201.11</ele>
      </trkpt>
      <trkpt lat="51.2322598323226" lon="-0.46565654687583447">
        <ele>201.09</ele>
      </trkpt>
      <trkpt lat="51.231979709118605" lon="-0.46554322354495525">
        <ele>201.04</ele>
      </trkpt>
      <trkpt lat="51.23169992119074" lon="-0.46542998403310776">
        <ele>200.94</ele>
      </trkpt>
      <trkpt lat="51.23158995062113" lon="-0.4653399623930454">
        <ele>200.84</ele>
      </trkpt>
      <trkpt lat="51.231373278424144" lon="-0.46531657688319683">
        <ele>200.69</ele>
      </trkpt>
      <trkpt lat="51.23115652240813" lon="-0.46529327519237995">
        <ele>200.47</ele>
      </trkpt>
      <trkpt lat="51.230939934030175" lon="-0.46526997350156307">
        <ele>200.21</ele>
      </trkpt>
      <trkpt lat="51.230659894645214" lon="-0.46526997350156307">
        <ele>199.95</ele>
      </trkpt>
      <trkpt lat="51.230379939079285" lon="-0.46526997350156307">
        <ele>199.77</ele>
      </trkpt>
      <trkpt lat="51.23015488497913" lon="-0.4653099551796913">
        <ele>199.67</ele>
      </trkpt>
      <trkpt lat="51.229929998517036" lon="-0.46534993685781956">
        <ele>199.63</ele>
      </trkpt>
      <trkpt lat="51.22980996966362" lon="-0.46514994464814663">
        <ele>199.45</ele>
      </trkpt>
      <trkpt lat="51.229759845882654" lon="-0.4647538997232914">
        <ele>199.24</ele>
      </trkpt>
      <trkpt lat="51.22970997355878" lon="-0.46435995027422905">
        <ele>199.09</ele>
      </trkpt>
      <trkpt lat="51.22967996634543" lon="-0.4640499874949455">
        <ele>199.05</ele>
      </trkpt>
      <trkpt lat="51.22969999909401" lon="-0.4637699481099844">
        <ele>199.08</ele>
      </trkpt>
      <trkpt lat="51.229669991880655" lon="-0.46342997811734676">
        <ele>199.21</ele>
      </trkpt>
      <trkpt lat="51.22965993359685" lon="-0.4630739148706198">
        <ele>199.42</ele>
      </trkpt>
      <trkpt lat="51.229649959132075" lon="-0.46271994709968567">
        <ele>199.68</ele>
      </trkpt>
      <trkpt lat="51.22965993359685" lon="-0.4623399954289198">
        <ele>200.03</ele>
      </trkpt>
      <trkpt lat="51.22969505377114" lon="-0.4620291106402874">
        <ele>200.35</ele>
      </trkpt>
      <trkpt lat="51.22972992248833" lon="-0.46171998605132103">
        <ele>200.69</ele>
      </trkpt>
      <trkpt lat="51.22975003905594" lon="-0.4613238573074341">
        <ele>201.04</ele>
      </trkpt>
      <trkpt lat="51.22976998798549" lon="-0.46092999167740345">
        <ele>201.38</ele>
      </trkpt>
      <trkpt lat="51.22974987141788" lon="-0.4606541432440281">
        <ele>201.76</ele>
      </trkpt>
      <trkpt lat="51.22972992248833" lon="-0.46037997119128704">
        <ele>202.19</ele>
      </trkpt>
      <trkpt lat="51.229669991880655" lon="-0.46010999009013176">
        <ele>202.66</ele>
      </trkpt>
      <trkpt lat="51.22955474071205" lon="-0.45988451689481735">
        <ele>203.2</ele>
      </trkpt>
      <trkpt lat="51.22943999245763" lon="-0.4596599657088518">
        <ele>203.78</ele>
      </trkpt>
      <trkpt lat="51.229349970817566" lon="-0.45917993411421776">
        <ele>204.46</ele>
      </trkpt>
      <trkpt lat="51.22930998913944" lon="-0.4590499307960272">
        <ele>205.1</ele>
      </trkpt>
      <trkpt lat="51.229199934750795" lon="-0.4588399641215801">
        <ele>205.77</ele>
      </trkpt>
      <trkpt lat="51.22915995307267" lon="-0.45876997523009777">
        <ele>206.38</ele>
      </trkpt>
      <trkpt lat="51.229089964181185" lon="-0.4585099685937166">
        <ele>207.02</ele>
      </trkpt>
      <trkpt lat="51.229074876755476" lon="-0.45822414569556713">
        <ele>207.58</ele>
      </trkpt>
      <trkpt lat="51.22905995696783" lon="-0.45793999917805195">
        <ele>208.14</ele>
      </trkpt>
      <trkpt lat="51.22905744239688" lon="-0.4575112648308277">
        <ele>208.7</ele>
      </trkpt>
      <trkpt lat="51.22905492782593" lon="-0.4570849612355232">
        <ele>209.23</ele>
      </trkpt>
      <trkpt lat="51.229052413254976" lon="-0.456656226888299">
        <ele>209.62</ele>
      </trkpt>
      <trkpt lat="51.22904998250306" lon="-0.4562299232929945">
        <ele>209.81</ele>
      </trkpt>
      <trkpt lat="51.229073368012905" lon="-0.45578199438750744">
        <ele>210.06</ele>
      </trkpt>
      <trkpt lat="51.229096753522754" lon="-0.4553340654820204">
        <ele>210.28</ele>
      </trkpt>
      <trkpt lat="51.22911997139454" lon="-0.4548899922519922">
        <ele>210.62</ele>
      </trkpt>
      <trkpt lat="51.22914503328502" lon="-0.45458405278623104">
        <ele>210.86</ele>
      </trkpt>
      <trkpt lat="51.22916992753744" lon="-0.4542799573391676">
        <ele>211.05</ele>
      </trkpt>
      <trkpt lat="51.22926992364228" lon="-0.45382993295788765">
        <ele>211.17</ele>
      </trkpt>
      <trkpt lat="51.229400262236595" lon="-0.4534992668777704">
        <ele>211.17</ele>
      </trkpt>
      <trkpt lat="51.22952993027866" lon="-0.45316994190216064">
        <ele>211.03</ele>
      </trkpt>
      <trkpt lat="51.22965356335044" lon="-0.452805832028389">
        <ele>210.84</ele>
      </trkpt>
      <trkpt lat="51.22977719642222" lon="-0.4524416383355856">
        <ele>210.57</ele>
      </trkpt>
      <trkpt lat="51.22989999130368" lon="-0.4520799592137337">
        <ele>210.21</ele>
      </trkpt>
      <trkpt lat="51.230059918016195" lon="-0.4516799747943878">
        <ele>209.87</ele>
      </trkpt>
      <trkpt lat="51.23023996129632" lon="-0.45138996094465256">
        <ele>209.63</ele>
      </trkpt>
      <trkpt lat="51.23046275228262" lon="-0.45108452439308167">
        <ele>209.41</ele>
      </trkpt>
      <trkpt lat="51.2306849565357" lon="-0.4507799260318279">
        <ele>209.13</ele>
      </trkpt>
      <trkpt lat="51.230907747522" lon="-0.45047457329928875">
        <ele>208.75</ele>
      </trkpt>
      <trkpt lat="51.231129951775074" lon="-0.450169974938035">
        <ele>208.32</ele>
      </trkpt>
      <trkpt lat="51.23124511912465" lon="-0.44997467659413815">
        <ele>207.88</ele>
      </trkpt>
      <trkpt lat="51.2313599511981" lon="-0.4497799649834633">
        <ele>207.41</ele>
      </trkpt>
      <trkpt lat="51.231496911495924" lon="-0.44949271716177464">
        <ele>206.92</ele>
      </trkpt>
      <trkpt lat="51.231633787974715" lon="-0.4492055531591177">
        <ele>206.45</ele>
      </trkpt>
      <trkpt lat="51.23176999390125" lon="-0.44891998171806335">
        <ele>205.97</ele>
      </trkpt>
      <trkpt lat="51.23190519399941" lon="-0.4486845340579748">
        <ele>205.51</ele>
      </trkpt>
      <trkpt lat="51.23203997500241" lon="-0.44844992458820343">
        <ele>205.02</ele>
      </trkpt>
      <trkpt lat="51.23214516788721" lon="-0.4482345934957266">
        <ele>204.52</ele>
      </trkpt>
      <trkpt lat="51.232249941676855" lon="-0.44801993295550346">
        <ele>203.99</ele>
      </trkpt>
      <trkpt lat="51.23238991945982" lon="-0.44784994795918465">
        <ele>203.45</ele>
      </trkpt>
      <trkpt lat="51.23246996663511" lon="-0.4477299191057682">
        <ele>202.91</ele>
      </trkpt>
      <trkpt lat="51.23255512677133" lon="-0.447454322129488">
        <ele>202.39</ele>
      </trkpt>
      <trkpt lat="51.23263995163143" lon="-0.4471799824386835">
        <ele>201.87</ele>
      </trkpt>
      <trkpt lat="51.232869951054454" lon="-0.44688996858894825">
        <ele>201.32</ele>
      </trkpt>
      <trkpt lat="51.23294999822974" lon="-0.4467099253088236">
        <ele>200.75</ele>
      </trkpt>
      <trkpt lat="51.233019987121224" lon="-0.44633994810283184">
        <ele>200.25</ele>
      </trkpt>
      <trkpt lat="51.23305996879935" lon="-0.4459699708968401">
        <ele>199.75</ele>
      </trkpt>
      <trkpt lat="51.23304236680269" lon="-0.4455562401562929">
        <ele>199.22</ele>
      </trkpt>
      <trkpt lat="51.233024932444096" lon="-0.4451449401676655">
        <ele>198.56</ele>
      </trkpt>
      <trkpt lat="51.23300741426647" lon="-0.44473129324615">
        <ele>197.9</ele>
      </trkpt>
      <trkpt lat="51.23298997990787" lon="-0.4443199932575226">
        <ele>197.28</ele>
      </trkpt>
      <trkpt lat="51.232999954372644" lon="-0.443863682448864">
        <ele>196.71</ele>
      </trkpt>
      <trkpt lat="51.23300992883742" lon="-0.44340997003018856">
        <ele>196.17</ele>
      </trkpt>
      <trkpt lat="51.232979921624064" lon="-0.4430099856108427">
        <ele>195.65</ele>
      </trkpt>
      <trkpt lat="51.232939939945936" lon="-0.4427899606525898">
        <ele>195.22</ele>
      </trkpt>
      <trkpt lat="51.23290984891355" lon="-0.44248410500586033">
        <ele>194.8</ele>
      </trkpt>
      <trkpt lat="51.23287992551923" lon="-0.44217992573976517">
        <ele>194.46</ele>
      </trkpt>
      <trkpt lat="51.23276995494962" lon="-0.44173995964229107">
        <ele>194.24</ele>
      </trkpt>
      <trkpt lat="51.23265411704779" lon="-0.44139361940324306">
        <ele>194.21</ele>
      </trkpt>
      <trkpt lat="51.232538279145956" lon="-0.44104719534516335">
        <ele>194.24</ele>
      </trkpt>
      <trkpt lat="51.23242327943444" lon="-0.4407032858580351">
        <ele>194.36</ele>
      </trkpt>
      <trkpt lat="51.23230744153261" lon="-0.4403569456189871">
        <ele>194.57</ele>
      </trkpt>
      <trkpt lat="51.23219168744981" lon="-0.4400106053799391">
        <ele>194.8</ele>
      </trkpt>
      <trkpt lat="51.2320766877383" lon="-0.4396666958928108">
        <ele>195.17</ele>
      </trkpt>
      <trkpt lat="51.23196084983647" lon="-0.4393202718347311">
        <ele>195.6</ele>
      </trkpt>
      <trkpt lat="51.23184501193464" lon="-0.4389739315956831">
        <ele>195.99</ele>
      </trkpt>
      <trkpt lat="51.23172992840409" lon="-0.4386299382895231">
        <ele>196.38</ele>
      </trkpt>
      <trkpt lat="51.23160713352263" lon="-0.43817379511892796">
        <ele>196.73</ele>
      </trkpt>
      <trkpt lat="51.23148492537439" lon="-0.4377199988812208">
        <ele>197.29</ele>
      </trkpt>
      <trkpt lat="51.231362130492926" lon="-0.43726385571062565">
        <ele>197.92</ele>
      </trkpt>
      <trkpt lat="51.231239922344685" lon="-0.4368099756538868">
        <ele>198.5</ele>
      </trkpt>
      <trkpt lat="51.23115476220846" lon="-0.4364690836519003">
        <ele>199.16</ele>
      </trkpt>
      <trkpt lat="51.231069937348366" lon="-0.4361299518495798">
        <ele>199.84</ele>
      </trkpt>
      <trkpt lat="51.23099642805755" lon="-0.4357406124472618">
        <ele>200.65</ele>
      </trkpt>
      <trkpt lat="51.23092291876674" lon="-0.4353511892259121">
        <ele>201.37</ele>
      </trkpt>
      <trkpt lat="51.230849996209145" lon="-0.43496495112776756">
        <ele>201.99</ele>
      </trkpt>
      <trkpt lat="51.2307764030993" lon="-0.43457561172544956">
        <ele>202.62</ele>
      </trkpt>
      <trkpt lat="51.230702893808484" lon="-0.43418618850409985">
        <ele>203.18</ele>
      </trkpt>
      <trkpt lat="51.23062997125089" lon="-0.4337999504059553">
        <ele>203.73</ele>
      </trkpt>
      <trkpt lat="51.23056995682418" lon="-0.43367992155253887">
        <ele>204.19</ele>
      </trkpt>
      <trkpt lat="51.23046996071935" lon="-0.43355997651815414">
        <ele>204.62</ele>
      </trkpt>
      <trkpt lat="51.23032998293638" lon="-0.4333299770951271">
        <ele>205.02</ele>
      </trkpt>
      <trkpt lat="51.23027994297445" lon="-0.433299969881773">
        <ele>205.36</ele>
      </trkpt>
      <trkpt lat="51.23003653250635" lon="-0.43325998820364475">
        <ele>205.57</ele>
      </trkpt>
      <trkpt lat="51.229793122038245" lon="-0.4332199227064848">
        <ele>205.74</ele>
      </trkpt>
      <trkpt lat="51.22954996302724" lon="-0.43317994102835655">
        <ele>205.89</ele>
      </trkpt>
      <trkpt lat="51.229394813999534" lon="-0.43304482474923134">
        <ele>206.09</ele>
      </trkpt>
      <trkpt lat="51.229239916428924" lon="-0.43290995992720127">
        <ele>206.4</ele>
      </trkpt>
      <trkpt lat="51.2290099170059" lon="-0.4327599238604307">
        <ele>206.72</ele>
      </trkpt>
      <trkpt lat="51.22885996475816" lon="-0.4325899388641119">
        <ele>207.02</ele>
      </trkpt>
      <trkpt lat="51.22862979769707" lon="-0.43244484812021255">
        <ele>207.36</ele>
      </trkpt>
      <trkpt lat="51.228399965912104" lon="-0.43229992501437664">
        <ele>207.72</ele>
      </trkpt>
      <trkpt lat="51.22819469310343" lon="-0.43199951760470867">
        <ele>208.2</ele>
      </trkpt>
      <trkpt lat="51.22798992320895" lon="-0.43169994838535786">
        <ele>208.61</ele>
      </trkpt>
      <trkpt lat="51.22782471589744" lon="-0.43141446076333523">
        <ele>208.88</ele>
      </trkpt>
      <trkpt lat="51.22765992768109" lon="-0.4311299789696932">
        <ele>209.11</ele>
      </trkpt>
      <trkpt lat="51.227534702047706" lon="-0.43082932010293007">
        <ele>209.32</ele>
      </trkpt>
      <trkpt lat="51.22740997932851" lon="-0.4305299185216427">
        <ele>209.55</ele>
      </trkpt>
      <trkpt lat="51.22739992104471" lon="-0.43034995906054974">
        <ele>209.85</ele>
      </trkpt>
      <trkpt lat="51.22742992825806" lon="-0.43012993410229683">
        <ele>210.19</ele>
      </trkpt>
      <trkpt lat="51.22740989550948" lon="-0.42984914034605026">
        <ele>210.5</ele>
      </trkpt>
      <trkpt lat="51.22738994657993" lon="-0.4295699391514063">
        <ele>210.83</ele>
      </trkpt>
      <trkpt lat="51.22742992825806" lon="-0.42936994694173336">
        <ele>211.21</ele>
      </trkpt>
      <trkpt lat="51.22754517942667" lon="-0.4290642589330673">
        <ele>211.66</ele>
      </trkpt>
      <trkpt lat="51.22765992768109" lon="-0.42875999584794044">
        <ele>212.14</ele>
      </trkpt>
      <trkpt lat="51.227799989283085" lon="-0.4285299964249134">
        <ele>212.63</ele>
      </trkpt>
      <trkpt lat="51.22782999649644" lon="-0.42840996757149696">
        <ele>213.03</ele>
      </trkpt>
      <trkpt lat="51.22785002924502" lon="-0.42809908278286457">
        <ele>213.44</ele>
      </trkpt>
      <trkpt lat="51.22786997817457" lon="-0.4277899581938982">
        <ele>213.81</ele>
      </trkpt>
      <trkpt lat="51.227929992601275" lon="-0.42736994102597237">
        <ele>214.15</ele>
      </trkpt>
      <trkpt lat="51.227909959852695" lon="-0.427069952711463">
        <ele>214.43</ele>
      </trkpt>
      <trkpt lat="51.22783645056188" lon="-0.4266655258834362">
        <ele>214.63</ele>
      </trkpt>
      <trkpt lat="51.22776294127107" lon="-0.42626109905540943">
        <ele>214.88</ele>
      </trkpt>
      <trkpt lat="51.22768993489444" lon="-0.42585994116961956">
        <ele>215.12</ele>
      </trkpt>
      <trkpt lat="51.22772991657257" lon="-0.4255099967122078">
        <ele>215.38</ele>
      </trkpt>
      <trkpt lat="51.22772991657257" lon="-0.4253799933940172">
        <ele>215.66</ele>
      </trkpt>
      <trkpt lat="51.22762966901064" lon="-0.42497397400438786">
        <ele>215.74</ele>
      </trkpt>
      <trkpt lat="51.2275299243629" lon="-0.42456996627151966">
        <ele>215.97</ele>
      </trkpt>
      <trkpt lat="51.22748985886574" lon="-0.4242691397666931">
        <ele>216.26</ele>
      </trkpt>
      <trkpt lat="51.22744996100664" lon="-0.4239699896425009">
        <ele>216.56</ele>
      </trkpt>
      <trkpt lat="51.22744996100664" lon="-0.42387996800243855">
        <ele>216.81</ele>
      </trkpt>
      <trkpt lat="51.227563535794616" lon="-0.4235759563744068">
        <ele>217.13</ele>
      </trkpt>
      <trkpt lat="51.22767711058259" lon="-0.4232719447463751">
        <ele>217.43</ele>
      </trkpt>
      <trkpt lat="51.22778993099928" lon="-0.4229699447751045">
        <ele>217.65</ele>
      </trkpt>
      <trkpt lat="51.227799989283085" lon="-0.4227499198168516">
        <ele>217.74</ele>
      </trkpt>
      <trkpt lat="51.22785991989076" lon="-0.4224699642509222">
        <ele>217.84</ele>
      </trkpt>
      <trkpt lat="51.22797994874418" lon="-0.42209998704493046">
        <ele>217.86</ele>
      </trkpt>
      <trkpt lat="51.22808991931379" lon="-0.42184995487332344">
        <ele>217.84</ele>
      </trkpt>
      <trkpt lat="51.2281499337405" lon="-0.42152993381023407">
        <ele>217.75</ele>
      </trkpt>
      <trkpt lat="51.22804993763566" lon="-0.42118996381759644">
        <ele>217.47</ele>
      </trkpt>
      <trkpt lat="51.227949941530824" lon="-0.4210399277508259">
        <ele>217.08</ele>
      </trkpt>
      <trkpt lat="51.227829745039344" lon="-0.42075435630977154">
        <ele>216.57</ele>
      </trkpt>
      <trkpt lat="51.22770996764302" lon="-0.4204699583351612">
        <ele>215.92</ele>
      </trkpt>
      <trkpt lat="51.227554734796286" lon="-0.42025462724268436">
        <ele>215.09</ele>
      </trkpt>
      <trkpt lat="51.22739992104471" lon="-0.42003996670246124">
        <ele>214.19</ele>
      </trkpt>
      <trkpt lat="51.22718995437026" lon="-0.41968993842601776">
        <ele>213.16</ele>
      </trkpt>
      <trkpt lat="51.22717495076358" lon="-0.4194141738116741">
        <ele>212.38</ele>
      </trkpt>
      <trkpt lat="51.227159947156906" lon="-0.41913991793990135">
        <ele>211.56</ele>
      </trkpt>
      <trkpt lat="51.2270999327302" lon="-0.418659970164299">
        <ele>210.49</ele>
      </trkpt>
      <trkpt lat="51.227109991014004" lon="-0.4181899968534708">
        <ele>209.59</ele>
      </trkpt>
      <trkpt lat="51.22708492912352" lon="-0.4178589954972267">
        <ele>208.63</ele>
      </trkpt>
      <trkpt lat="51.22705995105207" lon="-0.4175299219787121">
        <ele>207.68</ele>
      </trkpt>
      <trkpt lat="51.22709255665541" lon="-0.41711376048624516">
        <ele>206.75</ele>
      </trkpt>
      <trkpt lat="51.22712499462068" lon="-0.41669994592666626">
        <ele>205.81</ele>
      </trkpt>
      <trkpt lat="51.227157516404986" lon="-0.41628378443419933">
        <ele>204.81</ele>
      </trkpt>
      <trkpt lat="51.22718995437026" lon="-0.41586996987462044">
        <ele>203.91</ele>
      </trkpt>
      <trkpt lat="51.22718995437026" lon="-0.4154999926686287">
        <ele>203.01</ele>
      </trkpt>
      <trkpt lat="51.227159863337874" lon="-0.41520411148667336">
        <ele>202.05</ele>
      </trkpt>
      <trkpt lat="51.22712993994355" lon="-0.41490999050438404">
        <ele>201.11</ele>
      </trkpt>
      <trkpt lat="51.227150056511164" lon="-0.41453389450907707">
        <ele>200.25</ele>
      </trkpt>
      <trkpt lat="51.22716992162168" lon="-0.4141599778085947">
        <ele>199.47</ele>
      </trkpt>
      <trkpt lat="51.22722507454455" lon="-0.41388421319425106">
        <ele>198.76</ele>
      </trkpt>
      <trkpt lat="51.22727997601032" lon="-0.4136099573224783">
        <ele>198.1</ele>
      </trkpt>
      <trkpt lat="51.22729992493987" lon="-0.4131399840116501">
        <ele>197.47</ele>
      </trkpt>
      <trkpt lat="51.2272899504751" lon="-0.4128390736877918">
        <ele>196.83</ele>
      </trkpt>
      <trkpt lat="51.22727997601032" lon="-0.4125399235635996">
        <ele>196.22</ele>
      </trkpt>
      <trkpt lat="51.22719976119697" lon="-0.4121038131415844">
        <ele>195.49</ele>
      </trkpt>
      <trkpt lat="51.22711996547878" lon="-0.4116699658334255">
        <ele>194.77</ele>
      </trkpt>
      <trkpt lat="51.22709657996893" lon="-0.41124039329588413">
        <ele>194.14</ele>
      </trkpt>
      <trkpt lat="51.22707319445908" lon="-0.41081082075834274">
        <ele>193.55</ele>
      </trkpt>
      <trkpt lat="51.227049976587296" lon="-0.41038493625819683">
        <ele>193.13</ele>
      </trkpt>
      <trkpt lat="51.22702659107745" lon="-0.40995536372065544">
        <ele>192.71</ele>
      </trkpt>
      <trkpt lat="51.22700312174857" lon="-0.40952587500214577">
        <ele>192.34</ele>
      </trkpt>
      <trkpt lat="51.22697998769581" lon="-0.40909999050199986">
        <ele>192.05</ele>
      </trkpt>
      <trkpt lat="51.22697998769581" lon="-0.40885993279516697">
        <ele>191.8</ele>
      </trkpt>
      <trkpt lat="51.227145195007324" lon="-0.408614594489336">
        <ele>191.86</ele>
      </trkpt>
      <trkpt lat="51.22730998322368" lon="-0.4083699267357588">
        <ele>191.88</ele>
      </trkpt>
      <trkpt lat="51.22740997932851" lon="-0.4080399312078953">
        <ele>191.9</ele>
      </trkpt>
      <trkpt lat="51.22741995379329" lon="-0.40770398452878">
        <ele>191.86</ele>
      </trkpt>
      <trkpt lat="51.22742992825806" lon="-0.40736996568739414">
        <ele>191.83</ele>
      </trkpt>
      <trkpt lat="51.22757996432483" lon="-0.40706997737288475">
        <ele>191.93</ele>
      </trkpt>
      <trkpt lat="51.227539982646704" lon="-0.4069199413061142">
        <ele>191.89</ele>
      </trkpt>
      <trkpt lat="51.22739992104471" lon="-0.4066999163478613">
        <ele>191.74</ele>
      </trkpt>
      <trkpt lat="51.22727997601032" lon="-0.4065999202430248">
        <ele>191.62</ele>
      </trkpt>
      <trkpt lat="51.227159947156906" lon="-0.4065999202430248">
        <ele>191.54</ele>
      </trkpt>
      <trkpt lat="51.2270999327302" lon="-0.406679967418313">
        <ele>191.55</ele>
      </trkpt>
      <trkpt lat="51.227069925516844" lon="-0.4066199529916048">
        <ele>191.57</ele>
      </trkpt>
      <trkpt lat="51.22705995105207" lon="-0.406449967995286">
        <ele>191.59</ele>
      </trkpt>
      <trkpt lat="51.227199928835034" lon="-0.4061499796807766">
        <ele>191.78</ele>
      </trkpt>
      <trkpt lat="51.22738525271416" lon="-0.405844459310174">
        <ele>192.03</ele>
      </trkpt>
      <trkpt lat="51.22756998986006" lon="-0.40553994476795197">
        <ele>192.32</ele>
      </trkpt>
      <trkpt lat="51.22775682248175" lon="-0.405336432158947">
        <ele>192.65</ele>
      </trkpt>
      <trkpt lat="51.227943655103445" lon="-0.4051328357309103">
        <ele>192.97</ele>
      </trkpt>
      <trkpt lat="51.22812998481095" lon="-0.40492999367415905">
        <ele>193.2</ele>
      </trkpt>
      <trkpt lat="51.228262754157186" lon="-0.404624305665493">
        <ele>193.32</ele>
      </trkpt>
      <trkpt lat="51.2283949367702" lon="-0.4043199587613344">
        <ele>193.41</ele>
      </trkpt>
      <trkpt lat="51.22852770611644" lon="-0.4040143545717001">
        <ele>193.5</ele>
      </trkpt>
      <trkpt lat="51.228659972548485" lon="-0.4037099238485098">
        <ele>193.72</ele>
      </trkpt>
      <trkpt lat="51.228755777701735" lon="-0.40338361635804176">
        <ele>193.92</ele>
      </trkpt>
      <trkpt lat="51.228851582854986" lon="-0.403057225048542">
        <ele>194.06</ele>
      </trkpt>
      <trkpt lat="51.22894663363695" lon="-0.40273326449096203">
        <ele>194.23</ele>
      </trkpt>
      <trkpt lat="51.2290424387902" lon="-0.402406957000494">
        <ele>194.38</ele>
      </trkpt>
      <trkpt lat="51.22913816012442" lon="-0.402080649510026">
        <ele>194.59</ele>
      </trkpt>
      <trkpt lat="51.22923329472542" lon="-0.401756688952446">
        <ele>194.83</ele>
      </trkpt>
      <trkpt lat="51.22932901605964" lon="-0.40143029764294624">
        <ele>195.04</ele>
      </trkpt>
      <trkpt lat="51.22942482121289" lon="-0.4011039901524782">
        <ele>195.31</ele>
      </trkpt>
      <trkpt lat="51.229519955813885" lon="-0.4007799457758665">
        <ele>195.67</ele>
      </trkpt>
      <trkpt lat="51.22963520698249" lon="-0.40044919587671757">
        <ele>196.03</ele>
      </trkpt>
      <trkpt lat="51.22974995523691" lon="-0.4001199547201395">
        <ele>196.4</ele>
      </trkpt>
      <trkpt lat="51.22987023554742" lon="-0.39969390258193016">
        <ele>196.79</ele>
      </trkpt>
      <trkpt lat="51.22998992912471" lon="-0.3992699459195137">
        <ele>197.28</ele>
      </trkpt>
      <trkpt lat="51.230066791176796" lon="-0.3989056684076786">
        <ele>197.75</ele>
      </trkpt>
      <trkpt lat="51.23014365322888" lon="-0.3985413908958435">
        <ele>198.33</ele>
      </trkpt>
      <trkpt lat="51.23021992854774" lon="-0.39817996323108673">
        <ele>198.88</ele>
      </trkpt>
      <trkpt lat="51.230305172502995" lon="-0.397834125906229">
        <ele>199.45</ele>
      </trkpt>
      <trkpt lat="51.23038999736309" lon="-0.3974899649620056">
        <ele>200.04</ele>
      </trkpt>
      <trkpt lat="51.230613542720675" lon="-0.3972296230494976">
        <ele>200.87</ele>
      </trkpt>
      <trkpt lat="51.23083717189729" lon="-0.3969693649560213">
        <ele>201.61</ele>
      </trkpt>
      <trkpt lat="51.23105996288359" lon="-0.39670994505286217">
        <ele>202.3</ele>
      </trkpt>
      <trkpt lat="51.23126523569226" lon="-0.39645966142416">
        <ele>202.99</ele>
      </trkpt>
      <trkpt lat="51.23146992176771" lon="-0.39620996452867985">
        <ele>203.65</ele>
      </trkpt>
      <trkpt lat="51.231640158221126" lon="-0.3960448410362005">
        <ele>204.34</ele>
      </trkpt>
      <trkpt lat="51.23180997557938" lon="-0.39587996900081635">
        <ele>205.01</ele>
      </trkpt>
      <trkpt lat="51.23206998221576" lon="-0.39565994404256344">
        <ele>205.69</ele>
      </trkpt>
      <trkpt lat="51.23220995999873" lon="-0.3954499773681164">
        <ele>206.22</ele>
      </trkpt>
      <trkpt lat="51.23236007988453" lon="-0.39555500261485577">
        <ele>207.02</ele>
      </trkpt>
      <trkpt lat="51.232509948313236" lon="-0.39565994404256344">
        <ele>207.82</ele>
      </trkpt>
      <trkpt lat="51.23267004266381" lon="-0.3957249876111746">
        <ele>208.54</ele>
      </trkpt>
      <trkpt lat="51.232829969376326" lon="-0.395789947360754">
        <ele>209.23</ele>
      </trkpt>
      <trkpt lat="51.233109924942255" lon="-0.39584996178746223">
        <ele>209.89</ele>
      </trkpt>
      <trkpt lat="51.233409997075796" lon="-0.39584996178746223">
        <ele>210.48</ele>
      </trkpt>
      <trkpt lat="51.23351996764541" lon="-0.39570998400449753">
        <ele>210.8</ele>
      </trkpt>
      <trkpt lat="51.2336499709636" lon="-0.3954599518328905">
        <ele>210.93</ele>
      </trkpt>
      <trkpt lat="51.23386999592185" lon="-0.3952099196612835">
        <ele>211.04</ele>
      </trkpt>
      <trkpt lat="51.234009973704815" lon="-0.3950999490916729">
        <ele>211.15</ele>
      </trkpt>
      <trkpt lat="51.234260089695454" lon="-0.3949198219925165">
        <ele>211.16</ele>
      </trkpt>
      <trkpt lat="51.234509954229" lon="-0.3947399463504553">
        <ele>211.07</ele>
      </trkpt>
      <trkpt lat="51.234569968655705" lon="-0.39466995745897293">
        <ele>210.87</ele>
      </trkpt>
      <trkpt lat="51.23472997918725" lon="-0.39437994360923767">
        <ele>210.46</ele>
      </trkpt>
      <trkpt lat="51.234759986400604" lon="-0.39423996582627296">
        <ele>210.02</ele>
      </trkpt>
      <trkpt lat="51.234759986400604" lon="-0.3939499519765377">
        <ele>209.39</ele>
      </trkpt>
      <trkpt lat="51.23483994975686" lon="-0.393559942021966">
        <ele>208.9</ele>
      </trkpt>
      <trkpt lat="51.234849924221635" lon="-0.39337998256087303">
        <ele>208.41</ele>
      </trkpt>
      <trkpt lat="51.23482997529209" lon="-0.3930699359625578">
        <ele>207.83</ele>
      </trkpt>
      <trkpt lat="51.23478479683399" lon="-0.3927640803158283">
        <ele>207.2</ele>
      </trkpt>
      <trkpt lat="51.234739953652024" lon="-0.3924599848687649">
        <ele>206.57</ele>
      </trkpt>
      <trkpt lat="51.23471489176154" lon="-0.39216913282871246">
        <ele>205.9</ele>
      </trkpt>
      <trkpt lat="51.23468999750912" lon="-0.39187995716929436">
        <ele>205.21</ele>
      </trkpt>
      <trkpt lat="51.2347050011158" lon="-0.3916292544454336">
        <ele>204.58</ele>
      </trkpt>
      <trkpt lat="51.234719920903444" lon="-0.39137997664511204">
        <ele>203.88</ele>
      </trkpt>
      <trkpt lat="51.234763422980905" lon="-0.39104570634663105">
        <ele>203.23</ele>
      </trkpt>
      <trkpt lat="51.23480684123933" lon="-0.39071143604815006">
        <ele>202.63</ele>
      </trkpt>
      <trkpt lat="51.234849924221635" lon="-0.3903799317777157">
        <ele>202.08</ele>
      </trkpt>
      <trkpt lat="51.234829891473055" lon="-0.3899921849370003">
        <ele>201.31</ele>
      </trkpt>
      <trkpt lat="51.234809858724475" lon="-0.38960443809628487">
        <ele>200.54</ele>
      </trkpt>
      <trkpt lat="51.23478999361396" lon="-0.38921996019780636">
        <ele>199.82</ele>
      </trkpt>
      <trkpt lat="51.23480994254351" lon="-0.38910998962819576">
        <ele>199.18</ele>
      </trkpt>
      <trkpt lat="51.234920248389244" lon="-0.3887340612709522">
        <ele>198.69</ele>
      </trkpt>
      <trkpt lat="51.23502996750176" lon="-0.3883599769324064">
        <ele>197.99</ele>
      </trkpt>
      <trkpt lat="51.235140189528465" lon="-0.3879840485751629">
        <ele>197.2</ele>
      </trkpt>
      <trkpt lat="51.23524999246001" lon="-0.3876099642366171">
        <ele>196.48</ele>
      </trkpt>
      <trkpt lat="51.23536272905767" lon="-0.3871788829565048">
        <ele>195.82</ele>
      </trkpt>
      <trkpt lat="51.23547496274114" lon="-0.38674998097121716">
        <ele>195.24</ele>
      </trkpt>
      <trkpt lat="51.235587699338794" lon="-0.3863188996911049">
        <ele>194.5</ele>
      </trkpt>
      <trkpt lat="51.23569993302226" lon="-0.3858899977058172">
        <ele>193.8</ele>
      </trkpt>
      <trkpt lat="51.235816860571504" lon="-0.38553577847778797">
        <ele>193.16</ele>
      </trkpt>
      <trkpt lat="51.23593387193978" lon="-0.38518164306879044">
        <ele>192.69</ele>
      </trkpt>
      <trkpt lat="51.236049961298704" lon="-0.38482993841171265">
        <ele>192.18</ele>
      </trkpt>
      <trkpt lat="51.23618273064494" lon="-0.3844490647315979">
        <ele>191.66</ele>
      </trkpt>
      <trkpt lat="51.23631499707699" lon="-0.3840699512511492">
        <ele>191.37</ele>
      </trkpt>
      <trkpt lat="51.236447766423225" lon="-0.38368907757103443">
        <ele>191.11</ele>
      </trkpt>
      <trkpt lat="51.23657994903624" lon="-0.3833099640905857">
        <ele>190.89</ele>
      </trkpt>
      <trkpt lat="51.236665192991495" lon="-0.38304434157907963">
        <ele>190.73</ele>
      </trkpt>
      <trkpt lat="51.23674993403256" lon="-0.3827799763530493">
        <ele>190.67</ele>
      </trkpt>
      <trkpt lat="51.2368599884212" lon="-0.38255995139479637">
        <ele>190.72</ele>
      </trkpt>
      <trkpt lat="51.23695998452604" lon="-0.3822899702936411">
        <ele>190.81</ele>
      </trkpt>
      <trkpt lat="51.237115217372775" lon="-0.38200448267161846">
        <ele>191.11</ele>
      </trkpt>
      <trkpt lat="51.23726994730532" lon="-0.3817199170589447">
        <ele>191.4</ele>
      </trkpt>
      <trkpt lat="51.23744026757777" lon="-0.38133585825562477">
        <ele>191.67</ele>
      </trkpt>
      <trkpt lat="51.237610671669245" lon="-0.38095179945230484">
        <ele>192.02</ele>
      </trkpt>
      <trkpt lat="51.23777998611331" lon="-0.3805699199438095">
        <ele>192.42</ele>
      </trkpt>
      <trkpt lat="51.237930273637176" lon="-0.3801690973341465">
        <ele>192.82</ele>
      </trkpt>
      <trkpt lat="51.23807997442782" lon="-0.3797699511051178">
        <ele>193.32</ele>
      </trkpt>
      <trkpt lat="51.238230261951685" lon="-0.3793691284954548">
        <ele>193.99</ele>
      </trkpt>
      <trkpt lat="51.23837996274233" lon="-0.3789699822664261">
        <ele>194.58</ele>
      </trkpt>
      <trkpt lat="51.23846017755568" lon="-0.37873947992920876">
        <ele>195.05</ele>
      </trkpt>
      <trkpt lat="51.23853997327387" lon="-0.378509983420372">
        <ele>195.49</ele>
      </trkpt>
      <trkpt lat="51.23863996937871" lon="-0.3782699257135391">
        <ele>195.93</ele>
      </trkpt>
      <trkpt lat="51.23868506401777" lon="-0.37793900817632675">
        <ele>196.31</ele>
      </trkpt>
      <trkpt lat="51.23872999101877" lon="-0.3776099346578121">
        <ele>196.72</ele>
      </trkpt>
      <trkpt lat="51.23882998712361" lon="-0.3772799391299486">
        <ele>197.09</ele>
      </trkpt>
      <trkpt lat="51.23889997601509" lon="-0.37689998745918274">
        <ele>197.36</ele>
      </trkpt>
      <trkpt lat="51.23896015807986" lon="-0.3764754440635443">
        <ele>197.61</ele>
      </trkpt>
      <trkpt lat="51.2390202563256" lon="-0.3760509844869375">
        <ele>197.73</ele>
      </trkpt>
      <trkpt lat="51.239079935476184" lon="-0.3756299614906311">
        <ele>197.76</ele>
      </trkpt>
      <trkpt lat="51.239140117540956" lon="-0.37520550191402435">
        <ele>197.85</ele>
      </trkpt>
      <trkpt lat="51.23920029960573" lon="-0.3747809585183859">
        <ele>197.87</ele>
      </trkpt>
      <trkpt lat="51.23925997875631" lon="-0.37435993552207947">
        <ele>198.02</ele>
      </trkpt>
      <trkpt lat="51.239332649856806" lon="-0.3739964962005615">
        <ele>198.17</ele>
      </trkpt>
      <trkpt lat="51.239404985681176" lon="-0.37363498471677303">
        <ele>198.17</ele>
      </trkpt>
      <trkpt lat="51.23947765678167" lon="-0.3732715453952551">
        <ele>198.05</ele>
      </trkpt>
      <trkpt lat="51.239549992606044" lon="-0.3729099500924349">
        <ele>197.95</ele>
      </trkpt>
      <trkpt lat="51.239590058103204" lon="-0.37254391238093376">
        <ele>197.73</ele>
      </trkpt>
      <trkpt lat="51.2396299559623" lon="-0.3721799701452255">
        <ele>197.5</ele>
      </trkpt>
      <trkpt lat="51.23969349078834" lon="-0.3718374017626047">
        <ele>197.31</ele>
      </trkpt>
      <trkpt lat="51.23975694179535" lon="-0.3714948333799839">
        <ele>197.09</ele>
      </trkpt>
      <trkpt lat="51.2398199737072" lon="-0.371154947206378">
        <ele>196.75</ele>
      </trkpt>
      <trkpt lat="51.23988342471421" lon="-0.37081237882375717">
        <ele>196.33</ele>
      </trkpt>
      <trkpt lat="51.23994695954025" lon="-0.37046981044113636">
        <ele>195.93</ele>
      </trkpt>
      <trkpt lat="51.2400099914521" lon="-0.37012992426753044">
        <ele>195.52</ele>
      </trkpt>
      <trkpt lat="51.24007008969784" lon="-0.36973639391362667">
        <ele>195.13</ele>
      </trkpt>
      <trkpt lat="51.24012993648648" lon="-0.3693449590355158">
        <ele>194.69</ele>
      </trkpt>
      <trkpt lat="51.240190118551254" lon="-0.3689513448625803">
        <ele>194.31</ele>
      </trkpt>
      <trkpt lat="51.2402499653399" lon="-0.36855999380350113">
        <ele>193.92</ele>
      </trkpt>
      <trkpt lat="51.24027997255325" lon="-0.36820996552705765">
        <ele>193.43</ele>
      </trkpt>
      <trkpt lat="51.24025993980467" lon="-0.3677235636860132">
        <ele>192.84</ele>
      </trkpt>
      <trkpt lat="51.240239990875125" lon="-0.3672399278730154">
        <ele>192.35</ele>
      </trkpt>
      <trkpt lat="51.24025750905275" lon="-0.36677364259958267">
        <ele>191.98</ele>
      </trkpt>
      <trkpt lat="51.24027494341135" lon="-0.3663099557161331">
        <ele>191.56</ele>
      </trkpt>
      <trkpt lat="51.24029254540801" lon="-0.36584358662366867">
        <ele>191.31</ele>
      </trkpt>
      <trkpt lat="51.24030997976661" lon="-0.36537998355925083">
        <ele>191.18</ele>
      </trkpt>
      <trkpt lat="51.24030997976661" lon="-0.36511922255158424">
        <ele>190.97</ele>
      </trkpt>
      <trkpt lat="51.24030997976661" lon="-0.36485997028648853">
        <ele>190.79</ele>
      </trkpt>
      <trkpt lat="51.24028994701803" lon="-0.36444992758333683">
        <ele>190.57</ele>
      </trkpt>
      <trkpt lat="51.24054995365441" lon="-0.36417994648218155">
        <ele>190.55</ele>
      </trkpt>
      <trkpt lat="51.240759920328856" lon="-0.36389999091625214">
        <ele>190.5</ele>
      </trkpt>
      <trkpt lat="51.24087994918227" lon="-0.3638099692761898">
        <ele>190.45</ele>
      </trkpt>
      <trkpt lat="51.240929989144206" lon="-0.3637499548494816">
        <ele>190.42</ele>
      </trkpt>
      <trkpt lat="51.240969970822334" lon="-0.3635599371045828">
        <ele>190.38</ele>
      </trkpt>
      <trkpt lat="51.2410599924624" lon="-0.3633099887520075">
        <ele>190.37</ele>
      </trkpt>
      <trkpt lat="51.241099974140525" lon="-0.3632599487900734">
        <ele>190.43</ele>
      </trkpt>
      <trkpt lat="51.24119997024536" lon="-0.36299994215369225">
        <ele>190.5</ele>
      </trkpt>
      <trkpt lat="51.2412600684911" lon="-0.36275435239076614">
        <ele>190.62</ele>
      </trkpt>
      <trkpt lat="51.24131999909878" lon="-0.36250993609428406">
        <ele>190.83</ele>
      </trkpt>
      <trkpt lat="51.24144522473216" lon="-0.3621616680175066">
        <ele>191.03</ele>
      </trkpt>
      <trkpt lat="51.24156994745135" lon="-0.36181499250233173">
        <ele>191.19</ele>
      </trkpt>
      <trkpt lat="51.24169525690377" lon="-0.3614667244255543">
        <ele>191.28</ele>
      </trkpt>
      <trkpt lat="51.24181997962296" lon="-0.3611199650913477">
        <ele>191.27</ele>
      </trkpt>
      <trkpt lat="51.241809921339154" lon="-0.3611499723047018">
        <ele>191.35</ele>
      </trkpt>
      <trkpt lat="51.24194520525634" lon="-0.3608493972569704">
        <ele>191.39</ele>
      </trkpt>
      <trkpt lat="51.24207998625934" lon="-0.360549995675683">
        <ele>191.39</ele>
      </trkpt>
      <trkpt lat="51.24218685552478" lon="-0.36020918749272823">
        <ele>191.39</ele>
      </trkpt>
      <trkpt lat="51.24229380860925" lon="-0.35986837930977345">
        <ele>191.38</ele>
      </trkpt>
      <trkpt lat="51.2423999235034" lon="-0.3595299180597067">
        <ele>191.36</ele>
      </trkpt>
      <trkpt lat="51.24248684383929" lon="-0.35919581539928913">
        <ele>191.4</ele>
      </trkpt>
      <trkpt lat="51.24257376417518" lon="-0.35886162891983986">
        <ele>191.42</ele>
      </trkpt>
      <trkpt lat="51.24265993013978" lon="-0.35852995701134205">
        <ele>191.4</ele>
      </trkpt>
      <trkpt lat="51.24274685047567" lon="-0.3581957705318928">
        <ele>191.32</ele>
      </trkpt>
      <trkpt lat="51.242833686992526" lon="-0.3578616678714752">
        <ele>191.15</ele>
      </trkpt>
      <trkpt lat="51.24291993677616" lon="-0.3575299959629774">
        <ele>190.96</ele>
      </trkpt>
      <trkpt lat="51.24295991845429" lon="-0.35721994936466217">
        <ele>190.75</ele>
      </trkpt>
      <trkpt lat="51.24299671500921" lon="-0.3567452821880579">
        <ele>190.5</ele>
      </trkpt>
      <trkpt lat="51.243033511564136" lon="-0.35627061501145363">
        <ele>190.29</ele>
      </trkpt>
      <trkpt lat="51.24306997284293" lon="-0.3557999711483717">
        <ele>190.06</ele>
      </trkpt>
      <trkpt lat="51.2431200966239" lon="-0.35544902086257935">
        <ele>189.86</ele>
      </trkpt>
      <trkpt lat="51.24317022040486" lon="-0.355098070576787">
        <ele>189.69</ele>
      </trkpt>
      <trkpt lat="51.24321992509067" lon="-0.35474997013807297">
        <ele>189.51</ele>
      </trkpt>
      <trkpt lat="51.24331019818783" lon="-0.3543422743678093">
        <ele>189.21</ele>
      </trkpt>
      <trkpt lat="51.243400387465954" lon="-0.3539344947785139">
        <ele>188.88</ele>
      </trkpt>
      <trkpt lat="51.24348999001086" lon="-0.3535299841314554">
        <ele>188.49</ele>
      </trkpt>
      <trkpt lat="51.243549920618534" lon="-0.3533299919217825">
        <ele>188.12</ele>
      </trkpt>
      <trkpt lat="51.24353994615376" lon="-0.35320996306836605">
        <ele>187.75</ele>
      </trkpt>
      <trkpt lat="51.243569953367114" lon="-0.3530799597501755">
        <ele>187.36</ele>
      </trkpt>
      <trkpt lat="51.243690149858594" lon="-0.35286462865769863">
        <ele>186.91</ele>
      </trkpt>
      <trkpt lat="51.243809927254915" lon="-0.3526499681174755">
        <ele>186.44</ele>
      </trkpt>
      <trkpt lat="51.24375997111201" lon="-0.3525999281555414">
        <ele>185.95</ele>
      </trkpt>
      <trkpt lat="51.2435482442379" lon="-0.3525366447865963">
        <ele>185.39</ele>
      </trkpt>
      <trkpt lat="51.24333651736379" lon="-0.35247327759861946">
        <ele>184.81</ele>
      </trkpt>
      <trkpt lat="51.24312495812774" lon="-0.35240999422967434">
        <ele>184.18</ele>
      </trkpt>
      <trkpt lat="51.242913231253624" lon="-0.3523466270416975">
        <ele>183.49</ele>
      </trkpt>
      <trkpt lat="51.24270150437951" lon="-0.35228325985372066">
        <ele>182.75</ele>
      </trkpt>
      <trkpt lat="51.24248994514346" lon="-0.35221997648477554">
        <ele>181.93</ele>
      </trkpt>
      <trkpt lat="51.24224997125566" lon="-0.3520499914884567">
        <ele>181.11</ele>
      </trkpt>
      <trkpt lat="51.24220998957753" lon="-0.352069940418005">
        <ele>180.25</ele>
      </trkpt>
      <trkpt lat="51.24230998568237" lon="-0.3517099376767874">
        <ele>179.29</ele>
      </trkpt>
      <trkpt lat="51.2423499673605" lon="-0.35153995268046856">
        <ele>178.31</ele>
      </trkpt>
      <trkpt lat="51.24241995625198" lon="-0.3513599932193756">
        <ele>177.28</ele>
      </trkpt>
      <trkpt lat="51.24257527291775" lon="-0.35106947645545006">
        <ele>176.18</ele>
      </trkpt>
      <trkpt lat="51.24272991903126" lon="-0.3507799655199051">
        <ele>175.12</ele>
      </trkpt>
      <trkpt lat="51.24281516298652" lon="-0.3505544923245907">
        <ele>173.88</ele>
      </trkpt>
      <trkpt lat="51.24289998784661" lon="-0.35032994113862514">
        <ele>172.58</ele>
      </trkpt>
      <trkpt lat="51.24295991845429" lon="-0.35013992339372635">
        <ele>171.22</ele>
      </trkpt>
      <trkpt lat="51.24301012605429" lon="-0.3498341515660286">
        <ele>169.76</ele>
      </trkpt>
      <trkpt lat="51.24305999837816" lon="-0.34952997229993343">
        <ele>168.29</ele>
      </trkpt>
      <trkpt lat="51.24310995452106" lon="-0.3491099551320076">
        <ele>166.79</ele>
      </trkpt>
      <trkpt lat="51.243117498233914" lon="-0.34867619164288044">
        <ele>165.27</ele>
      </trkpt>
      <trkpt lat="51.24312495812774" lon="-0.34824494272470474">
        <ele>163.76</ele>
      </trkpt>
      <trkpt lat="51.24313250184059" lon="-0.3478111792355776">
        <ele>162.22</ele>
      </trkpt>
      <trkpt lat="51.243139961734414" lon="-0.3473799303174019">
        <ele>160.71</ele>
      </trkpt>
      <trkpt lat="51.24315002001822" lon="-0.347119253128767">
        <ele>159.2</ele>
      </trkpt>
      <trkpt lat="51.243159994482994" lon="-0.3468599170446396">
        <ele>157.69</ele>
      </trkpt>
      <trkpt lat="51.24318991787732" lon="-0.3465299215167761">
        <ele>156.22</ele>
      </trkpt>
      <trkpt lat="51.24328354373574" lon="-0.34608878195285797">
        <ele>154.87</ele>
      </trkpt>
      <trkpt lat="51.24337708577514" lon="-0.34564764238893986">
        <ele>153.4</ele>
      </trkpt>
      <trkpt lat="51.24346995726228" lon="-0.3452099394053221">
        <ele>151.94</ele>
      </trkpt>
      <trkpt lat="51.24352343380451" lon="-0.3448522835969925">
        <ele>150.56</ele>
      </trkpt>
      <trkpt lat="51.243576910346746" lon="-0.3444947116076946">
        <ele>149.17</ele>
      </trkpt>
      <trkpt lat="51.24362996779382" lon="-0.3441399894654751">
        <ele>147.84</ele>
      </trkpt>
      <trkpt lat="51.243679923936725" lon="-0.34369993954896927">
        <ele>146.65</ele>
      </trkpt>
      <trkpt lat="51.24370666220784" lon="-0.3432921599596739">
        <ele>145.45</ele>
      </trkpt>
      <trkpt lat="51.24373348429799" lon="-0.3428842965513468">
        <ele>144.29</ele>
      </trkpt>
      <trkpt lat="51.24375997111201" lon="-0.3424799535423517">
        <ele>143.08</ele>
      </trkpt>
      <trkpt lat="51.243825098499656" lon="-0.342013668268919">
        <ele>142.0</ele>
      </trkpt>
      <trkpt lat="51.2438899744302" lon="-0.34154998138546944">
        <ele>140.93</ele>
      </trkpt>
      <trkpt lat="51.243979996070266" lon="-0.3411499969661236">
        <ele>139.93</ele>
      </trkpt>
      <trkpt lat="51.24404998496175" lon="-0.3409399464726448">
        <ele>138.96</ele>
      </trkpt>
      <trkpt lat="51.24420999549329" lon="-0.34055999480187893">
        <ele>138.01</ele>
      </trkpt>
      <trkpt lat="51.24434997327626" lon="-0.34036997705698013">
        <ele>137.17</ele>
      </trkpt>
      <trkpt lat="51.2445099838078" lon="-0.3402299992740154">
        <ele>136.33</ele>
      </trkpt>
      <trkpt lat="51.24476999044418" lon="-0.3400599304586649">
        <ele>135.4</ele>
      </trkpt>
      <trkpt lat="51.24505992047489" lon="-0.3400099743157625">
        <ele>134.52</ele>
      </trkpt>
      <trkpt lat="51.24523501843214" lon="-0.3400349523872137">
        <ele>133.74</ele>
      </trkpt>
      <trkpt lat="51.24540994875133" lon="-0.3400599304586649">
        <ele>132.92</ele>
      </trkpt>
      <trkpt lat="51.245699962601066" lon="-0.34015992656350136">
        <ele>132.1</ele>
      </trkpt>
      <trkpt lat="51.24588008970022" lon="-0.3403000719845295">
        <ele>131.41</ele>
      </trkpt>
      <trkpt lat="51.24605996534228" lon="-0.3404399659484625">
        <ele>130.71</ele>
      </trkpt>
      <trkpt lat="51.246234979480505" lon="-0.3404900059103966">
        <ele>129.75</ele>
      </trkpt>
      <trkpt lat="51.24640999361873" lon="-0.34053996205329895">
        <ele>128.75</ele>
      </trkpt>
      <trkpt lat="51.24654997140169" lon="-0.3405899181962013">
        <ele>127.71</ele>
      </trkpt>
      <trkpt lat="51.246740156784654" lon="-0.34075512550771236">
        <ele>126.61</ele>
      </trkpt>
      <trkpt lat="51.24692992307246" lon="-0.34091999754309654">
        <ele>125.45</ele>
      </trkpt>
      <trkpt lat="51.24712999910116" lon="-0.3412599675357342">
        <ele>124.39</ele>
      </trkpt>
      <trkpt lat="51.2472799513489" lon="-0.34141997806727886">
        <ele>123.19</ele>
      </trkpt>
      <trkpt lat="51.24738992191851" lon="-0.34141997806727886">
        <ele>121.73</ele>
      </trkpt>
      <trkpt lat="51.24755999073386" lon="-0.3413699381053448">
        <ele>120.05</ele>
      </trkpt>
      <trkpt lat="51.24778999015689" lon="-0.34116994589567184">
        <ele>118.09</ele>
      </trkpt>
      <trkpt lat="51.247929967939854" lon="-0.34111998975276947">
        <ele>116.32</ele>
      </trkpt>
      <trkpt lat="51.2481399346143" lon="-0.3410999570041895">
        <ele>114.48</ele>
      </trkpt>
      <trkpt lat="51.24841997399926" lon="-0.34119995310902596">
        <ele>112.66</ele>
      </trkpt>
      <trkpt lat="51.248619966208935" lon="-0.3411499969661236">
        <ele>110.58</ele>
      </trkpt>
      <trkpt lat="51.248789951205254" lon="-0.3409899864345789">
        <ele>108.27</ele>
      </trkpt>
      <trkpt lat="51.24896999448538" lon="-0.3406699653714895">
        <ele>105.74</ele>
      </trkpt>
      <trkpt lat="51.24914995394647" lon="-0.34047994762659073">
        <ele>103.3</ele>
      </trkpt>
      <trkpt lat="51.24939998611808" lon="-0.34031993709504604">
        <ele>100.86</ele>
      </trkpt>
      <trkpt lat="51.24962009489536" lon="-0.3401448391377926">
        <ele>98.34</ele>
      </trkpt>
      <trkpt lat="51.24983995221555" lon="-0.3399699926376343">
        <ele>95.8</ele>
      </trkpt>
      <trkpt lat="51.249929973855615" lon="-0.3399299271404743">
        <ele>93.3</ele>
      </trkpt>
      <trkpt lat="51.25000993721187" lon="-0.3395599499344826">
        <ele>90.61</ele>
      </trkpt>
      <trkpt lat="51.250039944425225" lon="-0.33933992497622967">
        <ele>88.04</ele>
      </trkpt>
      <trkpt lat="51.250059977173805" lon="-0.338888643309474">
        <ele>85.42</ele>
      </trkpt>
      <trkpt lat="51.25008009374142" lon="-0.3384373616427183">
        <ele>82.72</ele>
      </trkpt>
      <trkpt lat="51.25009995885193" lon="-0.33798993565142155">
        <ele>80.08</ele>
      </trkpt>
      <trkpt lat="51.25018520280719" lon="-0.33760394901037216">
        <ele>77.59</ele>
      </trkpt>
      <trkpt lat="51.25026994384825" lon="-0.33721997402608395">
        <ele>75.18</ele>
      </trkpt>
      <trkpt lat="51.25034999102354" lon="-0.3369399346411228">
        <ele>72.89</ele>
      </trkpt>
      <trkpt lat="51.2503950856626" lon="-0.33660407178103924">
        <ele>70.68</ele>
      </trkpt>
      <trkpt lat="51.25043992884457" lon="-0.3362699691206217">
        <ele>68.56</ele>
      </trkpt>
      <trkpt lat="51.25043246895075" lon="-0.3358813840895891">
        <ele>66.58</ele>
      </trkpt>
      <trkpt lat="51.250424925237894" lon="-0.33549497835338116">
        <ele>64.73</ele>
      </trkpt>
      <trkpt lat="51.25041746534407" lon="-0.3351063095033169">
        <ele>63.02</ele>
      </trkpt>
      <trkpt lat="51.25040992163122" lon="-0.33471998758614063">
        <ele>61.42</ele>
      </trkpt>
      <trkpt lat="51.25037488527596" lon="-0.33443919382989407">
        <ele>59.98</ele>
      </trkpt>
      <trkpt lat="51.250339932739735" lon="-0.3341599926352501">
        <ele>58.64</ele>
      </trkpt>
      <trkpt lat="51.250284779816866" lon="-0.33383410423994064">
        <ele>57.45</ele>
      </trkpt>
      <trkpt lat="51.250229962170124" lon="-0.3335099760442972">
        <ele>56.36</ele>
      </trkpt>
      <trkpt lat="51.250174809247255" lon="-0.3330862708389759">
        <ele>55.28</ele>
      </trkpt>
      <trkpt lat="51.25011999160051" lon="-0.33266499638557434">
        <ele>54.29</ele>
      </trkpt>
      <trkpt lat="51.250064838677645" lon="-0.33224129118025303">
        <ele>53.43</ele>
      </trkpt>
      <trkpt lat="51.25000993721187" lon="-0.33181993290781975">
        <ele>52.69</ele>
      </trkpt>
      <trkpt lat="51.249963166192174" lon="-0.3314205352216959">
        <ele>52.01</ele>
      </trkpt>
      <trkpt lat="51.24991639517248" lon="-0.33102105371654034">
        <ele>51.42</ele>
      </trkpt>
      <trkpt lat="51.249869959428906" lon="-0.3306249249726534">
        <ele>50.95</ele>
      </trkpt>
      <trkpt lat="51.24982318840921" lon="-0.33022552728652954">
        <ele>50.54</ele>
      </trkpt>
      <trkpt lat="51.24977633357048" lon="-0.329826045781374">
        <ele>50.14</ele>
      </trkpt>
      <trkpt lat="51.24972998164594" lon="-0.32942991703748703">
        <ele>49.88</ele>
      </trkpt>
      <trkpt lat="51.249639708548784" lon="-0.32907653599977493">
        <ele>49.66</ele>
      </trkpt>
      <trkpt lat="51.24954993836582" lon="-0.3287249989807606">
        <ele>49.54</ele>
      </trkpt>
      <trkpt lat="51.24945974908769" lon="-0.32837153412401676">
        <ele>49.54</ele>
      </trkpt>
      <trkpt lat="51.249369978904724" lon="-0.3280199971050024">
        <ele>49.52</ele>
      </trkpt>
      <trkpt lat="51.249354891479015" lon="-0.32772914506495">
        <ele>49.55</ele>
      </trkpt>
      <trkpt lat="51.24933997169137" lon="-0.3274399694055319">
        <ele>49.58</ele>
      </trkpt>
      <trkpt lat="51.249349946156144" lon="-0.32698994502425194">
        <ele>49.6</ele>
      </trkpt>
      <trkpt lat="51.24929999001324" lon="-0.3266499750316143">
        <ele>49.64</ele>
      </trkpt>
      <trkpt lat="51.24922472052276" lon="-0.32628653571009636">
        <ele>49.58</ele>
      </trkpt>
      <trkpt lat="51.24914995394647" lon="-0.32592494040727615">
        <ele>49.42</ele>
      </trkpt>
      <trkpt lat="51.24907476827502" lon="-0.3255615010857582">
        <ele>49.22</ele>
      </trkpt>
      <trkpt lat="51.2489999178797" lon="-0.3251999896019697">
        <ele>49.04</ele>
      </trkpt>
      <trkpt lat="51.24899497255683" lon="-0.3248840756714344">
        <ele>48.85</ele>
      </trkpt>
      <trkpt lat="51.24898994341493" lon="-0.3245699219405651">
        <ele>48.61</ele>
      </trkpt>
      <trkpt lat="51.2491899356246" lon="-0.3245399985462427">
        <ele>48.42</ele>
      </trkpt>
      <trkpt lat="51.24938003718853" lon="-0.3244599513709545">
        <ele>48.13</ele>
      </trkpt>
      <trkpt lat="51.2495699711144" lon="-0.32437998801469803">
        <ele>47.69</ele>
      </trkpt>
      <trkpt lat="51.2496199272573" lon="-0.32432994805276394">
        <ele>47.31</ele>
      </trkpt>
      <trkpt lat="51.24984757974744" lon="-0.32421989366412163">
        <ele>46.82</ele>
      </trkpt>
      <trkpt lat="51.25007498078048" lon="-0.32410992309451103">
        <ele>46.4</ele>
      </trkpt>
      <trkpt lat="51.25030254945159" lon="-0.3239998687058687">
        <ele>46.02</ele>
      </trkpt>
      <trkpt lat="51.25052995048463" lon="-0.32388998195528984">
        <ele>45.62</ele>
      </trkpt>
      <trkpt lat="51.25068501569331" lon="-0.32383994199335575">
        <ele>45.1</ele>
      </trkpt>
      <trkpt lat="51.25083999708295" lon="-0.3237899858504534">
        <ele>44.55</ele>
      </trkpt>
      <trkpt lat="51.251005036756396" lon="-0.3237499203532934">
        <ele>43.99</ele>
      </trkpt>
      <trkpt lat="51.25116999261081" lon="-0.3237099386751652">
        <ele>43.37</ele>
      </trkpt>
      <trkpt lat="51.25146000646055" lon="-0.3236599825322628">
        <ele>42.69</ele>
      </trkpt>
      <trkpt lat="51.25174993649125" lon="-0.3236099425703287">
        <ele>42.01</ele>
      </trkpt>
      <trkpt lat="51.25199502333999" lon="-0.3236049972474575">
        <ele>41.29</ele>
      </trkpt>
      <trkpt lat="51.25223994255066" lon="-0.3235999681055546">
        <ele>40.56</ele>
      </trkpt>
      <trkpt lat="51.252485029399395" lon="-0.3235449828207493">
        <ele>39.84</ele>
      </trkpt>
      <trkpt lat="51.25272994861007" lon="-0.323489997535944">
        <ele>39.11</ele>
      </trkpt>
      <trkpt lat="51.25275995582342" lon="-0.3235199209302664">
        <ele>38.51</ele>
      </trkpt>
      <trkpt lat="51.25279993750155" lon="-0.3237099386751652">
        <ele>37.96</ele>
      </trkpt>
      <trkpt lat="51.25285995192826" lon="-0.3236599825322628">
        <ele>37.47</ele>
      </trkpt>
      <trkpt lat="51.25288995914161" lon="-0.3235499281436205">
        <ele>37.07</ele>
      </trkpt>
      <trkpt lat="51.2530199624598" lon="-0.3234199248254299">
        <ele>36.76</ele>
      </trkpt>
      <trkpt lat="51.25324996188283" lon="-0.32333996146917343">
        <ele>36.58</ele>
      </trkpt>
      <trkpt lat="51.253219954669476" lon="-0.32289999537169933">
        <ele>36.53</ele>
      </trkpt>
      <trkpt lat="51.25350996851921" lon="-0.3228699881583452">
        <ele>36.58</ele>
      </trkpt>
      <trkpt lat="51.25357995741069" lon="-0.32287996262311935">
        <ele>36.82</ele>
      </trkpt>
      <trkpt lat="51.25382504425943" lon="-0.3228449262678623">
        <ele>37.15</ele>
      </trkpt>
      <trkpt lat="51.2540699634701" lon="-0.322809973731637">
        <ele>37.75</ele>
      </trkpt>
      <trkpt lat="51.25417993403971" lon="-0.3226399887353182">
        <ele>38.56</ele>
      </trkpt>
      <trkpt lat="51.25429015606642" lon="-0.3223744500428438">
        <ele>39.57</ele>
      </trkpt>
      <trkpt lat="51.254399958997965" lon="-0.32210991717875004">
        <ele>40.77</ele>
      </trkpt>
      <trkpt lat="51.254529962316155" lon="-0.32202995382249355">
        <ele>42.25</ele>
      </trkpt>
      <trkpt lat="51.254569943994284" lon="-0.3220699355006218">
        <ele>43.9</ele>
      </trkpt>
      <trkpt lat="51.254799608141184" lon="-0.3220056463032961">
        <ele>45.84</ele>
      </trkpt>
      <trkpt lat="51.25481997616589" lon="-0.32199994660913944">
        <ele>47.94</ele>
      </trkpt>
      <trkpt lat="51.25505995005369" lon="-0.32196993939578533">
        <ele>50.32</ele>
      </trkpt>
      <trkpt lat="51.25507998280227" lon="-0.3217999543994665">
        <ele>52.92</ele>
      </trkpt>
      <trkpt lat="51.25522021204233" lon="-0.32155453227460384">
        <ele>55.83</ele>
      </trkpt>
      <trkpt lat="51.2553599383682" lon="-0.3213099483400583">
        <ele>58.96</ele>
      </trkpt>
      <trkpt lat="51.25552992336452" lon="-0.32089998945593834">
        <ele>62.47</ele>
      </trkpt>
      <trkpt lat="51.255429927259684" lon="-0.32065993174910545">
        <ele>65.77</ele>
      </trkpt>
      <trkpt lat="51.255369829013944" lon="-0.32040931284427643">
        <ele>69.2</ele>
      </trkpt>
      <trkpt lat="51.2553099822253" lon="-0.32015995122492313">
        <ele>72.69</ele>
      </trkpt>
      <trkpt lat="51.25518995337188" lon="-0.3199399262666702">
        <ele>76.22</ele>
      </trkpt>
      <trkpt lat="51.255129938945174" lon="-0.3198199812322855">
        <ele>79.71</ele>
      </trkpt>
      <trkpt lat="51.25498719513416" lon="-0.31949677504599094">
        <ele>83.49</ele>
      </trkpt>
      <trkpt lat="51.25484495423734" lon="-0.31917499378323555">
        <ele>87.17</ele>
      </trkpt>
      <trkpt lat="51.25470221042633" lon="-0.318851787596941">
        <ele>90.71</ele>
      </trkpt>
      <trkpt lat="51.25455996952951" lon="-0.3185299225151539">
        <ele>94.15</ele>
      </trkpt>
      <trkpt lat="51.25443474389613" lon="-0.31826446764171124">
        <ele>97.35</ele>
      </trkpt>
      <trkpt lat="51.2543099373579" lon="-0.31799993477761745">
        <ele>100.5</ele>
      </trkpt>
      <trkpt lat="51.254166355356574" lon="-0.31772282905876637">
        <ele>103.33</ele>
      </trkpt>
      <trkpt lat="51.254022773355246" lon="-0.31744563952088356">
        <ele>105.98</ele>
      </trkpt>
      <trkpt lat="51.2538799457252" lon="-0.31716995872557163">
        <ele>108.54</ele>
      </trkpt>
      <trkpt lat="51.25395999290049" lon="-0.3169399593025446">
        <ele>110.8</ele>
      </trkpt>
      <trkpt lat="51.25404012389481" lon="-0.31658909283578396">
        <ele>112.79</ele>
      </trkpt>
      <trkpt lat="51.254119919613004" lon="-0.31623998656868935">
        <ele>114.51</ele>
      </trkpt>
      <trkpt lat="51.25412997789681" lon="-0.3161399904638529">
        <ele>116.28</ele>
      </trkpt>
      <trkpt lat="51.254079937934875" lon="-0.31612993218004704">
        <ele>118.11</ele>
      </trkpt>
      <trkpt lat="51.25412997789681" lon="-0.3158499766141176">
        <ele>119.58</ele>
      </trkpt>
      <trkpt lat="51.25402478501201" lon="-0.31565962359309196">
        <ele>121.23</ele>
      </trkpt>
      <trkpt lat="51.25391992740333" lon="-0.31546994112432003">
        <ele>122.89</ele>
      </trkpt>
      <trkpt lat="51.25378992408514" lon="-0.31527992337942123">
        <ele>124.64</ele>
      </trkpt>
      <trkpt lat="51.25376997515559" lon="-0.3151399455964565">
        <ele>126.48</ele>
      </trkpt>
      <trkpt lat="51.25388992018998" lon="-0.31505998224020004">
        <ele>128.43</ele>
      </trkpt>
      <trkpt lat="51.25391992740333" lon="-0.3149599861353636">
        <ele>130.54</ele>
      </trkpt>
      <trkpt lat="51.25395001843572" lon="-0.3147042542695999">
        <ele>132.81</ele>
      </trkpt>
      <trkpt lat="51.25397994183004" lon="-0.3144499473273754">
        <ele>135.36</ele>
      </trkpt>
      <trkpt lat="51.25395999290049" lon="-0.31426998786628246">
        <ele>138.08</ele>
      </trkpt>
      <trkpt lat="51.25397994183004" lon="-0.31404996290802956">
        <ele>141.01</ele>
      </trkpt>
      <trkpt lat="51.25407516025007" lon="-0.3136690054088831">
        <ele>144.43</ele>
      </trkpt>
      <trkpt lat="51.25416995957494" lon="-0.3132899757474661">
        <ele>147.88</ele>
      </trkpt>
      <trkpt lat="51.254200050607324" lon="-0.31297406181693077">
        <ele>151.16</ele>
      </trkpt>
      <trkpt lat="51.254229974001646" lon="-0.3126599919050932">
        <ele>154.5</ele>
      </trkpt>
      <trkpt lat="51.254139952361584" lon="-0.3122799564152956">
        <ele>157.79</ele>
      </trkpt>
      <trkpt lat="51.25417993403971" lon="-0.31204995699226856">
        <ele>160.83</ele>
      </trkpt>
      <trkpt lat="51.25434991903603" lon="-0.31173999421298504">
        <ele>163.81</ele>
      </trkpt>
      <trkpt lat="51.254570027813315" lon="-0.311649888753891">
        <ele>166.42</ele>
      </trkpt>
      <trkpt lat="51.25478996895254" lon="-0.3115599509328604">
        <ele>168.81</ele>
      </trkpt>
      <trkpt lat="51.25491997227073" lon="-0.3111599665135145">
        <ele>171.05</ele>
      </trkpt>
      <trkpt lat="51.25513848848641" lon="-0.31135342083871365">
        <ele>172.8</ele>
      </trkpt>
      <trkpt lat="51.25535700470209" lon="-0.3115469589829445">
        <ele>174.22</ele>
      </trkpt>
      <trkpt lat="51.25557493418455" lon="-0.31173999421298504">
        <ele>175.23</ele>
      </trkpt>
      <trkpt lat="51.25579345040023" lon="-0.31193344853818417">
        <ele>175.93</ele>
      </trkpt>
      <trkpt lat="51.256011966615915" lon="-0.312126986682415">
        <ele>176.17</ele>
      </trkpt>
      <trkpt lat="51.25622997991741" lon="-0.31231993809342384">
        <ele>176.05</ele>
      </trkpt>
      <trkpt lat="51.256390158087015" lon="-0.312495119869709">
        <ele>175.64</ele>
      </trkpt>
      <trkpt lat="51.256549917161465" lon="-0.3126699663698673">
        <ele>174.91</ele>
      </trkpt>
      <trkpt lat="51.256690230220556" lon="-0.31300063244998455">
        <ele>173.7</ele>
      </trkpt>
      <trkpt lat="51.25683054327965" lon="-0.3133312985301018">
        <ele>172.22</ele>
      </trkpt>
      <trkpt lat="51.25696993432939" lon="-0.31365995295345783">
        <ele>170.29</ele>
      </trkpt>
      <trkpt lat="51.25704998150468" lon="-0.3140099812299013">
        <ele>167.97</ele>
      </trkpt>
      <trkpt lat="51.257156850770116" lon="-0.3143239673227072">
        <ele>165.32</ele>
      </trkpt>
      <trkpt lat="51.257263803854585" lon="-0.31463803723454475">
        <ele>162.43</ele>
      </trkpt>
      <trkpt lat="51.257369918748736" lon="-0.31494992785155773">
        <ele>159.28</ele>
      </trkpt>
      <trkpt lat="51.25753998756409" lon="-0.3151899855583906">
        <ele>155.86</ele>
      </trkpt>
      <trkpt lat="51.257749954238534" lon="-0.31502997502684593">
        <ele>152.39</ele>
      </trkpt>
      <trkpt lat="51.25795346684754" lon="-0.31482310965657234">
        <ele>148.62</ele>
      </trkpt>
      <trkpt lat="51.258157063275576" lon="-0.31461624428629875">
        <ele>144.67</ele>
      </trkpt>
      <trkpt lat="51.25835998915136" lon="-0.31440996564924717">
        <ele>140.57</ele>
      </trkpt>
      <trkpt lat="51.25855998136103" lon="-0.3141099773347378">
        <ele>136.42</ele>
      </trkpt>
      <trkpt lat="51.25865997746587" lon="-0.3138399962335825">
        <ele>132.22</ele>
      </trkpt>
      <trkpt lat="51.258719991892576" lon="-0.3136999346315861">
        <ele>127.81</ele>
      </trkpt>
      <trkpt lat="51.25896004959941" lon="-0.3135932330042124">
        <ele>123.05</ele>
      </trkpt>
      <trkpt lat="51.259200191125274" lon="-0.3134865313768387">
        <ele>118.24</ele>
      </trkpt>
      <trkpt lat="51.25943999737501" lon="-0.3133799973875284">
        <ele>113.46</ele>
      </trkpt>
      <trkpt lat="51.25959497876465" lon="-0.31332995742559433">
        <ele>108.95</ele>
      </trkpt>
      <trkpt lat="51.259749960154295" lon="-0.31327991746366024">
        <ele>104.59</ele>
      </trkpt>
      <trkpt lat="51.259975181892514" lon="-0.31306978315114975">
        <ele>100.19</ele>
      </trkpt>
      <trkpt lat="51.260199984535575" lon="-0.3128599841147661">
        <ele>96.02</ele>
      </trkpt>
      <trkpt lat="51.26042512245476" lon="-0.3126497659832239">
        <ele>92.29</ele>
      </trkpt>
      <trkpt lat="51.26064992509782" lon="-0.3124399669468403">
        <ele>89.01</ele>
      </trkpt>
      <trkpt lat="51.260795183479786" lon="-0.31270039267838">
        <ele>85.9</ele>
      </trkpt>
      <trkpt lat="51.26093993894756" lon="-0.3129599802196026">
        <ele>83.04</ele>
      </trkpt>
      <trkpt lat="51.26113993115723" lon="-0.313259968534112">
        <ele>80.42</ele>
      </trkpt>
      <trkpt lat="51.26138996332884" lon="-0.313489967957139">
        <ele>78.06</ele>
      </trkpt>
      <trkpt lat="51.26160512678325" lon="-0.31363002955913544">
        <ele>76.18</ele>
      </trkpt>
      <trkpt lat="51.26181995496154" lon="-0.31376992352306843">
        <ele>74.66</ele>
      </trkpt>
      <trkpt lat="51.26204006373882" lon="-0.3138700034469366">
        <ele>73.49</ele>
      </trkpt>
      <trkpt lat="51.26226017251611" lon="-0.3139700833708048">
        <ele>72.62</ele>
      </trkpt>
      <trkpt lat="51.262479946017265" lon="-0.31406999565660954">
        <ele>72.0</ele>
      </trkpt>
      <trkpt lat="51.26261992380023" lon="-0.3141199517995119">
        <ele>71.73</ele>
      </trkpt>
      <trkpt lat="51.26274992711842" lon="-0.3141399845480919">
        <ele>71.74</ele>
      </trkpt>
      <trkpt lat="51.262649931013584" lon="-0.3139499668031931">
        <ele>72.13</ele>
      </trkpt>
      <trkpt lat="51.26247298903763" lon="-0.3135825879871845">
        <ele>72.89</ele>
      </trkpt>
      <trkpt lat="51.26229596324265" lon="-0.31321520917117596">
        <ele>73.8</ele>
      </trkpt>
      <trkpt lat="51.26211994327605" lon="-0.3128499258309603">
        <ele>74.92</ele>
      </trkpt>
      <trkpt lat="51.26209236681461" lon="-0.312473913654685">
        <ele>76.12</ele>
      </trkpt>
      <trkpt lat="51.26206495799124" lon="-0.31209999695420265">
        <ele>77.36</ele>
      </trkpt>
      <trkpt lat="51.26203738152981" lon="-0.3117239009588957">
        <ele>78.59</ele>
      </trkpt>
      <trkpt lat="51.26200997270644" lon="-0.3113499842584133">
        <ele>79.88</ele>
      </trkpt>
      <trkpt lat="51.26204006373882" lon="-0.31085855327546597">
        <ele>81.12</ele>
      </trkpt>
      <trkpt lat="51.262069987133145" lon="-0.31036997213959694">
        <ele>82.31</ele>
      </trkpt>
      <trkpt lat="51.26210007816553" lon="-0.3098785411566496">
        <ele>83.43</ele>
      </trkpt>
      <trkpt lat="51.26212991774082" lon="-0.30938996002078056">
        <ele>84.62</ele>
      </trkpt>
      <trkpt lat="51.26213662326336" lon="-0.30899886041879654">
        <ele>85.94</ele>
      </trkpt>
      <trkpt lat="51.262143328785896" lon="-0.3086076769977808">
        <ele>87.17</ele>
      </trkpt>
      <trkpt lat="51.2621499504894" lon="-0.3082199301570654">
        <ele>88.31</ele>
      </trkpt>
      <trkpt lat="51.26225992105901" lon="-0.30776998959481716">
        <ele>89.28</ele>
      </trkpt>
      <trkpt lat="51.26226997934282" lon="-0.30738383531570435">
        <ele>90.34</ele>
      </trkpt>
      <trkpt lat="51.26227995380759" lon="-0.30699994415044785">
        <ele>91.35</ele>
      </trkpt>
      <trkpt lat="51.26240995712578" lon="-0.30682995915412903">
        <ele>92.1</ele>
      </trkpt>
      <trkpt lat="51.262669963762164" lon="-0.30666994862258434">
        <ele>92.65</ele>
      </trkpt>
      <trkpt lat="51.26289996318519" lon="-0.30639996752142906">
        <ele>93.1</ele>
      </trkpt>
      <trkpt lat="51.26305779442191" lon="-0.3059966303408146">
        <ele>93.7</ele>
      </trkpt>
      <trkpt lat="51.26321495510638" lon="-0.3055949695408344">
        <ele>94.3</ele>
      </trkpt>
      <trkpt lat="51.2633727863431" lon="-0.30519163236021996">
        <ele>94.79</ele>
      </trkpt>
      <trkpt lat="51.263529947027564" lon="-0.3047899715602398">
        <ele>95.09</ele>
      </trkpt>
      <trkpt lat="51.26367688179016" lon="-0.30452954582870007">
        <ele>95.52</ele>
      </trkpt>
      <trkpt lat="51.26382381655276" lon="-0.30426912009716034">
        <ele>96.0</ele>
      </trkpt>
      <trkpt lat="51.26396999694407" lon="-0.30400995165109634">
        <ele>96.52</ele>
      </trkpt>
      <trkpt lat="51.264080135151744" lon="-0.30377953313291073">
        <ele>97.09</ele>
      </trkpt>
      <trkpt lat="51.26418993808329" lon="-0.30354995280504227">
        <ele>97.7</ele>
      </trkpt>
      <trkpt lat="51.26436025835574" lon="-0.3031917940825224">
        <ele>98.39</ele>
      </trkpt>
      <trkpt lat="51.26452999189496" lon="-0.30283497646450996">
        <ele>99.25</ele>
      </trkpt>
      <trkpt lat="51.264700312167406" lon="-0.3024767339229584">
        <ele>100.16</ele>
      </trkpt>
      <trkpt lat="51.2648699618876" lon="-0.30211991630494595">
        <ele>101.05</ele>
      </trkpt>
      <trkpt lat="51.26500692218542" lon="-0.30179260298609734">
        <ele>101.93</ele>
      </trkpt>
      <trkpt lat="51.265143882483244" lon="-0.3014652896672487">
        <ele>102.87</ele>
      </trkpt>
      <trkpt lat="51.26527992077172" lon="-0.3011399880051613">
        <ele>103.79</ele>
      </trkpt>
      <trkpt lat="51.26544026657939" lon="-0.30082440935075283">
        <ele>104.69</ele>
      </trkpt>
      <trkpt lat="51.26559994183481" lon="-0.3005099203437567">
        <ele>105.67</ele>
      </trkpt>
      <trkpt lat="51.26574997790158" lon="-0.30011999420821667">
        <ele>106.55</ele>
      </trkpt>
      <trkpt lat="51.265789959579706" lon="-0.2998599875718355">
        <ele>107.4</ele>
      </trkpt>
      <trkpt lat="51.26587998121977" lon="-0.2995799481868744">
        <ele>108.29</ele>
      </trkpt>
      <trkpt lat="51.26586992293596" lon="-0.29950995929539204">
        <ele>109.3</ele>
      </trkpt>
      <trkpt lat="51.2659199628979" lon="-0.299299992620945">
        <ele>110.37</ele>
      </trkpt>
      <trkpt lat="51.2659699190408" lon="-0.2992499526590109">
        <ele>111.52</ele>
      </trkpt>
      <trkpt lat="51.26602993346751" lon="-0.2992299199104309">
        <ele>112.75</ele>
      </trkpt>
      <trkpt lat="51.26623000949621" lon="-0.29920997098088264">
        <ele>114.12</ele>
      </trkpt>
      <trkpt lat="51.26642991788685" lon="-0.29918993823230267">
        <ele>115.51</ele>
      </trkpt>
      <trkpt lat="51.26649999059737" lon="-0.29917996376752853">
        <ele>116.98</ele>
      </trkpt>
      <trkpt lat="51.266700150445104" lon="-0.2989647164940834">
        <ele>118.55</ele>
      </trkpt>
      <trkpt lat="51.26689997501671" lon="-0.29874997213482857">
        <ele>120.1</ele>
      </trkpt>
      <trkpt lat="51.26691992394626" lon="-0.2983499877154827">
        <ele>121.88</ele>
      </trkpt>
      <trkpt lat="51.26690994948149" lon="-0.297958804294467">
        <ele>123.71</ele>
      </trkpt>
      <trkpt lat="51.26689997501671" lon="-0.29756996780633926">
        <ele>125.58</ele>
      </trkpt>
      <trkpt lat="51.26688991673291" lon="-0.29717886820435524">
        <ele>127.52</ele>
      </trkpt>
      <trkpt lat="51.26687994226813" lon="-0.2967899478971958">
        <ele>129.56</ele>
      </trkpt>
      <trkpt lat="51.266824789345264" lon="-0.2962986007332802">
        <ele>131.7</ele>
      </trkpt>
      <trkpt lat="51.26676997169852" lon="-0.29580993577837944">
        <ele>133.75</ele>
      </trkpt>
      <trkpt lat="51.26674993894994" lon="-0.2954689599573612">
        <ele>135.77</ele>
      </trkpt>
      <trkpt lat="51.266729990020394" lon="-0.29512999579310417">
        <ele>137.75</ele>
      </trkpt>
      <trkpt lat="51.266926964744925" lon="-0.29479606077075005">
        <ele>139.37</ele>
      </trkpt>
      <trkpt lat="51.26712393946946" lon="-0.29446220956742764">
        <ele>140.96</ele>
      </trkpt>
      <trkpt lat="51.26731999218464" lon="-0.2941299509257078">
        <ele>142.36</ele>
      </trkpt>
      <trkpt lat="51.267470279708505" lon="-0.29379425570368767">
        <ele>143.73</ele>
      </trkpt>
      <trkpt lat="51.26761998049915" lon="-0.2934599854052067">
        <ele>144.88</ele>
      </trkpt>
      <trkpt lat="51.267750235274434" lon="-0.2930991444736719">
        <ele>145.86</ele>
      </trkpt>
      <trkpt lat="51.26787998713553" lon="-0.29273997992277145">
        <ele>146.49</ele>
      </trkpt>
      <trkpt lat="51.267889961600304" lon="-0.2925599366426468">
        <ele>146.98</ele>
      </trkpt>
      <trkpt lat="51.267849979922175" lon="-0.29235994443297386">
        <ele>147.35</ele>
      </trkpt>
      <trkpt lat="51.26766993664205" lon="-0.2921199705451727">
        <ele>147.63</ele>
      </trkpt>
      <trkpt lat="51.267459969967604" lon="-0.29188997112214565">
        <ele>147.67</ele>
      </trkpt>
      <trkpt lat="51.26730993390083" lon="-0.29185996390879154">
        <ele>147.49</ele>
      </trkpt>
      <trkpt lat="51.26711488701403" lon="-0.29191997833549976">
        <ele>147.2</ele>
      </trkpt>
      <trkpt lat="51.26691992394626" lon="-0.291979992762208">
        <ele>146.7</ele>
      </trkpt>
      <trkpt lat="51.266859993338585" lon="-0.29196993447840214">
        <ele>145.92</ele>
      </trkpt>
      <trkpt lat="51.2670199200511" lon="-0.2918499894440174">
        <ele>144.81</ele>
      </trkpt>
      <trkpt lat="51.267249919474125" lon="-0.2917399350553751">
        <ele>143.47</ele>
      </trkpt>
      <trkpt lat="51.26738017424941" lon="-0.2915546949952841">
        <ele>142.07</ele>
      </trkpt>
      <trkpt lat="51.267509926110506" lon="-0.29136995784938335">
        <ele>140.61</ele>
      </trkpt>
      <trkpt lat="51.26765996217728" lon="-0.2910199295729399">
        <ele>138.98</ele>
      </trkpt>
      <trkpt lat="51.26773992553353" lon="-0.2907999884337187">
        <ele>137.41</ele>
      </trkpt>
      <trkpt lat="51.2676499877125" lon="-0.29059999622404575">
        <ele>136.05</ele>
      </trkpt>
      <trkpt lat="51.26747991889715" lon="-0.29029992409050465">
        <ele>134.88</ele>
      </trkpt>
      <trkpt lat="51.26749995164573" lon="-0.2900399174541235">
        <ele>133.71</ele>
      </trkpt>
      <trkpt lat="51.26766993664205" lon="-0.2898699324578047">
        <ele>132.7</ele>
      </trkpt>
      <trkpt lat="51.26774998381734" lon="-0.28968997299671173">
        <ele>132.08</ele>
      </trkpt>
      <trkpt lat="51.26775501295924" lon="-0.28942921198904514">
        <ele>131.8</ele>
      </trkpt>
      <trkpt lat="51.26775995828211" lon="-0.28916995972394943">
        <ele>131.81</ele>
      </trkpt>
      <trkpt lat="51.267719976603985" lon="-0.28906996361911297">
        <ele>131.96</ele>
      </trkpt>
      <trkpt lat="51.26777999103069" lon="-0.28883996419608593">
        <ele>132.42</ele>
      </trkpt>
      <trkpt lat="51.26779499463737" lon="-0.2884287480264902">
        <ele>133.11</ele>
      </trkpt>
      <trkpt lat="51.26780999824405" lon="-0.28801996260881424">
        <ele>134.15</ele>
      </trkpt>
      <trkpt lat="51.267833383753896" lon="-0.28763556852936745">
        <ele>135.42</ele>
      </trkpt>
      <trkpt lat="51.267856769263744" lon="-0.28725109063088894">
        <ele>136.89</ele>
      </trkpt>
      <trkpt lat="51.26787998713553" lon="-0.28686996549367905">
        <ele>138.54</ele>
      </trkpt>
      <trkpt lat="51.26792005263269" lon="-0.28655908070504665">
        <ele>140.44</ele>
      </trkpt>
      <trkpt lat="51.267959950491786" lon="-0.2862499561160803">
        <ele>142.5</ele>
      </trkpt>
      <trkpt lat="51.268039997667074" lon="-0.2858199644833803">
        <ele>144.93</ele>
      </trkpt>
      <trkpt lat="51.26809012144804" lon="-0.2854589559137821">
        <ele>147.2</ele>
      </trkpt>
      <trkpt lat="51.268140245229006" lon="-0.2850979473441839">
        <ele>149.43</ele>
      </trkpt>
      <trkpt lat="51.26818994991481" lon="-0.2847399562597275">
        <ele>151.62</ele>
      </trkpt>
      <trkpt lat="51.2682250700891" lon="-0.284434100612998">
        <ele>153.83</ele>
      </trkpt>
      <trkpt lat="51.268259938806295" lon="-0.28412992134690285">
        <ele>156.04</ele>
      </trkpt>
      <trkpt lat="51.268306793645024" lon="-0.28376899659633636">
        <ele>158.22</ele>
      </trkpt>
      <trkpt lat="51.26835356466472" lon="-0.28340798802673817">
        <ele>160.35</ele>
      </trkpt>
      <trkpt lat="51.26839991658926" lon="-0.2830499969422817">
        <ele>162.43</ele>
      </trkpt>
      <trkpt lat="51.268433360382915" lon="-0.2826354280114174">
        <ele>164.45</ele>
      </trkpt>
      <trkpt lat="51.26846680417657" lon="-0.28222094289958477">
        <ele>166.45</ele>
      </trkpt>
      <trkpt lat="51.26849999651313" lon="-0.2818099781870842">
        <ele>168.32</ele>
      </trkpt>
      <trkpt lat="51.26849999651313" lon="-0.2814990933984518">
        <ele>170.14</ele>
      </trkpt>
      <trkpt lat="51.26849999651313" lon="-0.28118996880948544">
        <ele>171.87</ele>
      </trkpt>
      <trkpt lat="51.268555065616965" lon="-0.2809092588722706">
        <ele>173.51</ele>
      </trkpt>
      <trkpt lat="51.26860996708274" lon="-0.2806299738585949">
        <ele>175.1</ele>
      </trkpt>
      <trkpt lat="51.2687327619642" lon="-0.28023652732372284">
        <ele>176.66</ele>
      </trkpt>
      <trkpt lat="51.26885497011244" lon="-0.2798449248075485">
        <ele>178.09</ele>
      </trkpt>
      <trkpt lat="51.268977764993906" lon="-0.2794515620917082">
        <ele>179.5</ele>
      </trkpt>
      <trkpt lat="51.26909997314215" lon="-0.27905995957553387">
        <ele>180.83</ele>
      </trkpt>
      <trkpt lat="51.269275238737464" lon="-0.2787193190306425">
        <ele>182.05</ele>
      </trkpt>
      <trkpt lat="51.26944991759956" lon="-0.2783799357712269">
        <ele>183.23</ele>
      </trkpt>
      <trkpt lat="51.269563576206565" lon="-0.27795388363301754">
        <ele>184.44</ele>
      </trkpt>
      <trkpt lat="51.26967715099454" lon="-0.2775278314948082">
        <ele>185.54</ele>
      </trkpt>
      <trkpt lat="51.26978997141123" lon="-0.27710496447980404">
        <ele>186.6</ele>
      </trkpt>
      <trkpt lat="51.2699035461992" lon="-0.2766789123415947">
        <ele>187.62</ele>
      </trkpt>
      <trkpt lat="51.27001720480621" lon="-0.27625286020338535">
        <ele>188.57</ele>
      </trkpt>
      <trkpt lat="51.270129941403866" lon="-0.2758299931883812">
        <ele>189.47</ele>
      </trkpt>
      <trkpt lat="51.27019012346864" lon="-0.2755642868578434">
        <ele>190.28</ele>
      </trkpt>
      <trkpt lat="51.27024997025728" lon="-0.27529992163181305">
        <ele>191.03</ele>
      </trkpt>
      <trkpt lat="51.27034996636212" lon="-0.2752499654889107">
        <ele>191.71</ele>
      </trkpt>
      <trkpt lat="51.27043009735644" lon="-0.2750294376164675">
        <ele>192.32</ele>
      </trkpt>
      <trkpt lat="51.27050997689366" lon="-0.2748099993914366">
        <ele>192.87</ele>
      </trkpt>
      <trkpt lat="51.27054995857179" lon="-0.2744899783283472">
        <ele>193.36</ele>
      </trkpt>
      <trkpt lat="51.27051995135844" lon="-0.2741899900138378">
        <ele>193.78</ele>
      </trkpt>
      <trkpt lat="51.27053998410702" lon="-0.27397993952035904">
        <ele>194.17</ele>
      </trkpt>
      <trkpt lat="51.270599998533726" lon="-0.2739599905908108">
        <ele>194.5</ele>
      </trkpt>
      <trkpt lat="51.270599998533726" lon="-0.2738799434155226">
        <ele>194.8</ele>
      </trkpt>
      <trkpt lat="51.270449962466955" lon="-0.2740199211984873">
        <ele>195.05</ele>
      </trkpt>
      <trkpt lat="51.270299926400185" lon="-0.2740199211984873">
        <ele>195.28</ele>
      </trkpt>
      <trkpt lat="51.27026991918683" lon="-0.2735299989581108">
        <ele>195.45</ele>
      </trkpt>
      <trkpt lat="51.27040998078883" lon="-0.2734699845314026">
        <ele>195.54</ele>
      </trkpt>
      <trkpt lat="51.270449962466955" lon="-0.2732899412512779">
        <ele>195.64</ele>
      </trkpt>
      <trkpt lat="51.27046002075076" lon="-0.2729990892112255">
        <ele>195.71</ele>
      </trkpt>
      <trkpt lat="51.270469995215535" lon="-0.2727099973708391">
        <ele>195.67</ele>
      </trkpt>
      <trkpt lat="51.27053998410702" lon="-0.27236994355916977">
        <ele>195.59</ele>
      </trkpt>
      <trkpt lat="51.270595137029886" lon="-0.27195378206670284">
        <ele>195.5</ele>
      </trkpt>
      <trkpt lat="51.27064995467663" lon="-0.27153996750712395">
        <ele>195.35</ele>
      </trkpt>
      <trkpt lat="51.27075992524624" lon="-0.2712199464440346">
        <ele>195.04</ele>
      </trkpt>
      <trkpt lat="51.2707999907434" lon="-0.2709599398076534">
        <ele>194.67</ele>
      </trkpt>
      <trkpt lat="51.27077995799482" lon="-0.2705899626016617">
        <ele>194.28</ele>
      </trkpt>
      <trkpt lat="51.27077995799482" lon="-0.2702790778130293">
        <ele>193.83</ele>
      </trkpt>
      <trkpt lat="51.27077995799482" lon="-0.2699699532240629">
        <ele>193.31</ele>
      </trkpt>
      <trkpt lat="51.270794961601496" lon="-0.2696992177516222">
        <ele>192.77</ele>
      </trkpt>
      <trkpt lat="51.27080996520817" lon="-0.26942999102175236">
        <ele>192.17</ele>
      </trkpt>
      <trkpt lat="51.270729918032885" lon="-0.26904995553195477">
        <ele>191.4</ele>
      </trkpt>
      <trkpt lat="51.270429929718375" lon="-0.2689299266785383">
        <ele>190.55</ele>
      </trkpt>
      <trkpt lat="51.27021485008299" lon="-0.26884996332228184">
        <ele>189.63</ele>
      </trkpt>
      <trkpt lat="51.269999938085675" lon="-0.26876999996602535">
        <ele>188.71</ele>
      </trkpt>
      <trkpt lat="51.269829869270325" lon="-0.2686798945069313">
        <ele>187.76</ele>
      </trkpt>
      <trkpt lat="51.26965996809304" lon="-0.2685899566859007">
        <ele>186.82</ele>
      </trkpt>
      <trkpt lat="51.26947992481291" lon="-0.2683199755847454">
        <ele>185.82</ele>
      </trkpt>
      <trkpt lat="51.26938998699188" lon="-0.2680499944835901">
        <ele>184.8</ele>
      </trkpt>
      <trkpt lat="51.269269958138466" lon="-0.26780993677675724">
        <ele>183.8</ele>
      </trkpt>
      <trkpt lat="51.26907650381327" lon="-0.2676464896649122">
        <ele>182.83</ele>
      </trkpt>
      <trkpt lat="51.268882965669036" lon="-0.2674830425530672">
        <ele>181.83</ele>
      </trkpt>
      <trkpt lat="51.268689930438995" lon="-0.26731993071734905">
        <ele>180.83</ele>
      </trkpt>
      <trkpt lat="51.26849999651313" lon="-0.2669799607247114">
        <ele>179.83</ele>
      </trkpt>
      <trkpt lat="51.26836999319494" lon="-0.2665999252349138">
        <ele>178.87</ele>
      </trkpt>
      <trkpt lat="51.26828994601965" lon="-0.2661499846726656">
        <ele>178.04</ele>
      </trkpt>
      <trkpt lat="51.26818994991481" lon="-0.26575997471809387">
        <ele>177.27</ele>
      </trkpt>
      <trkpt lat="51.26815315335989" lon="-0.26535211130976677">
        <ele>176.41</ele>
      </trkpt>
      <trkpt lat="51.268116440624" lon="-0.2649443317204714">
        <ele>175.64</ele>
      </trkpt>
      <trkpt lat="51.2680799793452" lon="-0.2645399887114763">
        <ele>175.04</ele>
      </trkpt>
      <trkpt lat="51.2680699210614" lon="-0.2640999387949705">
        <ele>174.44</ele>
      </trkpt>
      <trkpt lat="51.268044859170914" lon="-0.2636888064444065">
        <ele>174.05</ele>
      </trkpt>
      <trkpt lat="51.268019964918494" lon="-0.2632799372076988">
        <ele>173.86</ele>
      </trkpt>
      <trkpt lat="51.268149968236685" lon="-0.2629999816417694">
        <ele>173.84</ele>
      </trkpt>
      <trkpt lat="51.268230183050036" lon="-0.26275942102074623">
        <ele>174.0</ele>
      </trkpt>
      <trkpt lat="51.26830997876823" lon="-0.26251995004713535">
        <ele>174.29</ele>
      </trkpt>
      <trkpt lat="51.268279971554875" lon="-0.26210999116301537">
        <ele>174.78</ele>
      </trkpt>
      <trkpt lat="51.268149968236685" lon="-0.2619299478828907">
        <ele>175.24</ele>
      </trkpt>
      <trkpt lat="51.26798995770514" lon="-0.261769937351346">
        <ele>175.76</ele>
      </trkpt>
      <trkpt lat="51.26780480146408" lon="-0.2616298757493496">
        <ele>176.34</ele>
      </trkpt>
      <trkpt lat="51.26761998049915" lon="-0.2614899817854166">
        <ele>176.97</ele>
      </trkpt>
      <trkpt lat="51.26732476986945" lon="-0.2613298874348402">
        <ele>177.64</ele>
      </trkpt>
      <trkpt lat="51.267029978334904" lon="-0.26116996072232723">
        <ele>178.25</ele>
      </trkpt>
      <trkpt lat="51.266824789345264" lon="-0.2609698008745909">
        <ele>178.87</ele>
      </trkpt>
      <trkpt lat="51.26661993563175" lon="-0.2607699763029814">
        <ele>179.57</ele>
      </trkpt>
      <trkpt lat="51.26641717739403" lon="-0.2604770287871361">
        <ele>180.19</ele>
      </trkpt>
      <trkpt lat="51.2662149220705" lon="-0.26018491946160793">
        <ele>180.8</ele>
      </trkpt>
      <trkpt lat="51.266012163832784" lon="-0.25989205576479435">
        <ele>181.4</ele>
      </trkpt>
      <trkpt lat="51.265809992328286" lon="-0.2595999464392662">
        <ele>181.98</ele>
      </trkpt>
      <trkpt lat="51.26560304313898" lon="-0.25935301557183266">
        <ele>182.5</ele>
      </trkpt>
      <trkpt lat="51.265396093949676" lon="-0.2591060008853674">
        <ele>183.01</ele>
      </trkpt>
      <trkpt lat="51.26518998295069" lon="-0.2588599920272827">
        <ele>183.54</ele>
      </trkpt>
      <trkpt lat="51.26504983752966" lon="-0.25870978832244873">
        <ele>184.02</ele>
      </trkpt>
      <trkpt lat="51.264909943565726" lon="-0.2585599198937416">
        <ele>184.55</ele>
      </trkpt>
      <trkpt lat="51.26480994746089" lon="-0.25850996375083923">
        <ele>185.04</ele>
      </trkpt>
      <trkpt lat="51.26455983147025" lon="-0.2583348657935858">
        <ele>185.52</ele>
      </trkpt>
      <trkpt lat="51.26430996693671" lon="-0.25815993547439575">
        <ele>185.91</ele>
      </trkpt>
      <trkpt lat="51.26431994140148" lon="-0.257809991016984">
        <ele>186.35</ele>
      </trkpt>
      <trkpt lat="51.264304937794805" lon="-0.2574288658797741">
        <ele>186.72</ele>
      </trkpt>
      <trkpt lat="51.26428993418813" lon="-0.2570499200373888">
        <ele>187.09</ele>
      </trkpt>
      <trkpt lat="51.26428658142686" lon="-0.2566922642290592">
        <ele>187.54</ele>
      </trkpt>
      <trkpt lat="51.26428331248462" lon="-0.25633460842072964">
        <ele>188.03</ele>
      </trkpt>
      <trkpt lat="51.26427995972335" lon="-0.2559799700975418">
        <ele>188.57</ele>
      </trkpt>
      <trkpt lat="51.26429496333003" lon="-0.2555687539279461">
        <ele>189.04</ele>
      </trkpt>
      <trkpt lat="51.26430996693671" lon="-0.2551599685102701">
        <ele>189.43</ele>
      </trkpt>
      <trkpt lat="51.264294879511" lon="-0.2548240218311548">
        <ele>189.82</ele>
      </trkpt>
      <trkpt lat="51.26427995972335" lon="-0.25448991917073727">
        <ele>190.14</ele>
      </trkpt>
      <trkpt lat="51.26421474851668" lon="-0.25407384149730206">
        <ele>190.45</ele>
      </trkpt>
      <trkpt lat="51.26414995640516" lon="-0.25365994311869144">
        <ele>190.74</ele>
      </trkpt>
      <trkpt lat="51.26413998194039" lon="-0.2531599625945091">
        <ele>191.08</ele>
      </trkpt>
      <trkpt lat="51.264170072972775" lon="-0.25290423072874546">
        <ele>191.31</ele>
      </trkpt>
      <trkpt lat="51.2641999963671" lon="-0.25264992378652096">
        <ele>191.47</ele>
      </trkpt>
      <trkpt lat="51.2640599347651" lon="-0.2526099421083927">
        <ele>191.67</ele>
      </trkpt>
      <trkpt lat="51.26383999362588" lon="-0.25261991657316685">
        <ele>191.79</ele>
      </trkpt>
      <trkpt lat="51.26361737027764" lon="-0.2526899892836809">
        <ele>191.96</ele>
      </trkpt>
      <trkpt lat="51.2633949983865" lon="-0.25275997817516327">
        <ele>192.1</ele>
      </trkpt>
      <trkpt lat="51.263172375038266" lon="-0.2528299670666456">
        <ele>192.22</ele>
      </trkpt>
      <trkpt lat="51.26294991932809" lon="-0.252899955958128">
        <ele>192.33</ele>
      </trkpt>
      <trkpt lat="51.26269309781492" lon="-0.2530667558312416">
        <ele>192.45</ele>
      </trkpt>
      <trkpt lat="51.26243627630174" lon="-0.2532334718853235">
        <ele>192.54</ele>
      </trkpt>
      <trkpt lat="51.262179957702756" lon="-0.2533999364823103">
        <ele>192.56</ele>
      </trkpt>
      <trkpt lat="51.26195481978357" lon="-0.2535099908709526">
        <ele>192.56</ele>
      </trkpt>
      <trkpt lat="51.261729933321476" lon="-0.2536199614405632">
        <ele>192.58</ele>
      </trkpt>
      <trkpt lat="51.2614799849689" lon="-0.25365994311869144">
        <ele>192.56</ele>
      </trkpt>
      <trkpt lat="51.26122492365539" lon="-0.25363496504724026">
        <ele>192.45</ele>
      </trkpt>
      <trkpt lat="51.26096994616091" lon="-0.25360998697578907">
        <ele>192.46</ele>
      </trkpt>
      <trkpt lat="51.26078998669982" lon="-0.25354997254908085">
        <ele>192.44</ele>
      </trkpt>
      <trkpt lat="51.26057993620634" lon="-0.2533999364823103">
        <ele>192.34</ele>
      </trkpt>
      <trkpt lat="51.26050475053489" lon="-0.2531744632869959">
        <ele>192.2</ele>
      </trkpt>
      <trkpt lat="51.2604299839586" lon="-0.25294999592006207">
        <ele>191.98</ele>
      </trkpt>
      <trkpt lat="51.260419925674796" lon="-0.2526599820703268">
        <ele>191.78</ele>
      </trkpt>
      <trkpt lat="51.260439958423376" lon="-0.252219932153821">
        <ele>191.58</ele>
      </trkpt>
      <trkpt lat="51.2604299839586" lon="-0.2518699876964092">
        <ele>191.36</ele>
      </trkpt>
      <trkpt lat="51.260399892926216" lon="-0.2514587715268135">
        <ele>190.95</ele>
      </trkpt>
      <trkpt lat="51.260369969531894" lon="-0.25104998610913754">
        <ele>190.56</ele>
      </trkpt>
      <trkpt lat="51.260309955105186" lon="-0.2506099361926317">
        <ele>190.23</ele>
      </trkpt>
      <trkpt lat="51.26021993346512" lon="-0.25021992623806">
        <ele>189.92</ele>
      </trkpt>
      <trkpt lat="51.26016980968416" lon="-0.24990912526845932">
        <ele>189.45</ele>
      </trkpt>
      <trkpt lat="51.26011993736029" lon="-0.24959991686046124">
        <ele>188.92</ele>
      </trkpt>
      <trkpt lat="51.26009998843074" lon="-0.24956999346613884">
        <ele>188.34</ele>
      </trkpt>
      <trkpt lat="51.2599999923259" lon="-0.24948994629085064">
        <ele>187.73</ele>
      </trkpt>
      <trkpt lat="51.25978994183242" lon="-0.24953998625278473">
        <ele>186.96</ele>
      </trkpt>
      <trkpt lat="51.25968994572759" lon="-0.2494799718260765">
        <ele>186.26</ele>
      </trkpt>
      <trkpt lat="51.259639989584684" lon="-0.2493699174374342">
        <ele>185.61</ele>
      </trkpt>
      <trkpt lat="51.259619956836104" lon="-0.2492599468678236">
        <ele>184.96</ele>
      </trkpt>
      <trkpt lat="51.259599924087524" lon="-0.24875996634364128">
        <ele>184.19</ele>
      </trkpt>
      <trkpt lat="51.25952993519604" lon="-0.24857992306351662">
        <ele>183.39</ele>
      </trkpt>
      <trkpt lat="51.25953999347985" lon="-0.24826903827488422">
        <ele>182.61</ele>
      </trkpt>
      <trkpt lat="51.25954996794462" lon="-0.24795999750494957">
        <ele>182.01</ele>
      </trkpt>
      <trkpt lat="51.259586764499545" lon="-0.24755213409662247">
        <ele>181.56</ele>
      </trkpt>
      <trkpt lat="51.259623477235436" lon="-0.24714435450732708">
        <ele>181.25</ele>
      </trkpt>
      <trkpt lat="51.25965993851423" lon="-0.2467399276793003">
        <ele>181.04</ele>
      </trkpt>
      <trkpt lat="51.259696735069156" lon="-0.24633214809000492">
        <ele>180.84</ele>
      </trkpt>
      <trkpt lat="51.25973353162408" lon="-0.24592428468167782">
        <ele>180.86</ele>
      </trkpt>
      <trkpt lat="51.259769992902875" lon="-0.24551994167268276">
        <ele>181.05</ele>
      </trkpt>
      <trkpt lat="51.25978499650955" lon="-0.24522414430975914">
        <ele>181.27</ele>
      </trkpt>
      <trkpt lat="51.2597999162972" lon="-0.2449299395084381">
        <ele>181.6</ele>
      </trkpt>
      <trkpt lat="51.25973998568952" lon="-0.24449994787573814">
        <ele>181.88</ele>
      </trkpt>
      <trkpt lat="51.259749960154295" lon="-0.244239941239357">
        <ele>182.41</ele>
      </trkpt>
      <trkpt lat="51.25990997068584" lon="-0.24391992017626762">
        <ele>183.34</ele>
      </trkpt>
      <trkpt lat="51.25996998511255" lon="-0.24384993128478527">
        <ele>184.12</ele>
      </trkpt>
      <trkpt lat="51.260040141642094" lon="-0.24361439980566502">
        <ele>184.94</ele>
      </trkpt>
      <trkpt lat="51.26010996289551" lon="-0.24337995797395706">
        <ele>185.82</ele>
      </trkpt>
      <trkpt lat="51.26007987186313" lon="-0.24301894940435886">
        <ele>186.69</ele>
      </trkpt>
      <trkpt lat="51.260049948468804" lon="-0.24265995249152184">
        <ele>187.65</ele>
      </trkpt>
      <trkpt lat="51.2599931191653" lon="-0.2421953435987234">
        <ele>188.66</ele>
      </trkpt>
      <trkpt lat="51.2599362898618" lon="-0.241730734705925">
        <ele>189.84</ele>
      </trkpt>
      <trkpt lat="51.259879963472486" lon="-0.24126998148858547">
        <ele>191.06</ele>
      </trkpt>
      <trkpt lat="51.259879963472486" lon="-0.24093395099043846">
        <ele>192.28</ele>
      </trkpt>
      <trkpt lat="51.259879963472486" lon="-0.24059993214905262">
        <ele>193.52</ele>
      </trkpt>
      <trkpt lat="51.25991676002741" lon="-0.24020221084356308">
        <ele>194.83</ele>
      </trkpt>
      <trkpt lat="51.2599534727633" lon="-0.23980440571904182">
        <ele>195.88</ele>
      </trkpt>
      <trkpt lat="51.259989934042096" lon="-0.23940995335578918">
        <ele>196.82</ele>
      </trkpt>
      <trkpt lat="51.259969901293516" lon="-0.2389787044376135">
        <ele>197.79</ele>
      </trkpt>
      <trkpt lat="51.25994995236397" lon="-0.23854997009038925">
        <ele>198.79</ele>
      </trkpt>
      <trkpt lat="51.25990997068584" lon="-0.23815996013581753">
        <ele>199.69</ele>
      </trkpt>
      <trkpt lat="51.259839814156294" lon="-0.2379093412309885">
        <ele>200.53</ele>
      </trkpt>
      <trkpt lat="51.259769992902875" lon="-0.2376599796116352">
        <ele>201.32</ele>
      </trkpt>
      <trkpt lat="51.259654741734266" lon="-0.23736937902867794">
        <ele>202.13</ele>
      </trkpt>
      <trkpt lat="51.25953999347985" lon="-0.2370799519121647">
        <ele>202.84</ele>
      </trkpt>
      <trkpt lat="51.259399680420756" lon="-0.23677434772253036">
        <ele>203.61</ele>
      </trkpt>
      <trkpt lat="51.25925995409489" lon="-0.23646991699934006">
        <ele>204.38</ele>
      </trkpt>
      <trkpt lat="51.259129950776696" lon="-0.23612994700670242">
        <ele>205.27</ele>
      </trkpt>
      <trkpt lat="51.25899961218238" lon="-0.23568889126181602">
        <ele>206.07</ele>
      </trkpt>
      <trkpt lat="51.258869944140315" lon="-0.2352499309927225">
        <ele>206.86</ele>
      </trkpt>
      <trkpt lat="51.258794758468866" lon="-0.23488900624215603">
        <ele>207.66</ele>
      </trkpt>
      <trkpt lat="51.258719991892576" lon="-0.23452992551028728">
        <ele>208.46</ele>
      </trkpt>
      <trkpt lat="51.25862309709191" lon="-0.23418576456606388">
        <ele>209.29</ele>
      </trkpt>
      <trkpt lat="51.25852611847222" lon="-0.23384160362184048">
        <ele>210.1</ele>
      </trkpt>
      <trkpt lat="51.25842997804284" lon="-0.23349995724856853">
        <ele>210.78</ele>
      </trkpt>
      <trkpt lat="51.25830634497106" lon="-0.23307893425226212">
        <ele>211.49</ele>
      </trkpt>
      <trkpt lat="51.25818271189928" lon="-0.2326579112559557">
        <ele>212.17</ele>
      </trkpt>
      <trkpt lat="51.25805991701782" lon="-0.23223998956382275">
        <ele>212.86</ele>
      </trkpt>
      <trkpt lat="51.25796478241682" lon="-0.23199439980089664">
        <ele>213.53</ele>
      </trkpt>
      <trkpt lat="51.25786998309195" lon="-0.23174998350441456">
        <ele>214.17</ele>
      </trkpt>
      <trkpt lat="51.2577429972589" lon="-0.23135234601795673">
        <ele>214.87</ele>
      </trkpt>
      <trkpt lat="51.25761601142585" lon="-0.23095479235053062">
        <ele>215.57</ele>
      </trkpt>
      <trkpt lat="51.25748994760215" lon="-0.2305599208921194">
        <ele>216.28</ele>
      </trkpt>
      <trkpt lat="51.25736463814974" lon="-0.23011383600533009">
        <ele>216.96</ele>
      </trkpt>
      <trkpt lat="51.25723999924958" lon="-0.22966993041336536">
        <ele>217.48</ele>
      </trkpt>
      <trkpt lat="51.257139751687646" lon="-0.22943448275327682">
        <ele>217.91</ele>
      </trkpt>
      <trkpt lat="51.25703992322087" lon="-0.22919995710253716">
        <ele>218.29</ele>
      </trkpt>
      <trkpt lat="51.25685996375978" lon="-0.2288299798965454">
        <ele>218.7</ele>
      </trkpt>
      <trkpt lat="51.25668469816446" lon="-0.22853946313261986">
        <ele>219.11</ele>
      </trkpt>
      <trkpt lat="51.25650993548334" lon="-0.2282499521970749">
        <ele>219.49</ele>
      </trkpt>
      <trkpt lat="51.25638999044895" lon="-0.2279199566692114">
        <ele>219.81</ele>
      </trkpt>
      <trkpt lat="51.25632477924228" lon="-0.22763924673199654">
        <ele>220.13</ele>
      </trkpt>
      <trkpt lat="51.25625998713076" lon="-0.22735996171832085">
        <ele>220.39</ele>
      </trkpt>
      <trkpt lat="51.256149765104055" lon="-0.2270994521677494">
        <ele>220.62</ele>
      </trkpt>
      <trkpt lat="51.25603996217251" lon="-0.22683994844555855">
        <ele>220.88</ele>
      </trkpt>
      <trkpt lat="51.25586997717619" lon="-0.2267999667674303">
        <ele>221.01</ele>
      </trkpt>
      <trkpt lat="51.25606996938586" lon="-0.2267199195921421">
        <ele>221.35</ele>
      </trkpt>
      <trkpt lat="51.2562199216336" lon="-0.2267199195921421">
        <ele>221.6</ele>
      </trkpt>
      <trkpt lat="51.256265100091696" lon="-0.22631381638348103">
        <ele>221.79</ele>
      </trkpt>
      <trkpt lat="51.25630994327366" lon="-0.22590997628867626">
        <ele>222.0</ele>
      </trkpt>
      <trkpt lat="51.25635512173176" lon="-0.22563421167433262">
        <ele>222.2</ele>
      </trkpt>
      <trkpt lat="51.256399964913726" lon="-0.22535995580255985">
        <ele>222.44</ele>
      </trkpt>
      <trkpt lat="51.25638990662992" lon="-0.22486349567770958">
        <ele>222.67</ele>
      </trkpt>
      <trkpt lat="51.256379932165146" lon="-0.22436996921896935">
        <ele>222.97</ele>
      </trkpt>
      <trkpt lat="51.25638999044895" lon="-0.22393872030079365">
        <ele>223.29</ele>
      </trkpt>
      <trkpt lat="51.256399964913726" lon="-0.2235099859535694">
        <ele>223.64</ele>
      </trkpt>
      <trkpt lat="51.25633995048702" lon="-0.2230399288237095">
        <ele>224.05</ele>
      </trkpt>
      <trkpt lat="51.256314888596535" lon="-0.22261370904743671">
        <ele>224.48</ele>
      </trkpt>
      <trkpt lat="51.256289994344115" lon="-0.2221899200230837">
        <ele>224.9</ele>
      </trkpt>
      <trkpt lat="51.256289994344115" lon="-0.2217119000852108">
        <ele>225.39</ele>
      </trkpt>
      <trkpt lat="51.256289994344115" lon="-0.2212338801473379">
        <ele>225.86</ele>
      </trkpt>
      <trkpt lat="51.256289994344115" lon="-0.22075996734201908">
        <ele>226.27</ele>
      </trkpt>
      <trkpt lat="51.25633508898318" lon="-0.2203588094562292">
        <ele>226.75</ele>
      </trkpt>
      <trkpt lat="51.256379932165146" lon="-0.21995999850332737">
        <ele>227.09</ele>
      </trkpt>
      <trkpt lat="51.25645017251372" lon="-0.2195538952946663">
        <ele>227.33</ele>
      </trkpt>
      <trkpt lat="51.25651999376714" lon="-0.2191499713808298">
        <ele>227.59</ele>
      </trkpt>
      <trkpt lat="51.25656760297716" lon="-0.21878141909837723">
        <ele>227.87</ele>
      </trkpt>
      <trkpt lat="51.256614960730076" lon="-0.21841496229171753">
        <ele>228.11</ele>
      </trkpt>
      <trkpt lat="51.25666256994009" lon="-0.21804641000926495">
        <ele>228.23</ele>
      </trkpt>
      <trkpt lat="51.25670992769301" lon="-0.21767995320260525">
        <ele>228.29</ele>
      </trkpt>
      <trkpt lat="51.256719985976815" lon="-0.21731995046138763">
        <ele>228.28</ele>
      </trkpt>
      <trkpt lat="51.25668989494443" lon="-0.21700906567275524">
        <ele>228.29</ele>
      </trkpt>
      <trkpt lat="51.25665997155011" lon="-0.21669994108378887">
        <ele>228.25</ele>
      </trkpt>
      <trkpt lat="51.256569949910045" lon="-0.21636994555592537">
        <ele>228.18</ele>
      </trkpt>
      <trkpt lat="51.25643298961222" lon="-0.21601924672722816">
        <ele>227.94</ele>
      </trkpt>
      <trkpt lat="51.2562960293144" lon="-0.21566846407949924">
        <ele>227.63</ele>
      </trkpt>
      <trkpt lat="51.256159991025925" lon="-0.21531994454562664">
        <ele>227.33</ele>
      </trkpt>
      <trkpt lat="51.25605974346399" lon="-0.21506940945982933">
        <ele>226.99</ele>
      </trkpt>
      <trkpt lat="51.25595999881625" lon="-0.21481996402144432">
        <ele>226.65</ele>
      </trkpt>
      <trkpt lat="51.25586997717619" lon="-0.21462994627654552">
        <ele>226.29</ele>
      </trkpt>
      <trkpt lat="51.2557072006166" lon="-0.21435954608023167">
        <ele>225.95</ele>
      </trkpt>
      <trkpt lat="51.2555449269712" lon="-0.21408998407423496">
        <ele>225.58</ele>
      </trkpt>
      <trkpt lat="51.25538223423064" lon="-0.2138195000588894">
        <ele>225.19</ele>
      </trkpt>
      <trkpt lat="51.25521996058524" lon="-0.21354993805289268">
        <ele>224.8</ele>
      </trkpt>
      <trkpt lat="51.25511979684234" lon="-0.2133496105670929">
        <ele>224.43</ele>
      </trkpt>
      <trkpt lat="51.255019968375564" lon="-0.21314995363354683">
        <ele>224.1</ele>
      </trkpt>
      <trkpt lat="51.25492977909744" lon="-0.21289941854774952">
        <ele>223.76</ele>
      </trkpt>
      <trkpt lat="51.25483992509544" lon="-0.2126499731093645">
        <ele>223.49</ele>
      </trkpt>
      <trkpt lat="51.25478996895254" lon="-0.21236993372440338">
        <ele>223.28</ele>
      </trkpt>
      <trkpt lat="51.254699947312474" lon="-0.21211998537182808">
        <ele>223.1</ele>
      </trkpt>
      <trkpt lat="51.25465485267341" lon="-0.21187431178987026">
        <ele>222.98</ele>
      </trkpt>
      <trkpt lat="51.25460992567241" lon="-0.2116299793124199">
        <ele>222.95</ele>
      </trkpt>
      <trkpt lat="51.25452476553619" lon="-0.2113392949104309">
        <ele>222.96</ele>
      </trkpt>
      <trkpt lat="51.25443994067609" lon="-0.21104995161294937">
        <ele>223.02</ele>
      </trkpt>
      <trkpt lat="51.25429468229413" lon="-0.2106841653585434">
        <ele>223.08</ele>
      </trkpt>
      <trkpt lat="51.25414992682636" lon="-0.21031997166574">
        <ele>223.34</ele>
      </trkpt>
      <trkpt lat="51.254019755870104" lon="-0.21008452400565147">
        <ele>223.66</ele>
      </trkpt>
      <trkpt lat="51.25388992018998" lon="-0.2098499983549118">
        <ele>224.06</ele>
      </trkpt>
      <trkpt lat="51.25380995683372" lon="-0.209659980610013">
        <ele>224.49</ele>
      </trkpt>
      <trkpt lat="51.25376486219466" lon="-0.20919864065945148">
        <ele>224.96</ele>
      </trkpt>
      <trkpt lat="51.25371993519366" lon="-0.20873998291790485">
        <ele>225.39</ele>
      </trkpt>
      <trkpt lat="51.25374005176127" lon="-0.20833882503211498">
        <ele>225.84</ele>
      </trkpt>
      <trkpt lat="51.253759916871786" lon="-0.20793993026018143">
        <ele>226.22</ele>
      </trkpt>
      <trkpt lat="51.253850189968944" lon="-0.20753391087055206">
        <ele>226.72</ele>
      </trkpt>
      <trkpt lat="51.25393996015191" lon="-0.20712998695671558">
        <ele>227.25</ele>
      </trkpt>
      <trkpt lat="51.253969967365265" lon="-0.20684994757175446">
        <ele>227.84</ele>
      </trkpt>
      <trkpt lat="51.25396493822336" lon="-0.2064738515764475">
        <ele>228.55</ele>
      </trkpt>
      <trkpt lat="51.25395999290049" lon="-0.20609993487596512">
        <ele>229.37</ele>
      </trkpt>
      <trkpt lat="51.25395496375859" lon="-0.20572383888065815">
        <ele>230.22</ele>
      </trkpt>
      <trkpt lat="51.253949934616685" lon="-0.20534992218017578">
        <ele>230.97</ele>
      </trkpt>
      <trkpt lat="51.253985054790974" lon="-0.20497893914580345">
        <ele>231.77</ele>
      </trkpt>
      <trkpt lat="51.25402017496526" lon="-0.2046078722923994">
        <ele>232.5</ele>
      </trkpt>
      <trkpt lat="51.254054959863424" lon="-0.20423999056220055">
        <ele>233.16</ele>
      </trkpt>
      <trkpt lat="51.25409008003771" lon="-0.2038689237087965">
        <ele>233.84</ele>
      </trkpt>
      <trkpt lat="51.25412511639297" lon="-0.20349785685539246">
        <ele>234.54</ele>
      </trkpt>
      <trkpt lat="51.254159985110164" lon="-0.2031299751251936">
        <ele>235.22</ele>
      </trkpt>
      <trkpt lat="51.25418504700065" lon="-0.20275890827178955">
        <ele>235.89</ele>
      </trkpt>
      <trkpt lat="51.254209941253066" lon="-0.2023899368941784">
        <ele>236.49</ele>
      </trkpt>
      <trkpt lat="51.25425511971116" lon="-0.20204401575028896">
        <ele>236.95</ele>
      </trkpt>
      <trkpt lat="51.25429996289313" lon="-0.20169993862509727">
        <ele>237.3</ele>
      </trkpt>
      <trkpt lat="51.254310021176934" lon="-0.2013188973069191">
        <ele>237.55</ele>
      </trkpt>
      <trkpt lat="51.25431999564171" lon="-0.2009377721697092">
        <ele>237.77</ele>
      </trkpt>
      <trkpt lat="51.25432997010648" lon="-0.20055999979376793">
        <ele>237.72</ele>
      </trkpt>
      <trkpt lat="51.25438344664872" lon="-0.20022237673401833">
        <ele>237.48</ele>
      </trkpt>
      <trkpt lat="51.25443692319095" lon="-0.19988475367426872">
        <ele>237.11</ele>
      </trkpt>
      <trkpt lat="51.25448998063803" lon="-0.19954998046159744">
        <ele>236.68</ele>
      </trkpt>
      <trkpt lat="51.25461998395622" lon="-0.19949994049966335">
        <ele>236.19</ele>
      </trkpt>
      <trkpt lat="51.25470514409244" lon="-0.1992644090205431">
        <ele>235.59</ele>
      </trkpt>
      <trkpt lat="51.25478996895254" lon="-0.19902996718883514">
        <ele>234.93</ele>
      </trkpt>
      <trkpt lat="51.25491024926305" lon="-0.1986022386699915">
        <ele>234.17</ele>
      </trkpt>
      <trkpt lat="51.25503052957356" lon="-0.19817451015114784">
        <ele>233.42</ele>
      </trkpt>
      <trkpt lat="51.255149971693754" lon="-0.19774996675550938">
        <ele>232.69</ele>
      </trkpt>
      <trkpt lat="51.25517997890711" lon="-0.19749993458390236">
        <ele>231.92</ele>
      </trkpt>
      <trkpt lat="51.25517997890711" lon="-0.19727999344468117">
        <ele>231.08</ele>
      </trkpt>
      <trkpt lat="51.25530025921762" lon="-0.19685226492583752">
        <ele>230.06</ele>
      </trkpt>
      <trkpt lat="51.25542053952813" lon="-0.19642453640699387">
        <ele>229.01</ele>
      </trkpt>
      <trkpt lat="51.255539981648326" lon="-0.1959999930113554">
        <ele>227.97</ele>
      </trkpt>
      <trkpt lat="51.25562514178455" lon="-0.19574937410652637">
        <ele>226.99</ele>
      </trkpt>
      <trkpt lat="51.255709966644645" lon="-0.19549992866814137">
        <ele>225.98</ele>
      </trkpt>
      <trkpt lat="51.25580350868404" lon="-0.1951123494654894">
        <ele>224.87</ele>
      </trkpt>
      <trkpt lat="51.255897134542465" lon="-0.1947246864438057">
        <ele>223.7</ele>
      </trkpt>
      <trkpt lat="51.255989922210574" lon="-0.19433995708823204">
        <ele>222.51</ele>
      </trkpt>
      <trkpt lat="51.2560367770493" lon="-0.19401239231228828">
        <ele>221.38</ele>
      </trkpt>
      <trkpt lat="51.256083548069" lon="-0.19368482753634453">
        <ele>220.23</ele>
      </trkpt>
      <trkpt lat="51.25612998381257" lon="-0.19335994496941566">
        <ele>219.07</ele>
      </trkpt>
      <trkpt lat="51.25604993663728" lon="-0.1931499782949686">
        <ele>217.98</ele>
      </trkpt>
      <trkpt lat="51.25604993663728" lon="-0.19285996444523335">
        <ele>216.8</ele>
      </trkpt>
      <trkpt lat="51.256014900282025" lon="-0.19257917068898678">
        <ele>215.66</ele>
      </trkpt>
      <trkpt lat="51.2559799477458" lon="-0.1922999694943428">
        <ele>214.48</ele>
      </trkpt>
      <trkpt lat="51.2559799477458" lon="-0.19216996617615223">
        <ele>213.37</ele>
      </trkpt>
      <trkpt lat="51.25603996217251" lon="-0.19180996343493462">
        <ele>212.28</ele>
      </trkpt>
      <trkpt lat="51.256159991025925" lon="-0.19149991683661938">
        <ele>211.23</ele>
      </trkpt>
      <trkpt lat="51.25631991773844" lon="-0.19134996458888054">
        <ele>210.28</ele>
      </trkpt>
      <trkpt lat="51.25631991773844" lon="-0.19119992852210999">
        <ele>209.16</ele>
      </trkpt>
      <trkpt lat="51.2563599832356" lon="-0.19110999070107937">
        <ele>208.03</ele>
      </trkpt>
      <trkpt lat="51.25649996101856" lon="-0.1910099945962429">
        <ele>206.88</ele>
      </trkpt>
      <trkpt lat="51.25653994269669" lon="-0.19077999517321587">
        <ele>205.62</ele>
      </trkpt>
      <trkpt lat="51.25647992826998" lon="-0.1904899813234806">
        <ele>204.19</ele>
      </trkpt>
      <trkpt lat="51.25663021579385" lon="-0.19020943902432919">
        <ele>202.76</ele>
      </trkpt>
      <trkpt lat="51.256780503317714" lon="-0.18992898054420948">
        <ele>201.23</ele>
      </trkpt>
      <trkpt lat="51.25692995265126" lon="-0.18964994698762894">
        <ele>199.62</ele>
      </trkpt>
      <trkpt lat="51.25706993043423" lon="-0.18945992924273014">
        <ele>198.03</ele>
      </trkpt>
      <trkpt lat="51.25720999203622" lon="-0.1893899403512478">
        <ele>196.37</ele>
      </trkpt>
      <trkpt lat="51.257449965924025" lon="-0.18917997367680073">
        <ele>194.55</ele>
      </trkpt>
      <trkpt lat="51.25762992538512" lon="-0.1888699270784855">
        <ele>192.54</ele>
      </trkpt>
      <trkpt lat="51.25782011076808" lon="-0.18868309445679188">
        <ele>190.52</ele>
      </trkpt>
      <trkpt lat="51.25801029615104" lon="-0.18849626183509827">
        <ele>188.46</ele>
      </trkpt>
      <trkpt lat="51.258199978619814" lon="-0.18830993212759495">
        <ele>186.31</ele>
      </trkpt>
      <trkpt lat="51.25835521146655" lon="-0.188064593821764">
        <ele>184.13</ele>
      </trkpt>
      <trkpt lat="51.2585099413991" lon="-0.18781992606818676">
        <ele>181.91</ele>
      </trkpt>
      <trkpt lat="51.25864019617438" lon="-0.18756452947854996">
        <ele>179.7</ele>
      </trkpt>
      <trkpt lat="51.25876994803548" lon="-0.1873099710792303">
        <ele>177.44</ele>
      </trkpt>
      <trkpt lat="51.25893021002412" lon="-0.18708969466388226">
        <ele>175.12</ele>
      </trkpt>
      <trkpt lat="51.25908996909857" lon="-0.1868699211627245">
        <ele>172.74</ele>
      </trkpt>
      <trkpt lat="51.259209997951984" lon="-0.18652995117008686">
        <ele>170.44</ele>
      </trkpt>
      <trkpt lat="51.25938995741308" lon="-0.18619995564222336">
        <ele>168.14</ele>
      </trkpt>
      <trkpt lat="51.2594751175493" lon="-0.1859393622726202">
        <ele>165.9</ele>
      </trkpt>
      <trkpt lat="51.259559942409396" lon="-0.18567994236946106">
        <ele>163.7</ele>
      </trkpt>
      <trkpt lat="51.25975993461907" lon="-0.18553996458649635">
        <ele>161.54</ele>
      </trkpt>
      <trkpt lat="51.2599101383239" lon="-0.18535975366830826">
        <ele>159.46</ele>
      </trkpt>
      <trkpt lat="51.26005992293358" lon="-0.18517996184527874">
        <ele>157.42</ele>
      </trkpt>
      <trkpt lat="51.26022026874125" lon="-0.18482674844563007">
        <ele>155.39</ele>
      </trkpt>
      <trkpt lat="51.26037994399667" lon="-0.18447495996952057">
        <ele>153.48</ele>
      </trkpt>
      <trkpt lat="51.26054028980434" lon="-0.1841217465698719">
        <ele>151.63</ele>
      </trkpt>
      <trkpt lat="51.26069996505976" lon="-0.1837699580937624">
        <ele>149.82</ele>
      </trkpt>
      <trkpt lat="51.26076995395124" lon="-0.18356996588408947">
        <ele>148.19</ele>
      </trkpt>
      <trkpt lat="51.26076995395124" lon="-0.18355999141931534">
        <ele>146.7</ele>
      </trkpt>
      <trkpt lat="51.26089023426175" lon="-0.18323427066206932">
        <ele>145.27</ele>
      </trkpt>
      <trkpt lat="51.26100992783904" lon="-0.18290997482836246">
        <ele>143.93</ele>
      </trkpt>
      <trkpt lat="51.26108997501433" lon="-0.18254997208714485">
        <ele>142.63</ele>
      </trkpt>
      <trkpt lat="51.26112995669246" lon="-0.1822599582374096">
        <ele>141.44</ele>
      </trkpt>
      <trkpt lat="51.2610499933362" lon="-0.18179995939135551">
        <ele>140.39</ele>
      </trkpt>
      <trkpt lat="51.26100984402001" lon="-0.1815041620284319">
        <ele>139.43</ele>
      </trkpt>
      <trkpt lat="51.26096994616091" lon="-0.18120995722711086">
        <ele>138.48</ele>
      </trkpt>
      <trkpt lat="51.260909931734204" lon="-0.18095992505550385">
        <ele>137.52</ele>
      </trkpt>
      <trkpt lat="51.26078462228179" lon="-0.18055650405585766">
        <ele>136.54</ele>
      </trkpt>
      <trkpt lat="51.26065998338163" lon="-0.1801549270749092">
        <ele>135.64</ele>
      </trkpt>
      <trkpt lat="51.260534673929214" lon="-0.17975150607526302">
        <ele>134.76</ele>
      </trkpt>
      <trkpt lat="51.26040995121002" lon="-0.17934992909431458">
        <ele>133.83</ele>
      </trkpt>
      <trkpt lat="51.26035999506712" lon="-0.17906997352838516">
        <ele>133.06</ele>
      </trkpt>
      <trkpt lat="51.260349936783314" lon="-0.17884994857013226">
        <ele>132.46</ele>
      </trkpt>
      <trkpt lat="51.26041514798999" lon="-0.17859932966530323">
        <ele>132.01</ele>
      </trkpt>
      <trkpt lat="51.260479940101504" lon="-0.17834996804594994">
        <ele>131.7</ele>
      </trkpt>
      <trkpt lat="51.26065998338163" lon="-0.17801997251808643">
        <ele>131.51</ele>
      </trkpt>
      <trkpt lat="51.260869950056076" lon="-0.17768997699022293">
        <ele>131.36</ele>
      </trkpt>
      <trkpt lat="51.261110259220004" lon="-0.17739459872245789">
        <ele>131.23</ele>
      </trkpt>
      <trkpt lat="51.26134998165071" lon="-0.17709997482597828">
        <ele>131.27</ele>
      </trkpt>
      <trkpt lat="51.26157998107374" lon="-0.17676997929811478">
        <ele>131.43</ele>
      </trkpt>
      <trkpt lat="51.261769998818636" lon="-0.17642992548644543">
        <ele>131.61</ele>
      </trkpt>
      <trkpt lat="51.26192992553115" lon="-0.17609992995858192">
        <ele>131.77</ele>
      </trkpt>
      <trkpt lat="51.26203997991979" lon="-0.17576993443071842">
        <ele>131.92</ele>
      </trkpt>
      <trkpt lat="51.26207996159792" lon="-0.1755999494343996">
        <ele>132.15</ele>
      </trkpt>
      <trkpt lat="51.262109968811274" lon="-0.17522997222840786">
        <ele>132.47</ele>
      </trkpt>
      <trkpt lat="51.26211994327605" lon="-0.17480995506048203">
        <ele>132.73</ele>
      </trkpt>
      <trkpt lat="51.262094881385565" lon="-0.1744689792394638">
        <ele>133.05</ele>
      </trkpt>
      <trkpt lat="51.262069987133145" lon="-0.17412993125617504">
        <ele>133.45</ele>
      </trkpt>
      <trkpt lat="51.26203486695886" lon="-0.17388425767421722">
        <ele>133.77</ele>
      </trkpt>
      <trkpt lat="51.26199999824166" lon="-0.17363992519676685">
        <ele>134.04</ele>
      </trkpt>
      <trkpt lat="51.26212991774082" lon="-0.17351998016238213">
        <ele>134.33</ele>
      </trkpt>
      <trkpt lat="51.26229026354849" lon="-0.1732094306498766">
        <ele>134.47</ele>
      </trkpt>
      <trkpt lat="51.26244993880391" lon="-0.17289997078478336">
        <ele>134.58</ele>
      </trkpt>
      <trkpt lat="51.2625299859792" lon="-0.17281992360949516">
        <ele>134.77</ele>
      </trkpt>
      <trkpt lat="51.262750178575516" lon="-0.17262982204556465">
        <ele>134.91</ele>
      </trkpt>
      <trkpt lat="51.2629702873528" lon="-0.17243963666260242">
        <ele>135.06</ele>
      </trkpt>
      <trkpt lat="51.263189977034926" lon="-0.1722499541938305">
        <ele>135.26</ele>
      </trkpt>
      <trkpt lat="51.26336993649602" lon="-0.17204996198415756">
        <ele>135.48</ele>
      </trkpt>
      <trkpt lat="51.26345995813608" lon="-0.17188995145261288">
        <ele>135.63</ele>
      </trkpt>
      <trkpt lat="51.263529947027564" lon="-0.17182993702590466">
        <ele>135.77</ele>
      </trkpt>
      <trkpt lat="51.263529947027564" lon="-0.17168995924293995">
        <ele>135.88</ele>
      </trkpt>
      <trkpt lat="51.26362013630569" lon="-0.1714293658733368">
        <ele>135.97</ele>
      </trkpt>
      <trkpt lat="51.26370999030769" lon="-0.17116994597017765">
        <ele>136.04</ele>
      </trkpt>
      <trkpt lat="51.26373999752104" lon="-0.1710699498653412">
        <ele>136.06</ele>
      </trkpt>
      <trkpt lat="51.263724910095334" lon="-0.1707590650767088">
        <ele>136.05</ele>
      </trkpt>
      <trkpt lat="51.26370999030769" lon="-0.17044994048774242">
        <ele>135.94</ele>
      </trkpt>
      <trkpt lat="51.26377997919917" lon="-0.17040995880961418">
        <ele>135.87</ele>
      </trkpt>
      <trkpt lat="51.2638699170202" lon="-0.17026998102664948">
        <ele>135.77</ele>
      </trkpt>
      <trkpt lat="51.26398994587362" lon="-0.17017995938658714">
        <ele>135.63</ele>
      </trkpt>
      <trkpt lat="51.26413025893271" lon="-0.16981417313218117">
        <ele>135.4</ele>
      </trkpt>
      <trkpt lat="51.26426998525858" lon="-0.16944997943937778">
        <ele>135.17</ele>
      </trkpt>
      <trkpt lat="51.264459919184446" lon="-0.16905996948480606">
        <ele>134.82</ele>
      </trkpt>
      <trkpt lat="51.26450995914638" lon="-0.16891999170184135">
        <ele>134.44</ele>
      </trkpt>
      <trkpt lat="51.26472998410463" lon="-0.16871999949216843">
        <ele>134.0</ele>
      </trkpt>
      <trkpt lat="51.264929976314306" lon="-0.1684399601072073">
        <ele>133.57</ele>
      </trkpt>
      <trkpt lat="51.265079928562045" lon="-0.16826997511088848">
        <ele>133.04</ele>
      </trkpt>
      <trkpt lat="51.265359967947006" lon="-0.1680599246174097">
        <ele>132.41</ele>
      </trkpt>
      <trkpt lat="51.26557999290526" lon="-0.16783998347818851">
        <ele>131.75</ele>
      </trkpt>
      <trkpt lat="51.265729945153" lon="-0.16762993298470974">
        <ele>131.06</ele>
      </trkpt>
      <trkpt lat="51.26581015996635" lon="-0.16740948893129826">
        <ele>130.42</ele>
      </trkpt>
      <trkpt lat="51.26588995568454" lon="-0.16718996688723564">
        <ele>129.72</ele>
      </trkpt>
      <trkpt lat="51.26595684327185" lon="-0.16683231107890606">
        <ele>129.0</ele>
      </trkpt>
      <trkpt lat="51.26602364704013" lon="-0.1664747390896082">
        <ele>128.14</ele>
      </trkpt>
      <trkpt lat="51.266089947894216" lon="-0.16611993312835693">
        <ele>127.19</ele>
      </trkpt>
      <trkpt lat="51.26609992235899" lon="-0.16590996645390987">
        <ele>126.27</ele>
      </trkpt>
      <trkpt lat="51.26617996953428" lon="-0.16552993096411228">
        <ele>125.3</ele>
      </trkpt>
      <trkpt lat="51.266259932890534" lon="-0.16534997150301933">
        <ele>124.31</ele>
      </trkpt>
      <trkpt lat="51.26626999117434" lon="-0.16524997539818287">
        <ele>123.3</ele>
      </trkpt>
      <trkpt lat="51.266222298145294" lon="-0.16476860269904137">
        <ele>122.25</ele>
      </trkpt>
      <trkpt lat="51.266174940392375" lon="-0.16428999602794647">
        <ele>121.08</ele>
      </trkpt>
      <trkpt lat="51.26612733118236" lon="-0.16380862332880497">
        <ele>119.97</ele>
      </trkpt>
      <trkpt lat="51.26607997342944" lon="-0.16332993283867836">
        <ele>118.83</ele>
      </trkpt>
      <trkpt lat="51.26601476222277" lon="-0.16287538222968578">
        <ele>117.6</ele>
      </trkpt>
      <trkpt lat="51.265949634835124" lon="-0.1624208316206932">
        <ele>116.19</ele>
      </trkpt>
      <trkpt lat="51.26588492654264" lon="-0.1619699690490961">
        <ele>114.89</ele>
      </trkpt>
      <trkpt lat="51.265819799155" lon="-0.16151533462107182">
        <ele>113.64</ele>
      </trkpt>
      <trkpt lat="51.26575458794832" lon="-0.16106078401207924">
        <ele>112.36</ele>
      </trkpt>
      <trkpt lat="51.26568996347487" lon="-0.16060992144048214">
        <ele>110.96</ele>
      </trkpt>
      <trkpt lat="51.265622237697244" lon="-0.16017875634133816">
        <ele>109.58</ele>
      </trkpt>
      <trkpt lat="51.265554931014776" lon="-0.1597499381750822">
        <ele>108.08</ele>
      </trkpt>
      <trkpt lat="51.26548728905618" lon="-0.15931877307593822">
        <ele>106.64</ele>
      </trkpt>
      <trkpt lat="51.265419982373714" lon="-0.15888995490968227">
        <ele>105.48</ele>
      </trkpt>
      <trkpt lat="51.26537983305752" lon="-0.15847211703658104">
        <ele>104.36</ele>
      </trkpt>
      <trkpt lat="51.26533976756036" lon="-0.1580542791634798">
        <ele>103.28</ele>
      </trkpt>
      <trkpt lat="51.2652999535203" lon="-0.15763996168971062">
        <ele>102.29</ele>
      </trkpt>
      <trkpt lat="51.265239771455526" lon="-0.15718868002295494">
        <ele>101.42</ele>
      </trkpt>
      <trkpt lat="51.26517992466688" lon="-0.15673999674618244">
        <ele>100.7</ele>
      </trkpt>
      <trkpt lat="51.265129800885916" lon="-0.15630874782800674">
        <ele>100.0</ele>
      </trkpt>
      <trkpt lat="51.26507967710495" lon="-0.15587758272886276">
        <ele>99.44</ele>
      </trkpt>
      <trkpt lat="51.26502997241914" lon="-0.15544993802905083">
        <ele>99.01</ele>
      </trkpt>
      <trkpt lat="51.26497984863818" lon="-0.15501877292990685">
        <ele>98.67</ele>
      </trkpt>
      <trkpt lat="51.26492964103818" lon="-0.15458752401173115">
        <ele>98.45</ele>
      </trkpt>
      <trkpt lat="51.26487993635237" lon="-0.15415996313095093">
        <ele>98.3</ele>
      </trkpt>
      <trkpt lat="51.26493006013334" lon="-0.15376215800642967">
        <ele>98.16</ele>
      </trkpt>
      <trkpt lat="51.264980267733335" lon="-0.15336443670094013">
        <ele>97.96</ele>
      </trkpt>
      <trkpt lat="51.26502997241914" lon="-0.1529699843376875">
        <ele>97.77</ele>
      </trkpt>
      <trkpt lat="51.264859987422824" lon="-0.15283998101949692">
        <ele>97.58</ele>
      </trkpt>
      <trkpt lat="51.264819921925664" lon="-0.15270997770130634">
        <ele>97.44</ele>
      </trkpt>
      <trkpt lat="51.26474993303418" lon="-0.1527299266308546">
        <ele>97.33</ele>
      </trkpt>
      <trkpt lat="51.26468991860747" lon="-0.1527299266308546">
        <ele>97.23</ele>
      </trkpt>
      <trkpt lat="51.264779940247536" lon="-0.15233991667628288">
        <ele>97.11</ele>
      </trkpt>
      <trkpt lat="51.26476996578276" lon="-0.1521199755370617">
        <ele>96.99</ele>
      </trkpt>
      <trkpt lat="51.264819921925664" lon="-0.15186994336545467">
        <ele>96.86</ele>
      </trkpt>
      <trkpt lat="51.26482998020947" lon="-0.15166995115578175">
        <ele>96.73</ele>
      </trkpt>
      <trkpt lat="51.2649199180305" lon="-0.15149996615946293">
        <ele>96.55</ele>
      </trkpt>
      <trkpt lat="51.26475722528994" lon="-0.15124959871172905">
        <ele>96.34</ele>
      </trkpt>
      <trkpt lat="51.26459495164454" lon="-0.1509999856352806">
        <ele>96.14</ele>
      </trkpt>
      <trkpt lat="51.26443217508495" lon="-0.15074961818754673">
        <ele>95.91</ele>
      </trkpt>
      <trkpt lat="51.26426998525858" lon="-0.15049992129206657">
        <ele>95.71</ele>
      </trkpt>
      <trkpt lat="51.26433997415006" lon="-0.15043999068439007">
        <ele>95.5</ele>
      </trkpt>
      <trkpt lat="51.26428993418813" lon="-0.15028995461761951">
        <ele>95.32</ele>
      </trkpt>
      <trkpt lat="51.26428993418813" lon="-0.15015995129942894">
        <ele>95.13</ele>
      </trkpt>
      <trkpt lat="51.26437995582819" lon="-0.15013991855084896">
        <ele>94.93</ele>
      </trkpt>
      <trkpt lat="51.26435992307961" lon="-0.14990991912782192">
        <ele>94.74</ele>
      </trkpt>
      <trkpt lat="51.26426998525858" lon="-0.1499299518764019">
        <ele>94.57</ele>
      </trkpt>
      <trkpt lat="51.26426998525858" lon="-0.14967991970479488">
        <ele>94.39</ele>
      </trkpt>
      <trkpt lat="51.264389930292964" lon="-0.1493799313902855">
        <ele>94.19</ele>
      </trkpt>
      <trkpt lat="51.264429995790124" lon="-0.14925998635590076">
        <ele>94.04</ele>
      </trkpt>
      <trkpt lat="51.2644399702549" lon="-0.14892999082803726">
        <ele>93.91</ele>
      </trkpt>
      <trkpt lat="51.2643947917968" lon="-0.1485789567232132">
        <ele>93.78</ele>
      </trkpt>
      <trkpt lat="51.264349948614836" lon="-0.1482299342751503">
        <ele>93.63</ele>
      </trkpt>
      <trkpt lat="51.26429999247193" lon="-0.14813999645411968">
        <ele>93.59</ele>
      </trkpt>
      <trkpt lat="51.26432999968529" lon="-0.1480699237436056">
        <ele>93.58</ele>
      </trkpt>
      <trkpt lat="51.264349948614836" lon="-0.14809993095695972">
        <ele>93.6</ele>
      </trkpt>
      <trkpt lat="51.264429995790124" lon="-0.1480399165302515">
        <ele>93.68</ele>
      </trkpt>
      <trkpt lat="51.26450995914638" lon="-0.147709921002388">
        <ele>93.81</ele>
      </trkpt>
      <trkpt lat="51.26450995914638" lon="-0.14750992879271507">
        <ele>93.95</ele>
      </trkpt>
      <trkpt lat="51.26456678844988" lon="-0.14717909507453442">
        <ele>94.14</ele>
      </trkpt>
      <trkpt lat="51.26462361775339" lon="-0.14684817753732204">
        <ele>94.37</ele>
      </trkpt>
      <trkpt lat="51.2646799441427" lon="-0.14651994220912457">
        <ele>94.64</ele>
      </trkpt>
      <trkpt lat="51.26482017338276" lon="-0.14631466940045357">
        <ele>94.99</ele>
      </trkpt>
      <trkpt lat="51.26495998352766" lon="-0.14610998332500458">
        <ele>95.35</ele>
      </trkpt>
      <trkpt lat="51.264918744564056" lon="-0.14571997337043285">
        <ele>95.71</ele>
      </trkpt>
      <trkpt lat="51.26487750560045" lon="-0.14532996341586113">
        <ele>96.03</ele>
      </trkpt>
      <trkpt lat="51.26483668573201" lon="-0.1449432224035263">
        <ele>96.42</ele>
      </trkpt>
      <trkpt lat="51.2647954467684" lon="-0.1445532962679863">
        <ele>96.88</ele>
      </trkpt>
      <trkpt lat="51.26475412398577" lon="-0.1441633701324463">
        <ele>97.33</ele>
      </trkpt>
      <trkpt lat="51.26471322029829" lon="-0.14377662912011147">
        <ele>97.81</ele>
      </trkpt>
      <trkpt lat="51.26467206515372" lon="-0.14338670298457146">
        <ele>98.3</ele>
      </trkpt>
      <trkpt lat="51.264630826190114" lon="-0.14299669302999973">
        <ele>98.81</ele>
      </trkpt>
      <trkpt lat="51.26458992250264" lon="-0.1426099520176649">
        <ele>99.39</ele>
      </trkpt>
      <trkpt lat="51.26455153338611" lon="-0.14220552518963814">
        <ele>99.97</ele>
      </trkpt>
      <trkpt lat="51.264513060450554" lon="-0.14180101454257965">
        <ele>100.53</ele>
      </trkpt>
      <trkpt lat="51.26447492279112" lon="-0.1413999404758215">
        <ele>101.07</ele>
      </trkpt>
      <trkpt lat="51.2644365336746" lon="-0.14099551364779472">
        <ele>101.66</ele>
      </trkpt>
      <trkpt lat="51.26439806073904" lon="-0.14059100300073624">
        <ele>102.28</ele>
      </trkpt>
      <trkpt lat="51.26435992307961" lon="-0.14018992893397808">
        <ele>102.85</ele>
      </trkpt>
      <trkpt lat="51.264349948614836" lon="-0.13968994840979576">
        <ele>103.41</ele>
      </trkpt>
      <trkpt lat="51.264389930292964" lon="-0.1394299417734146">
        <ele>103.96</ele>
      </trkpt>
      <trkpt lat="51.26441993750632" lon="-0.13932994566857815">
        <ele>104.52</ele>
      </trkpt>
      <trkpt lat="51.264429995790124" lon="-0.1390999462455511">
        <ele>105.13</ele>
      </trkpt>
      <trkpt lat="51.264409963041544" lon="-0.138659980148077">
        <ele>105.65</ele>
      </trkpt>
      <trkpt lat="51.26438154838979" lon="-0.13831565156579018">
        <ele>106.25</ele>
      </trkpt>
      <trkpt lat="51.26435313373804" lon="-0.13797132298350334">
        <ele>106.88</ele>
      </trkpt>
      <trkpt lat="51.264324970543385" lon="-0.13762992806732655">
        <ele>107.51</ele>
      </trkpt>
      <trkpt lat="51.26429655589163" lon="-0.13728568330407143">
        <ele>108.11</ele>
      </trkpt>
      <trkpt lat="51.26426814123988" lon="-0.1369413547217846">
        <ele>108.68</ele>
      </trkpt>
      <trkpt lat="51.264239978045225" lon="-0.1365999598056078">
        <ele>109.21</ele>
      </trkpt>
      <trkpt lat="51.26418985426426" lon="-0.13617625460028648">
        <ele>109.72</ele>
      </trkpt>
      <trkpt lat="51.26413998194039" lon="-0.13575498014688492">
        <ele>110.17</ele>
      </trkpt>
      <trkpt lat="51.26408985815942" lon="-0.1353312749415636">
        <ele>110.63</ele>
      </trkpt>
      <trkpt lat="51.26403998583555" lon="-0.13490991666913033">
        <ele>111.14</ele>
      </trkpt>
      <trkpt lat="51.2640099786222" lon="-0.13479994609951973">
        <ele>111.61</ele>
      </trkpt>
      <trkpt lat="51.26391978934407" lon="-0.1345895603299141">
        <ele>112.08</ele>
      </trkpt>
      <trkpt lat="51.26382993534207" lon="-0.1343799289315939">
        <ele>112.55</ele>
      </trkpt>
      <trkpt lat="51.26374477520585" lon="-0.134064182639122">
        <ele>112.92</ele>
      </trkpt>
      <trkpt lat="51.263659950345755" lon="-0.133749945089221">
        <ele>113.32</ele>
      </trkpt>
      <trkpt lat="51.26355970278382" lon="-0.13331886380910873">
        <ele>113.73</ele>
      </trkpt>
      <trkpt lat="51.26345995813608" lon="-0.13288996182382107">
        <ele>114.0</ele>
      </trkpt>
      <trkpt lat="51.26332710497081" lon="-0.13245142064988613">
        <ele>114.2</ele>
      </trkpt>
      <trkpt lat="51.2631949223578" lon="-0.13201497495174408">
        <ele>114.43</ele>
      </trkpt>
      <trkpt lat="51.26306215301156" lon="-0.13157643377780914">
        <ele>114.71</ele>
      </trkpt>
      <trkpt lat="51.262929970398545" lon="-0.1311399880796671">
        <ele>114.93</ele>
      </trkpt>
      <trkpt lat="51.2628547847271" lon="-0.1308994274586439">
        <ele>115.06</ele>
      </trkpt>
      <trkpt lat="51.262779934331775" lon="-0.13065995648503304">
        <ele>115.11</ele>
      </trkpt>
      <trkpt lat="51.262649931013584" lon="-0.13032996095716953">
        <ele>115.19</ele>
      </trkpt>
      <trkpt lat="51.262479946017265" lon="-0.12999996542930603">
        <ele>115.16</ele>
      </trkpt>
      <trkpt lat="51.26230996102095" lon="-0.1297199260443449">
        <ele>115.02</ele>
      </trkpt>
      <trkpt lat="51.26206973567605" lon="-0.12946972623467445">
        <ele>114.79</ele>
      </trkpt>
      <trkpt lat="51.26182992942631" lon="-0.12921994552016258">
        <ele>114.57</ele>
      </trkpt>
      <trkpt lat="51.26162306405604" lon="-0.1290164329111576">
        <ele>114.32</ele>
      </trkpt>
      <trkpt lat="51.261416198685765" lon="-0.12881292030215263">
        <ele>114.01</ele>
      </trkpt>
      <trkpt lat="51.261209920048714" lon="-0.12860999442636967">
        <ele>113.57</ele>
      </trkpt>
      <trkpt lat="51.26111998222768" lon="-0.12857998721301556">
        <ele>113.09</ele>
      </trkpt>
      <trkpt lat="51.26087992452085" lon="-0.12829994782805443">
        <ele>112.5</ele>
      </trkpt>
      <trkpt lat="51.26061991788447" lon="-0.12810993008315563">
        <ele>111.83</ele>
      </trkpt>
      <trkpt lat="51.2604299839586" lon="-0.12791999615728855">
        <ele>111.07</ele>
      </trkpt>
      <trkpt lat="51.26024968922138" lon="-0.12759938836097717">
        <ele>110.25</ele>
      </trkpt>
      <trkpt lat="51.260069981217384" lon="-0.1272799540311098">
        <ele>109.41</ele>
      </trkpt>
      <trkpt lat="51.25986998900771" lon="-0.12707996182143688">
        <ele>108.56</ele>
      </trkpt>
      <trkpt lat="51.25978994183242" lon="-0.1270299218595028">
        <ele>107.7</ele>
      </trkpt>
      <trkpt lat="51.25949481502175" lon="-0.12687485665082932">
        <ele>106.78</ele>
      </trkpt>
      <trkpt lat="51.25919993966818" lon="-0.12671995908021927">
        <ele>105.79</ele>
      </trkpt>
      <trkpt lat="51.25899315811694" lon="-0.1265932247042656">
        <ele>104.79</ele>
      </trkpt>
      <trkpt lat="51.258786376565695" lon="-0.12646649032831192">
        <ele>103.78</ele>
      </trkpt>
      <trkpt lat="51.25857993029058" lon="-0.12633992359042168">
        <ele>102.74</ele>
      </trkpt>
      <trkpt lat="51.25846995972097" lon="-0.12624998576939106">
        <ele>101.74</ele>
      </trkpt>
      <trkpt lat="51.258314894512296" lon="-0.12616490945219994">
        <ele>100.73</ele>
      </trkpt>
      <trkpt lat="51.258159996941686" lon="-0.12607991695404053">
        <ele>99.68</ele>
      </trkpt>
      <trkpt lat="51.2580799497664" lon="-0.12607991695404053">
        <ele>98.68</ele>
      </trkpt>
      <trkpt lat="51.25801993533969" lon="-0.12610992416739464">
        <ele>97.7</ele>
      </trkpt>
      <trkpt lat="51.25791993923485" lon="-0.12621997855603695">
        <ele>96.7</ele>
      </trkpt>
      <trkpt lat="51.257749954238534" lon="-0.12616993859410286">
        <ele>95.67</ele>
      </trkpt>
      <trkpt lat="51.25771994702518" lon="-0.12656992301344872">
        <ele>94.78</ele>
      </trkpt>
      <trkpt lat="51.257689939811826" lon="-0.12655994854867458">
        <ele>93.93</ele>
      </trkpt>
      <trkpt lat="51.2575497943908" lon="-0.12636465020477772">
        <ele>93.1</ele>
      </trkpt>
      <trkpt lat="51.257409984245896" lon="-0.12616993859410286">
        <ele>92.34</ele>
      </trkpt>
      <trkpt lat="51.257259948179126" lon="-0.12605996802449226">
        <ele>91.66</ele>
      </trkpt>
      <trkpt lat="51.25704998150468" lon="-0.12591999024152756">
        <ele>91.01</ele>
      </trkpt>
      <trkpt lat="51.25677991658449" lon="-0.1259899791330099">
        <ele>90.35</ele>
      </trkpt>
      <trkpt lat="51.256594927981496" lon="-0.12599492445588112">
        <ele>89.83</ele>
      </trkpt>
      <trkpt lat="51.2564099393785" lon="-0.12599995359778404">
        <ele>89.45</ele>
      </trkpt>
      <trkpt lat="51.25619997270405" lon="-0.12602996081113815">
        <ele>89.11</ele>
      </trkpt>
      <trkpt lat="51.25608991831541" lon="-0.12602996081113815">
        <ele>88.83</ele>
      </trkpt>
      <trkpt lat="51.25579487532377" lon="-0.12591990642249584">
        <ele>88.62</ele>
      </trkpt>
      <trkpt lat="51.2554999999702" lon="-0.12580993585288525">
        <ele>88.47</ele>
      </trkpt>
      <trkpt lat="51.25536999665201" lon="-0.12580993585288525">
        <ele>88.38</ele>
      </trkpt>
      <trkpt lat="51.2551648914814" lon="-0.12588000856339931">
        <ele>88.36</ele>
      </trkpt>
      <trkpt lat="51.254959953948855" lon="-0.12594999745488167">
        <ele>88.41</ele>
      </trkpt>
      <trkpt lat="51.2547399289906" lon="-0.12588989920914173">
        <ele>88.51</ele>
      </trkpt>
      <trkpt lat="51.25451998785138" lon="-0.12582996860146523">
        <ele>88.66</ele>
      </trkpt>
      <trkpt lat="51.254379926249385" lon="-0.12569996528327465">
        <ele>88.87</ele>
      </trkpt>
      <trkpt lat="51.25423961319029" lon="-0.12525890953838825">
        <ele>89.24</ele>
      </trkpt>
      <trkpt lat="51.254099970683455" lon="-0.12481994926929474">
        <ele>89.62</ele>
      </trkpt>
      <trkpt lat="51.253959657624364" lon="-0.12437889352440834">
        <ele>90.13</ele>
      </trkpt>
      <trkpt lat="51.253819931298494" lon="-0.12393993325531483">
        <ele>90.71</ele>
      </trkpt>
      <trkpt lat="51.253634775057435" lon="-0.12377983890473843">
        <ele>91.23</ele>
      </trkpt>
      <trkpt lat="51.2534499540925" lon="-0.12361999601125717">
        <ele>91.75</ele>
      </trkpt>
      <trkpt lat="51.253216518089175" lon="-0.12346652336418629">
        <ele>92.36</ele>
      </trkpt>
      <trkpt lat="51.252982998266816" lon="-0.12331313453614712">
        <ele>92.95</ele>
      </trkpt>
      <trkpt lat="51.25274998135865" lon="-0.1231599971652031">
        <ele>93.6</ele>
      </trkpt>
      <trkpt lat="51.25252207741141" lon="-0.12301214039325714">
        <ele>94.19</ele>
      </trkpt>
      <trkpt lat="51.25229417346418" lon="-0.12286419980227947">
        <ele>94.82</ele>
      </trkpt>
      <trkpt lat="51.2520666886121" lon="-0.12271667830646038">
        <ele>95.42</ele>
      </trkpt>
      <trkpt lat="51.25183870084584" lon="-0.12256873771548271">
        <ele>96.06</ele>
      </trkpt>
      <trkpt lat="51.2516107968986" lon="-0.12242088094353676">
        <ele>96.6</ele>
      </trkpt>
      <trkpt lat="51.251383228227496" lon="-0.12227327562868595">
        <ele>97.13</ele>
      </trkpt>
      <trkpt lat="51.25115532428026" lon="-0.12212541885674">
        <ele>97.67</ele>
      </trkpt>
      <trkpt lat="51.25092742033303" lon="-0.12197756208479404">
        <ele>98.29</ele>
      </trkpt>
      <trkpt lat="51.25069993548095" lon="-0.12182995676994324">
        <ele>98.82</ele>
      </trkpt>
      <trkpt lat="51.25052492134273" lon="-0.12175996787846088">
        <ele>99.27</ele>
      </trkpt>
      <trkpt lat="51.25034999102354" lon="-0.12168997898697853">
        <ele>99.67</ele>
      </trkpt>
      <trkpt lat="51.25006995163858" lon="-0.12168997898697853">
        <ele>100.0</ele>
      </trkpt>
      <trkpt lat="51.24984992668033" lon="-0.12175996787846088">
        <ele>100.31</ele>
      </trkpt>
      <trkpt lat="51.24966996721923" lon="-0.12156995013356209">
        <ele>100.73</ele>
      </trkpt>
      <trkpt lat="51.24942999333143" lon="-0.12154991738498211">
        <ele>101.09</ele>
      </trkpt>
      <trkpt lat="51.249199910089374" lon="-0.12156492099165916">
        <ele>101.41</ele>
      </trkpt>
      <trkpt lat="51.24896999448538" lon="-0.12157992459833622">
        <ele>101.74</ele>
      </trkpt>
      <trkpt lat="51.24883999116719" lon="-0.12151999399065971">
        <ele>102.06</ele>
      </trkpt>
      <trkpt lat="51.2488048709929" lon="-0.12103359214961529">
        <ele>102.41</ele>
      </trkpt>
      <trkpt lat="51.248769918456674" lon="-0.12054995633661747">
        <ele>102.79</ele>
      </trkpt>
      <trkpt lat="51.24877997674048" lon="-0.12026991695165634">
        <ele>103.05</ele>
      </trkpt>
      <trkpt lat="51.248850133270025" lon="-0.12001435272395611">
        <ele>103.24</ele>
      </trkpt>
      <trkpt lat="51.248919954523444" lon="-0.11975996196269989">
        <ele>103.32</ele>
      </trkpt>
      <trkpt lat="51.24902690760791" lon="-0.11944589205086231">
        <ele>103.31</ele>
      </trkpt>
      <trkpt lat="51.24913377687335" lon="-0.11913190595805645">
        <ele>103.24</ele>
      </trkpt>
      <trkpt lat="51.24923997558653" lon="-0.11881993152201176">
        <ele>103.19</ele>
      </trkpt>
      <trkpt lat="51.249340223148465" lon="-0.11842229403555393">
        <ele>103.15</ele>
      </trkpt>
      <trkpt lat="51.2494404707104" lon="-0.11802465654909611">
        <ele>103.09</ele>
      </trkpt>
      <trkpt lat="51.24953996390104" lon="-0.11762995272874832">
        <ele>102.93</ele>
      </trkpt>
      <trkpt lat="51.24970994889736" lon="-0.11738997884094715">
        <ele>102.81</ele>
      </trkpt>
      <trkpt lat="51.24978999607265" lon="-0.11724991723895073">
        <ele>102.7</ele>
      </trkpt>
      <trkpt lat="51.249889992177486" lon="-0.11699996888637543">
        <ele>102.57</ele>
      </trkpt>
      <trkpt lat="51.249929973855615" lon="-0.11667994782328606">
        <ele>102.46</ele>
      </trkpt>
      <trkpt lat="51.24996995553374" lon="-0.11655991896986961">
        <ele>102.4</ele>
      </trkpt>
      <trkpt lat="51.24976719729602" lon="-0.11632966808974743">
        <ele>102.41</ele>
      </trkpt>
      <trkpt lat="51.249564941972494" lon="-0.11609992012381554">
        <ele>102.4</ele>
      </trkpt>
      <trkpt lat="51.249362267553806" lon="-0.11586966924369335">
        <ele>102.48</ele>
      </trkpt>
      <trkpt lat="51.249159928411245" lon="-0.11563992127776146">
        <ele>102.55</ele>
      </trkpt>
      <trkpt lat="51.24895968474448" lon="-0.11537463404238224">
        <ele>102.63</ele>
      </trkpt>
      <trkpt lat="51.2487599439919" lon="-0.11510993354022503">
        <ele>102.74</ele>
      </trkpt>
      <trkpt lat="51.24884996563196" lon="-0.11488999240100384">
        <ele>102.72</ele>
      </trkpt>
      <trkpt lat="51.24892263673246" lon="-0.11441364884376526">
        <ele>102.72</ele>
      </trkpt>
      <trkpt lat="51.24899497255683" lon="-0.11393998749554157">
        <ele>102.7</ele>
      </trkpt>
      <trkpt lat="51.24906764365733" lon="-0.113463643938303">
        <ele>102.76</ele>
      </trkpt>
      <trkpt lat="51.2491399794817" lon="-0.11298998259007931">
        <ele>102.98</ele>
      </trkpt>
      <trkpt lat="51.249166717752814" lon="-0.11263224296271801">
        <ele>103.34</ele>
      </trkpt>
      <trkpt lat="51.24919345602393" lon="-0.11227458715438843">
        <ele>103.79</ele>
      </trkpt>
      <trkpt lat="51.249219942837954" lon="-0.1119199488312006">
        <ele>104.24</ele>
      </trkpt>
      <trkpt lat="51.249260092154145" lon="-0.11156732216477394">
        <ele>104.74</ele>
      </trkpt>
      <trkpt lat="51.249300157651305" lon="-0.11121469549834728">
        <ele>105.23</ele>
      </trkpt>
      <trkpt lat="51.24933997169137" lon="-0.11086491867899895">
        <ele>105.8</ele>
      </trkpt>
      <trkpt lat="51.24938003718853" lon="-0.11051229201257229">
        <ele>106.4</ele>
      </trkpt>
      <trkpt lat="51.24942018650472" lon="-0.11015966534614563">
        <ele>107.04</ele>
      </trkpt>
      <trkpt lat="51.249459916725755" lon="-0.10980997234582901">
        <ele>107.74</ele>
      </trkpt>
      <trkpt lat="51.249480033293366" lon="-0.10935869067907333">
        <ele>108.55</ele>
      </trkpt>
      <trkpt lat="51.249499982222915" lon="-0.10890992358326912">
        <ele>109.4</ele>
      </trkpt>
      <trkpt lat="51.24946989119053" lon="-0.10842855088412762">
        <ele>110.42</ele>
      </trkpt>
      <trkpt lat="51.24943996779621" lon="-0.10794994421303272">
        <ele>111.38</ele>
      </trkpt>
      <trkpt lat="51.24941993504763" lon="-0.10780996643006802">
        <ele>112.32</ele>
      </trkpt>
      <trkpt lat="51.249179877340794" lon="-0.10782161727547646">
        <ele>113.39</ele>
      </trkpt>
      <trkpt lat="51.24893981963396" lon="-0.1078332681208849">
        <ele>114.48</ele>
      </trkpt>
      <trkpt lat="51.24869992956519" lon="-0.10784491896629333">
        <ele>115.55</ele>
      </trkpt>
      <trkpt lat="51.24845987185836" lon="-0.10785665363073349">
        <ele>116.48</ele>
      </trkpt>
      <trkpt lat="51.248219814151525" lon="-0.10786830447614193">
        <ele>117.3</ele>
      </trkpt>
      <trkpt lat="51.247979924082756" lon="-0.10787995532155037">
        <ele>118.04</ele>
      </trkpt>
      <trkpt lat="51.247699884697795" lon="-0.1079699769616127">
        <ele>118.82</ele>
      </trkpt>
      <trkpt lat="51.247419929131866" lon="-0.10805999860167503">
        <ele>119.69</ele>
      </trkpt>
      <trkpt lat="51.247139973565936" lon="-0.10808992199599743">
        <ele>120.51</ele>
      </trkpt>
      <trkpt lat="51.24693972989917" lon="-0.10788305662572384">
        <ele>121.17</ele>
      </trkpt>
      <trkpt lat="51.24673957005143" lon="-0.10767619125545025">
        <ele>121.8</ele>
      </trkpt>
      <trkpt lat="51.24653999693692" lon="-0.10746999643743038">
        <ele>122.39</ele>
      </trkpt>
      <trkpt lat="51.24648995697498" lon="-0.10743998922407627">
        <ele>122.98</ele>
      </trkpt>
      <trkpt lat="51.246449975296855" lon="-0.1073099859058857">
        <ele>123.51</ele>
      </trkpt>
      <trkpt lat="51.246306309476495" lon="-0.10690237395465374">
        <ele>124.02</ele>
      </trkpt>
      <trkpt lat="51.246162643656135" lon="-0.10649476200342178">
        <ele>124.53</ele>
      </trkpt>
      <trkpt lat="51.246019983664155" lon="-0.10608999989926815">
        <ele>125.05</ele>
      </trkpt>
      <trkpt lat="51.246109921485186" lon="-0.10579998604953289">
        <ele>125.45</ele>
      </trkpt>
      <trkpt lat="51.24589987099171" lon="-0.1057499460875988">
        <ele>125.9</ele>
      </trkpt>
      <trkpt lat="51.24568998813629" lon="-0.10569998994469643">
        <ele>126.26</ele>
      </trkpt>
      <trkpt lat="51.24566987156868" lon="-0.10531886480748653">
        <ele>126.58</ele>
      </trkpt>
      <trkpt lat="51.24564992263913" lon="-0.10493991896510124">
        <ele>126.82</ele>
      </trkpt>
      <trkpt lat="51.24558479525149" lon="-0.10447363369166851">
        <ele>127.04</ele>
      </trkpt>
      <trkpt lat="51.24551991932094" lon="-0.10400994680821896">
        <ele>127.24</ele>
      </trkpt>
      <trkpt lat="51.2454547919333" lon="-0.10354366153478622">
        <ele>127.42</ele>
      </trkpt>
      <trkpt lat="51.24538999982178" lon="-0.10307997465133667">
        <ele>127.43</ele>
      </trkpt>
      <trkpt lat="51.24515966512263" lon="-0.10274947620928288">
        <ele>127.62</ele>
      </trkpt>
      <trkpt lat="51.244929917156696" lon="-0.10241998359560966">
        <ele>127.72</ele>
      </trkpt>
      <trkpt lat="51.244699666276574" lon="-0.10208948515355587">
        <ele>127.94</ele>
      </trkpt>
      <trkpt lat="51.24446991831064" lon="-0.10175999253988266">
        <ele>128.22</ele>
      </trkpt>
      <trkpt lat="51.24430999159813" lon="-0.10168991982936859">
        <ele>128.7</ele>
      </trkpt>
      <trkpt lat="51.244119722396135" lon="-0.10146972723305225">
        <ele>129.2</ele>
      </trkpt>
      <trkpt lat="51.24392995610833" lon="-0.1012499537318945">
        <ele>129.81</ele>
      </trkpt>
      <trkpt lat="51.24383993446827" lon="-0.10118993930518627">
        <ele>130.42</ele>
      </trkpt>
      <trkpt lat="51.24361471273005" lon="-0.10095968842506409">
        <ele>131.15</ele>
      </trkpt>
      <trkpt lat="51.24338999390602" lon="-0.1007299404591322">
        <ele>131.84</ele>
      </trkpt>
      <trkpt lat="51.24321992509067" lon="-0.10046993382275105">
        <ele>132.36</ele>
      </trkpt>
      <trkpt lat="51.243159994482994" lon="-0.10034998878836632">
        <ele>132.85</ele>
      </trkpt>
      <trkpt lat="51.24312998726964" lon="-0.10018997825682163">
        <ele>133.34</ele>
      </trkpt>
      <trkpt lat="51.24310995452106" lon="-0.09988998994231224">
        <ele>133.76</ele>
      </trkpt>
      <trkpt lat="51.24303996562958" lon="-0.09959997609257698">
        <ele>134.2</ele>
      </trkpt>
      <trkpt lat="51.24287995509803" lon="-0.09963995777070522">
        <ele>134.77</ele>
      </trkpt>
      <trkpt lat="51.24269999563694" lon="-0.09959997609257698">
        <ele>135.31</ele>
      </trkpt>
      <trkpt lat="51.24261994846165" lon="-0.09959997609257698">
        <ele>135.76</ele>
      </trkpt>
      <trkpt lat="51.2425899412483" lon="-0.09945999830961227">
        <ele>136.19</ele>
      </trkpt>
      <trkpt lat="51.2425899412483" lon="-0.09910997003316879">
        <ele>136.63</ele>
      </trkpt>
      <trkpt lat="51.242499919608235" lon="-0.09910997003316879">
        <ele>137.26</ele>
      </trkpt>
      <trkpt lat="51.24231996014714" lon="-0.09917995892465115">
        <ele>137.95</ele>
      </trkpt>
      <trkpt lat="51.24219967983663" lon="-0.09890939109027386">
        <ele>138.51</ele>
      </trkpt>
      <trkpt lat="51.24207998625934" lon="-0.09863999672234058">
        <ele>139.17</ele>
      </trkpt>
      <trkpt lat="51.24198996461928" lon="-0.09869992733001709">
        <ele>139.79</ele>
      </trkpt>
      <trkpt lat="51.24180489219725" lon="-0.09879497811198235">
        <ele>140.42</ele>
      </trkpt>
      <trkpt lat="51.24161998741329" lon="-0.09888994507491589">
        <ele>140.94</ele>
      </trkpt>
      <trkpt lat="51.241379929706454" lon="-0.09888994507491589">
        <ele>141.2</ele>
      </trkpt>
      <trkpt lat="51.24119997024536" lon="-0.09889991953969002">
        <ele>141.36</ele>
      </trkpt>
      <trkpt lat="51.24106996692717" lon="-0.09893998503684998">
        <ele>141.49</ele>
      </trkpt>
      <trkpt lat="51.24088481068611" lon="-0.09907501749694347">
        <ele>141.68</ele>
      </trkpt>
      <trkpt lat="51.24069998972118" lon="-0.09920996613800526">
        <ele>141.81</ele>
      </trkpt>
      <trkpt lat="51.240649949759245" lon="-0.09921994060277939">
        <ele>141.92</ele>
      </trkpt>
    </trkseg>
  </trk>
</gpx>
